method,preproc,dosage,split,seed,level,AUC,AUPR,Acc,BalAcc,F1,Sens,Spec,PPV,NPV,MCC,TP,FP,TN,FN,ECE,n,collapsed
Zero-Shot,clahe,0,0,0,slice,0.7603550295857988,0.7207564214037314,0.6538461538461539,0.6538461538461539,0.5714285714285714,0.46153846153846156,0.8461538461538461,0.75,0.6111111111111112,0.3333333333333333,18,6,33,21,,78,0
Zero-Shot,clahe,0,0,0,patient,0.625,0.7678571428571428,0.75,0.75,0.6666666666666666,0.5,1.0,1.0,0.6666666666666666,0.5773502691896258,2,0,4,2,,8,0
Tip-Adapter,clahe,0,0,0,slice,0.7580539119000658,0.7179389408619892,0.6153846153846154,0.6153846153846154,0.53125,0.4358974358974359,0.7948717948717948,0.68,0.5849056603773585,0.24724901510764022,17,8,31,22,,78,0
Tip-Adapter,clahe,0,0,0,patient,0.625,0.7678571428571428,0.75,0.75,0.6666666666666666,0.5,1.0,1.0,0.6666666666666666,0.5773502691896258,2,0,4,2,,8,0
Tip-Adapter-F,clahe,0,0,42,slice,0.7603550295857988,0.7200236329123221,0.6794871794871795,0.6794871794871795,0.6153846153846154,0.5128205128205128,0.8461538461538461,0.7692307692307693,0.6346153846153846,0.3807498052542948,20,6,33,19,,78,0
Tip-Adapter-F,clahe,0,0,42,patient,0.625,0.7678571428571428,0.75,0.75,0.6666666666666666,0.5,1.0,1.0,0.6666666666666666,0.5773502691896258,2,0,4,2,,8,0
Tip-Adapter-F,clahe,0,0,100,slice,0.7603550295857988,0.7200236329123221,0.6794871794871795,0.6794871794871795,0.6153846153846154,0.5128205128205128,0.8461538461538461,0.7692307692307693,0.6346153846153846,0.3807498052542948,20,6,33,19,,78,0
Tip-Adapter-F,clahe,0,0,100,patient,0.625,0.7678571428571428,0.75,0.75,0.6666666666666666,0.5,1.0,1.0,0.6666666666666666,0.5773502691896258,2,0,4,2,,8,0
Tip-Adapter-F,clahe,0,0,2024,slice,0.7603550295857988,0.7200236329123221,0.6794871794871795,0.6794871794871795,0.6153846153846154,0.5128205128205128,0.8461538461538461,0.7692307692307693,0.6346153846153846,0.3807498052542948,20,6,33,19,,78,0
Tip-Adapter-F,clahe,0,0,2024,patient,0.625,0.7678571428571428,0.75,0.75,0.6666666666666666,0.5,1.0,1.0,0.6666666666666666,0.5773502691896258,2,0,4,2,,8,0
Tip-Adapter-F,clahe,0,0,777,slice,0.7603550295857988,0.7200236329123221,0.6794871794871795,0.6794871794871795,0.6153846153846154,0.5128205128205128,0.8461538461538461,0.7692307692307693,0.6346153846153846,0.3807498052542948,20,6,33,19,,78,0
Tip-Adapter-F,clahe,0,0,777,patient,0.625,0.7678571428571428,0.75,0.75,0.6666666666666666,0.5,1.0,1.0,0.6666666666666666,0.5773502691896258,2,0,4,2,,8,0
Tip-Adapter-F,clahe,0,0,999,slice,0.7603550295857988,0.7200236329123221,0.6794871794871795,0.6794871794871795,0.6153846153846154,0.5128205128205128,0.8461538461538461,0.7692307692307693,0.6346153846153846,0.3807498052542948,20,6,33,19,,78,0
Tip-Adapter-F,clahe,0,0,999,patient,0.625,0.7678571428571428,0.75,0.75,0.6666666666666666,0.5,1.0,1.0,0.6666666666666666,0.5773502691896258,2,0,4,2,,8,0
Tip-Adapter-F+SAM,clahe,0,0,42,slice,0.7639710716633794,0.7212518497912465,0.6153846153846154,0.6153846153846154,0.5161290322580645,0.41025641025641024,0.8205128205128205,0.6956521739130435,0.5818181818181818,0.25304470070199,16,7,32,23,,78,0
Tip-Adapter-F+SAM,clahe,0,0,42,patient,0.625,0.7678571428571428,0.75,0.75,0.6666666666666666,0.5,1.0,1.0,0.6666666666666666,0.5773502691896258,2,0,4,2,,8,0
Tip-Adapter-F+SAM,clahe,0,0,100,slice,0.7639710716633794,0.7212518497912465,0.6153846153846154,0.6153846153846154,0.5161290322580645,0.41025641025641024,0.8205128205128205,0.6956521739130435,0.5818181818181818,0.25304470070199,16,7,32,23,,78,0
Tip-Adapter-F+SAM,clahe,0,0,100,patient,0.625,0.7678571428571428,0.75,0.75,0.6666666666666666,0.5,1.0,1.0,0.6666666666666666,0.5773502691896258,2,0,4,2,,8,0
Tip-Adapter-F+SAM,clahe,0,0,2024,slice,0.7639710716633794,0.7212518497912465,0.6153846153846154,0.6153846153846154,0.5161290322580645,0.41025641025641024,0.8205128205128205,0.6956521739130435,0.5818181818181818,0.25304470070199,16,7,32,23,,78,0
Tip-Adapter-F+SAM,clahe,0,0,2024,patient,0.625,0.7678571428571428,0.75,0.75,0.6666666666666666,0.5,1.0,1.0,0.6666666666666666,0.5773502691896258,2,0,4,2,,8,0
Tip-Adapter-F+SAM,clahe,0,0,777,slice,0.7639710716633794,0.7212518497912465,0.6153846153846154,0.6153846153846154,0.5161290322580645,0.41025641025641024,0.8205128205128205,0.6956521739130435,0.5818181818181818,0.25304470070199,16,7,32,23,,78,0
Tip-Adapter-F+SAM,clahe,0,0,777,patient,0.625,0.7678571428571428,0.75,0.75,0.6666666666666666,0.5,1.0,1.0,0.6666666666666666,0.5773502691896258,2,0,4,2,,8,0
Tip-Adapter-F+SAM,clahe,0,0,999,slice,0.7639710716633794,0.7212518497912465,0.6153846153846154,0.6153846153846154,0.5161290322580645,0.41025641025641024,0.8205128205128205,0.6956521739130435,0.5818181818181818,0.25304470070199,16,7,32,23,,78,0
Tip-Adapter-F+SAM,clahe,0,0,999,patient,0.625,0.7678571428571428,0.75,0.75,0.6666666666666666,0.5,1.0,1.0,0.6666666666666666,0.5773502691896258,2,0,4,2,,8,0
CLIP-Adapter,clahe,0,0,42,slice,0.7725180802103879,0.7274908115147204,0.6282051282051282,0.6282051282051282,0.5538461538461539,0.46153846153846156,0.7948717948717948,0.6923076923076923,0.5961538461538461,0.27196414661021057,18,8,31,21,,78,0
CLIP-Adapter,clahe,0,0,42,patient,0.75,0.8303571428571428,0.75,0.75,0.6666666666666666,0.5,1.0,1.0,0.6666666666666666,0.5773502691896258,2,0,4,2,,8,0
CLIP-Adapter,clahe,0,0,100,slice,0.7669296515450361,0.7209977696443222,0.6410256410256411,0.641025641025641,0.5625,0.46153846153846156,0.8205128205128205,0.72,0.6037735849056604,0.30219324068711584,18,7,32,21,,78,0
CLIP-Adapter,clahe,0,0,100,patient,0.625,0.7678571428571428,0.75,0.75,0.6666666666666666,0.5,1.0,1.0,0.6666666666666666,0.5773502691896258,2,0,4,2,,8,0
CLIP-Adapter,clahe,0,0,2024,slice,0.7692307692307693,0.7162548211645879,0.6025641025641025,0.6025641025641025,0.5079365079365079,0.41025641025641024,0.7948717948717948,0.6666666666666666,0.5740740740740741,0.2222222222222222,16,8,31,23,,78,0
CLIP-Adapter,clahe,0,0,2024,patient,0.625,0.7678571428571428,0.75,0.75,0.6666666666666666,0.5,1.0,1.0,0.6666666666666666,0.5773502691896258,2,0,4,2,,8,0
CLIP-Adapter,clahe,0,0,777,slice,0.7652859960552268,0.7132912799307675,0.6282051282051282,0.6282051282051282,0.5538461538461539,0.46153846153846156,0.7948717948717948,0.6923076923076923,0.5961538461538461,0.27196414661021057,18,8,31,21,,78,0
CLIP-Adapter,clahe,0,0,777,patient,0.625,0.7678571428571428,0.75,0.75,0.6666666666666666,0.5,1.0,1.0,0.6666666666666666,0.5773502691896258,2,0,4,2,,8,0
CLIP-Adapter,clahe,0,0,999,slice,0.7751479289940828,0.7229468426433957,0.6153846153846154,0.6153846153846154,0.5161290322580645,0.41025641025641024,0.8205128205128205,0.6956521739130435,0.5818181818181818,0.25304470070199,16,7,32,23,,78,0
CLIP-Adapter,clahe,0,0,999,patient,0.625,0.7678571428571428,0.75,0.75,0.6666666666666666,0.5,1.0,1.0,0.6666666666666666,0.5773502691896258,2,0,4,2,,8,0
CoOp,clahe,0,0,42,slice,0.7909270216962525,0.7294751355326388,0.6282051282051282,0.6282051282051282,0.5245901639344263,0.41025641025641024,0.8461538461538461,0.7272727272727273,0.5892857142857143,0.2849014411490949,16,6,33,23,,78,0
CoOp,clahe,0,0,42,patient,0.625,0.7678571428571428,0.75,0.75,0.6666666666666666,0.5,1.0,1.0,0.6666666666666666,0.5773502691896258,2,0,4,2,,8,0
CoOp,clahe,0,0,100,slice,0.7462195923734385,0.7025359221350984,0.6282051282051282,0.6282051282051282,0.5538461538461539,0.46153846153846156,0.7948717948717948,0.6923076923076923,0.5961538461538461,0.27196414661021057,18,8,31,21,,78,0
CoOp,clahe,0,0,100,patient,0.625,0.7678571428571428,0.75,0.75,0.6666666666666666,0.5,1.0,1.0,0.6666666666666666,0.5773502691896258,2,0,4,2,,8,0
CoOp,clahe,0,0,2024,slice,0.7593688362919132,0.7182423263256243,0.6282051282051282,0.6282051282051282,0.5538461538461539,0.46153846153846156,0.7948717948717948,0.6923076923076923,0.5961538461538461,0.27196414661021057,18,8,31,21,,78,0
CoOp,clahe,0,0,2024,patient,0.625,0.7678571428571428,0.75,0.75,0.6666666666666666,0.5,1.0,1.0,0.6666666666666666,0.5773502691896258,2,0,4,2,,8,0
CoOp,clahe,0,0,777,slice,0.7084155161078238,0.6772702844978092,0.6025641025641025,0.6025641025641026,0.5373134328358209,0.46153846153846156,0.7435897435897436,0.6428571428571429,0.58,0.2138089935299395,18,10,29,21,,78,0
CoOp,clahe,0,0,777,patient,0.625,0.7678571428571428,0.75,0.75,0.6666666666666666,0.5,1.0,1.0,0.6666666666666666,0.5773502691896258,2,0,4,2,,8,0
Nearest Centroid,clahe,0,0,0,slice,0.7514792899408284,0.7061275789709622,0.6282051282051282,0.6282051282051282,0.5538461538461539,0.46153846153846156,0.7948717948717948,0.6923076923076923,0.5961538461538461,0.27196414661021057,18,8,31,21,,78,0
Nearest Centroid,clahe,0,0,0,patient,0.625,0.7678571428571428,0.75,0.75,0.6666666666666666,0.5,1.0,1.0,0.6666666666666666,0.5773502691896258,2,0,4,2,,8,0
CoOp,clahe,0,0,999,slice,0.7455621301775148,0.7017518596697653,0.6153846153846154,0.6153846153846154,0.5161290322580645,0.41025641025641024,0.8205128205128205,0.6956521739130435,0.5818181818181818,0.25304470070199,16,7,32,23,,78,0
CoOp,clahe,0,0,999,patient,0.625,0.7678571428571428,0.75,0.75,0.6666666666666666,0.5,1.0,1.0,0.6666666666666666,0.5773502691896258,2,0,4,2,,8,0
Proto-Adapter,clahe,0,0,42,slice,0.7495069033530573,0.7034605612940874,0.6410256410256411,0.641025641025641,0.5757575757575758,0.48717948717948717,0.7948717948717948,0.7037037037037037,0.6078431372549019,0.2964324305999625,19,8,31,20,,78,0
Proto-Adapter,clahe,0,0,42,patient,0.625,0.7678571428571428,0.75,0.75,0.6666666666666666,0.5,1.0,1.0,0.6666666666666666,0.5773502691896258,2,0,4,2,,8,0
Proto-Adapter,clahe,0,0,100,slice,0.7495069033530573,0.7034605612940874,0.6410256410256411,0.641025641025641,0.5757575757575758,0.48717948717948717,0.7948717948717948,0.7037037037037037,0.6078431372549019,0.2964324305999625,19,8,31,20,,78,0
Proto-Adapter,clahe,0,0,100,patient,0.625,0.7678571428571428,0.75,0.75,0.6666666666666666,0.5,1.0,1.0,0.6666666666666666,0.5773502691896258,2,0,4,2,,8,0
Proto-Adapter,clahe,0,0,2024,slice,0.7495069033530573,0.7034605612940874,0.6410256410256411,0.641025641025641,0.5757575757575758,0.48717948717948717,0.7948717948717948,0.7037037037037037,0.6078431372549019,0.2964324305999625,19,8,31,20,,78,0
Proto-Adapter,clahe,0,0,2024,patient,0.625,0.7678571428571428,0.75,0.75,0.6666666666666666,0.5,1.0,1.0,0.6666666666666666,0.5773502691896258,2,0,4,2,,8,0
Proto-Adapter,clahe,0,0,777,slice,0.7495069033530573,0.7034605612940874,0.6410256410256411,0.641025641025641,0.5757575757575758,0.48717948717948717,0.7948717948717948,0.7037037037037037,0.6078431372549019,0.2964324305999625,19,8,31,20,,78,0
Proto-Adapter,clahe,0,0,777,patient,0.625,0.7678571428571428,0.75,0.75,0.6666666666666666,0.5,1.0,1.0,0.6666666666666666,0.5773502691896258,2,0,4,2,,8,0
TaskRes,clahe,0,0,42,slice,0.7613412228796844,0.7203513645070003,0.6282051282051282,0.6282051282051282,0.5396825396825397,0.4358974358974359,0.8205128205128205,0.7083333333333334,0.5925925925925926,0.2777777777777778,17,7,32,22,,78,0
TaskRes,clahe,0,0,42,patient,0.625,0.7678571428571428,0.75,0.75,0.6666666666666666,0.5,1.0,1.0,0.6666666666666666,0.5773502691896258,2,0,4,2,,8,0
Proto-Adapter,clahe,0,0,999,slice,0.7495069033530573,0.7034605612940874,0.6410256410256411,0.641025641025641,0.5757575757575758,0.48717948717948717,0.7948717948717948,0.7037037037037037,0.6078431372549019,0.2964324305999625,19,8,31,20,,78,0
Proto-Adapter,clahe,0,0,999,patient,0.625,0.7678571428571428,0.75,0.75,0.6666666666666666,0.5,1.0,1.0,0.6666666666666666,0.5773502691896258,2,0,4,2,,8,0
TaskRes,clahe,0,0,100,slice,0.7613412228796844,0.7203513645070003,0.6282051282051282,0.6282051282051282,0.5396825396825397,0.4358974358974359,0.8205128205128205,0.7083333333333334,0.5925925925925926,0.2777777777777778,17,7,32,22,,78,0
TaskRes,clahe,0,0,100,patient,0.625,0.7678571428571428,0.75,0.75,0.6666666666666666,0.5,1.0,1.0,0.6666666666666666,0.5773502691896258,2,0,4,2,,8,0
TaskRes,clahe,0,0,2024,slice,0.7613412228796844,0.7203513645070003,0.6282051282051282,0.6282051282051282,0.5396825396825397,0.4358974358974359,0.8205128205128205,0.7083333333333334,0.5925925925925926,0.2777777777777778,17,7,32,22,,78,0
TaskRes,clahe,0,0,2024,patient,0.625,0.7678571428571428,0.75,0.75,0.6666666666666666,0.5,1.0,1.0,0.6666666666666666,0.5773502691896258,2,0,4,2,,8,0
TaskRes,clahe,0,0,999,slice,0.7613412228796844,0.7203513645070003,0.6282051282051282,0.6282051282051282,0.5396825396825397,0.4358974358974359,0.8205128205128205,0.7083333333333334,0.5925925925925926,0.2777777777777778,17,7,32,22,,78,0
TaskRes,clahe,0,0,999,patient,0.625,0.7678571428571428,0.75,0.75,0.6666666666666666,0.5,1.0,1.0,0.6666666666666666,0.5773502691896258,2,0,4,2,,8,0
TaskRes,clahe,0,0,777,slice,0.7613412228796844,0.7203513645070003,0.6282051282051282,0.6282051282051282,0.5396825396825397,0.4358974358974359,0.8205128205128205,0.7083333333333334,0.5925925925925926,0.2777777777777778,17,7,32,22,,78,0
TaskRes,clahe,0,0,777,patient,0.625,0.7678571428571428,0.75,0.75,0.6666666666666666,0.5,1.0,1.0,0.6666666666666666,0.5773502691896258,2,0,4,2,,8,0
TaskRes+SAM,clahe,0,0,42,slice,0.7606837606837606,0.7202450871930116,0.6538461538461539,0.6538461538461539,0.5846153846153846,0.48717948717948717,0.8205128205128205,0.7307692307692307,0.6153846153846154,0.3263569759322527,19,7,32,20,,78,0
TaskRes+SAM,clahe,0,0,42,patient,0.625,0.7678571428571428,0.75,0.75,0.6666666666666666,0.5,1.0,1.0,0.6666666666666666,0.5773502691896258,2,0,4,2,,8,0
TaskRes+SAM,clahe,0,0,100,slice,0.7606837606837606,0.7202450871930116,0.6538461538461539,0.6538461538461539,0.5846153846153846,0.48717948717948717,0.8205128205128205,0.7307692307692307,0.6153846153846154,0.3263569759322527,19,7,32,20,,78,0
TaskRes+SAM,clahe,0,0,100,patient,0.625,0.7678571428571428,0.75,0.75,0.6666666666666666,0.5,1.0,1.0,0.6666666666666666,0.5773502691896258,2,0,4,2,,8,0
TaskRes+SAM,clahe,0,0,2024,slice,0.7606837606837606,0.7202450871930116,0.6538461538461539,0.6538461538461539,0.5846153846153846,0.48717948717948717,0.8205128205128205,0.7307692307692307,0.6153846153846154,0.3263569759322527,19,7,32,20,,78,0
TaskRes+SAM,clahe,0,0,2024,patient,0.625,0.7678571428571428,0.75,0.75,0.6666666666666666,0.5,1.0,1.0,0.6666666666666666,0.5773502691896258,2,0,4,2,,8,0
TaskRes+SAM,clahe,0,0,777,slice,0.7606837606837606,0.7202450871930116,0.6538461538461539,0.6538461538461539,0.5846153846153846,0.48717948717948717,0.8205128205128205,0.7307692307692307,0.6153846153846154,0.3263569759322527,19,7,32,20,,78,0
TaskRes+SAM,clahe,0,0,777,patient,0.625,0.7678571428571428,0.75,0.75,0.6666666666666666,0.5,1.0,1.0,0.6666666666666666,0.5773502691896258,2,0,4,2,,8,0
TaskRes+SAM,clahe,0,0,999,slice,0.7606837606837606,0.7202450871930116,0.6538461538461539,0.6538461538461539,0.5846153846153846,0.48717948717948717,0.8205128205128205,0.7307692307692307,0.6153846153846154,0.3263569759322527,19,7,32,20,,78,0
TaskRes+SAM,clahe,0,0,999,patient,0.625,0.7678571428571428,0.75,0.75,0.6666666666666666,0.5,1.0,1.0,0.6666666666666666,0.5773502691896258,2,0,4,2,,8,0
Tip-Adapter,raw,0,0,0,slice,0.6817882971729126,0.6481425547818704,0.6410256410256411,0.641025641025641,0.6,0.5384615384615384,0.7435897435897436,0.6774193548387096,0.6170212765957447,0.28817938438423535,21,10,29,18,,78,0
Tip-Adapter,raw,0,0,0,patient,0.625,0.7678571428571428,0.625,0.625,0.5714285714285714,0.5,0.75,0.6666666666666666,0.6,0.2581988897471611,2,1,3,2,,8,0
Zero-Shot,raw,0,0,0,slice,0.6788297172912557,0.6550449783395365,0.6666666666666666,0.6666666666666666,0.6060606060606061,0.5128205128205128,0.8205128205128205,0.7407407407407407,0.6274509803921569,0.3503292361635921,20,7,32,19,,78,0
Zero-Shot,raw,0,0,0,patient,0.625,0.7678571428571428,0.625,0.625,0.5714285714285714,0.5,0.75,0.6666666666666666,0.6,0.2581988897471611,2,1,3,2,,8,0
Tip-Adapter-F,raw,0,0,42,slice,0.6771860618014465,0.6525660045368181,0.6794871794871795,0.6794871794871795,0.6268656716417911,0.5384615384615384,0.8205128205128205,0.75,0.64,0.3741657386773941,21,7,32,18,,78,0
Tip-Adapter-F,raw,0,0,42,patient,0.625,0.7678571428571428,0.625,0.625,0.5714285714285714,0.5,0.75,0.6666666666666666,0.6,0.2581988897471611,2,1,3,2,,8,0
Tip-Adapter-F,raw,0,0,100,slice,0.6771860618014465,0.6525660045368181,0.6794871794871795,0.6794871794871795,0.6268656716417911,0.5384615384615384,0.8205128205128205,0.75,0.64,0.3741657386773941,21,7,32,18,,78,0
Tip-Adapter-F,raw,0,0,100,patient,0.625,0.7678571428571428,0.625,0.625,0.5714285714285714,0.5,0.75,0.6666666666666666,0.6,0.2581988897471611,2,1,3,2,,8,0
Tip-Adapter-F,raw,0,0,2024,slice,0.6771860618014465,0.6525660045368181,0.6794871794871795,0.6794871794871795,0.6268656716417911,0.5384615384615384,0.8205128205128205,0.75,0.64,0.3741657386773941,21,7,32,18,,78,0
Tip-Adapter-F,raw,0,0,2024,patient,0.625,0.7678571428571428,0.625,0.625,0.5714285714285714,0.5,0.75,0.6666666666666666,0.6,0.2581988897471611,2,1,3,2,,8,0
Tip-Adapter-F,raw,0,0,777,slice,0.6771860618014465,0.6525660045368181,0.6794871794871795,0.6794871794871795,0.6268656716417911,0.5384615384615384,0.8205128205128205,0.75,0.64,0.3741657386773941,21,7,32,18,,78,0
Tip-Adapter-F,raw,0,0,777,patient,0.625,0.7678571428571428,0.625,0.625,0.5714285714285714,0.5,0.75,0.6666666666666666,0.6,0.2581988897471611,2,1,3,2,,8,0
Tip-Adapter-F,raw,0,0,999,slice,0.6771860618014465,0.6525660045368181,0.6794871794871795,0.6794871794871795,0.6268656716417911,0.5384615384615384,0.8205128205128205,0.75,0.64,0.3741657386773941,21,7,32,18,,78,0
Tip-Adapter-F,raw,0,0,999,patient,0.625,0.7678571428571428,0.625,0.625,0.5714285714285714,0.5,0.75,0.6666666666666666,0.6,0.2581988897471611,2,1,3,2,,8,0
Tip-Adapter-F+SAM,raw,0,0,42,slice,0.6886916502301118,0.6479712954092323,0.5769230769230769,0.5769230769230769,0.45901639344262296,0.358974358974359,0.7948717948717948,0.6363636363636364,0.5535714285714286,0.17094086468945693,14,8,31,25,,78,0
Tip-Adapter-F+SAM,raw,0,0,42,patient,0.625,0.7678571428571428,0.75,0.75,0.6666666666666666,0.5,1.0,1.0,0.6666666666666666,0.5773502691896258,2,0,4,2,,8,0
Tip-Adapter-F+SAM,raw,0,0,100,slice,0.6886916502301118,0.6479712954092323,0.5769230769230769,0.5769230769230769,0.45901639344262296,0.358974358974359,0.7948717948717948,0.6363636363636364,0.5535714285714286,0.17094086468945693,14,8,31,25,,78,0
Tip-Adapter-F+SAM,raw,0,0,100,patient,0.625,0.7678571428571428,0.75,0.75,0.6666666666666666,0.5,1.0,1.0,0.6666666666666666,0.5773502691896258,2,0,4,2,,8,0
Tip-Adapter-F+SAM,raw,0,0,2024,slice,0.6886916502301118,0.6479712954092323,0.5769230769230769,0.5769230769230769,0.45901639344262296,0.358974358974359,0.7948717948717948,0.6363636363636364,0.5535714285714286,0.17094086468945693,14,8,31,25,,78,0
Tip-Adapter-F+SAM,raw,0,0,2024,patient,0.625,0.7678571428571428,0.75,0.75,0.6666666666666666,0.5,1.0,1.0,0.6666666666666666,0.5773502691896258,2,0,4,2,,8,0
Tip-Adapter-F+SAM,raw,0,0,777,slice,0.6886916502301118,0.6479712954092323,0.5769230769230769,0.5769230769230769,0.45901639344262296,0.358974358974359,0.7948717948717948,0.6363636363636364,0.5535714285714286,0.17094086468945693,14,8,31,25,,78,0
Tip-Adapter-F+SAM,raw,0,0,777,patient,0.625,0.7678571428571428,0.75,0.75,0.6666666666666666,0.5,1.0,1.0,0.6666666666666666,0.5773502691896258,2,0,4,2,,8,0
Tip-Adapter-F+SAM,raw,0,0,999,slice,0.6886916502301118,0.6479712954092323,0.5769230769230769,0.5769230769230769,0.45901639344262296,0.358974358974359,0.7948717948717948,0.6363636363636364,0.5535714285714286,0.17094086468945693,14,8,31,25,,78,0
Tip-Adapter-F+SAM,raw,0,0,999,patient,0.625,0.7678571428571428,0.75,0.75,0.6666666666666666,0.5,1.0,1.0,0.6666666666666666,0.5773502691896258,2,0,4,2,,8,0
CLIP-Adapter,raw,0,0,42,slice,0.6758711374095989,0.6552185907670167,0.6410256410256411,0.641025641025641,0.6,0.5384615384615384,0.7435897435897436,0.6774193548387096,0.6170212765957447,0.28817938438423535,21,10,29,18,,78,0
CLIP-Adapter,raw,0,0,42,patient,0.625,0.7678571428571428,0.625,0.625,0.4,0.25,1.0,1.0,0.5714285714285714,0.3779644730092272,1,0,4,3,,8,0
CLIP-Adapter,raw,0,0,100,slice,0.6916502301117686,0.6590128202448055,0.6153846153846154,0.6153846153846154,0.4827586206896552,0.358974358974359,0.8717948717948718,0.7368421052631579,0.576271186440678,0.2688064609902745,14,5,34,25,,78,0
CLIP-Adapter,raw,0,0,100,patient,0.625,0.7678571428571428,0.75,0.75,0.6666666666666666,0.5,1.0,1.0,0.6666666666666666,0.5773502691896258,2,0,4,2,,8,0
CLIP-Adapter,raw,0,0,2024,slice,0.7140039447731755,0.6631274843355005,0.6282051282051282,0.6282051282051282,0.5915492957746479,0.5384615384615384,0.717948717948718,0.65625,0.6086956521739131,0.26064301757134345,21,11,28,18,,78,0
CLIP-Adapter,raw,0,0,2024,patient,0.625,0.7678571428571428,0.75,0.75,0.6666666666666666,0.5,1.0,1.0,0.6666666666666666,0.5773502691896258,2,0,4,2,,8,0
CLIP-Adapter,raw,0,0,777,slice,0.6972386587771203,0.6532232353111299,0.6282051282051282,0.6282051282051282,0.5671641791044776,0.48717948717948717,0.7692307692307693,0.6785714285714286,0.6,0.2672612419124244,19,9,30,20,,78,0
CLIP-Adapter,raw,0,0,777,patient,0.625,0.7678571428571428,0.625,0.625,0.5714285714285714,0.5,0.75,0.6666666666666666,0.6,0.2581988897471611,2,1,3,2,,8,0
CLIP-Adapter,raw,0,0,999,slice,0.7232084155161078,0.6782872236313245,0.5769230769230769,0.576923076923077,0.47619047619047616,0.38461538461538464,0.7692307692307693,0.625,0.5555555555555556,0.16666666666666666,15,9,30,24,,78,0
CLIP-Adapter,raw,0,0,999,patient,0.625,0.7678571428571428,0.625,0.625,0.5714285714285714,0.5,0.75,0.6666666666666666,0.6,0.2581988897471611,2,1,3,2,,8,0
CoOp,raw,0,0,42,slice,0.6443129520052597,0.632740543594652,0.6538461538461539,0.6538461538461539,0.6197183098591549,0.5641025641025641,0.7435897435897436,0.6875,0.6304347826086957,0.3127716210856122,22,10,29,17,,78,0
CoOp,raw,0,0,42,patient,0.625,0.7678571428571428,0.5,0.5,0.5,0.5,0.5,0.5,0.5,0.0,2,2,2,2,,8,0
CoOp,raw,0,0,100,slice,0.6883629191321499,0.6632650393481025,0.6410256410256411,0.641025641025641,0.5757575757575758,0.48717948717948717,0.7948717948717948,0.7037037037037037,0.6078431372549019,0.2964324305999625,19,8,31,20,,78,0
CoOp,raw,0,0,100,patient,0.625,0.7678571428571428,0.625,0.625,0.5714285714285714,0.5,0.75,0.6666666666666666,0.6,0.2581988897471611,2,1,3,2,,8,0
CoOp,raw,0,0,2024,slice,0.6913214990138067,0.6545028485745374,0.6538461538461539,0.6538461538461539,0.6086956521739131,0.5384615384615384,0.7692307692307693,0.7,0.625,0.31622776601683794,21,9,30,18,,78,0
CoOp,raw,0,0,2024,patient,0.625,0.7678571428571428,0.75,0.75,0.6666666666666666,0.5,1.0,1.0,0.6666666666666666,0.5773502691896258,2,0,4,2,,8,0
CoOp,raw,0,0,777,slice,0.6482577251808022,0.6384151249106702,0.6153846153846154,0.6153846153846154,0.6153846153846154,0.6153846153846154,0.6153846153846154,0.6153846153846154,0.6153846153846154,0.23076923076923078,24,15,24,15,,78,0
CoOp,raw,0,0,777,patient,0.625,0.7678571428571428,0.625,0.625,0.5714285714285714,0.5,0.75,0.6666666666666666,0.6,0.2581988897471611,2,1,3,2,,8,0
CoOp,raw,0,0,999,slice,0.6495726495726496,0.6307023737187311,0.6282051282051282,0.6282051282051282,0.5797101449275363,0.5128205128205128,0.7435897435897436,0.6666666666666666,0.6041666666666666,0.26352313834736496,20,10,29,19,,78,0
CoOp,raw,0,0,999,patient,0.625,0.7678571428571428,0.75,0.75,0.6666666666666666,0.5,1.0,1.0,0.6666666666666666,0.5773502691896258,2,0,4,2,,8,0
Proto-Adapter,raw,0,0,42,slice,0.68310322156476,0.6470504082730721,0.6410256410256411,0.641025641025641,0.5882352941176471,0.5128205128205128,0.7692307692307693,0.6896551724137931,0.6122448979591837,0.2918069599925101,20,9,30,19,,78,0
Proto-Adapter,raw,0,0,42,patient,0.625,0.7678571428571428,0.625,0.625,0.5714285714285714,0.5,0.75,0.6666666666666666,0.6,0.2581988897471611,2,1,3,2,,8,0
Nearest Centroid,raw,0,0,0,slice,0.6794871794871795,0.6451885810095168,0.6153846153846154,0.6153846153846154,0.5454545454545454,0.46153846153846156,0.7692307692307693,0.6666666666666666,0.5882352941176471,0.24253562503633297,18,9,30,21,,78,0
Nearest Centroid,raw,0,0,0,patient,0.625,0.7678571428571428,0.625,0.625,0.5714285714285714,0.5,0.75,0.6666666666666666,0.6,0.2581988897471611,2,1,3,2,,8,0
Proto-Adapter,raw,0,0,100,slice,0.68310322156476,0.6470504082730721,0.6410256410256411,0.641025641025641,0.5882352941176471,0.5128205128205128,0.7692307692307693,0.6896551724137931,0.6122448979591837,0.2918069599925101,20,9,30,19,,78,0
Proto-Adapter,raw,0,0,100,patient,0.625,0.7678571428571428,0.625,0.625,0.5714285714285714,0.5,0.75,0.6666666666666666,0.6,0.2581988897471611,2,1,3,2,,8,0
Proto-Adapter,raw,0,0,2024,slice,0.68310322156476,0.6470504082730721,0.6410256410256411,0.641025641025641,0.5882352941176471,0.5128205128205128,0.7692307692307693,0.6896551724137931,0.6122448979591837,0.2918069599925101,20,9,30,19,,78,0
Proto-Adapter,raw,0,0,2024,patient,0.625,0.7678571428571428,0.625,0.625,0.5714285714285714,0.5,0.75,0.6666666666666666,0.6,0.2581988897471611,2,1,3,2,,8,0
Proto-Adapter,raw,0,0,777,slice,0.68310322156476,0.6470504082730721,0.6410256410256411,0.641025641025641,0.5882352941176471,0.5128205128205128,0.7692307692307693,0.6896551724137931,0.6122448979591837,0.2918069599925101,20,9,30,19,,78,0
Proto-Adapter,raw,0,0,777,patient,0.625,0.7678571428571428,0.625,0.625,0.5714285714285714,0.5,0.75,0.6666666666666666,0.6,0.2581988897471611,2,1,3,2,,8,0
Proto-Adapter,raw,0,0,999,slice,0.68310322156476,0.6470504082730721,0.6410256410256411,0.641025641025641,0.5882352941176471,0.5128205128205128,0.7692307692307693,0.6896551724137931,0.6122448979591837,0.2918069599925101,20,9,30,19,,78,0
Proto-Adapter,raw,0,0,999,patient,0.625,0.7678571428571428,0.625,0.625,0.5714285714285714,0.5,0.75,0.6666666666666666,0.6,0.2581988897471611,2,1,3,2,,8,0
TaskRes,raw,0,0,42,slice,0.6804733727810651,0.6564139026776858,0.6410256410256411,0.641025641025641,0.6,0.5384615384615384,0.7435897435897436,0.6774193548387096,0.6170212765957447,0.28817938438423535,21,10,29,18,,78,0
TaskRes,raw,0,0,42,patient,0.625,0.7678571428571428,0.75,0.75,0.6666666666666666,0.5,1.0,1.0,0.6666666666666666,0.5773502691896258,2,0,4,2,,8,0
TaskRes,raw,0,0,2024,slice,0.6804733727810651,0.6564139026776858,0.6410256410256411,0.641025641025641,0.6,0.5384615384615384,0.7435897435897436,0.6774193548387096,0.6170212765957447,0.28817938438423535,21,10,29,18,,78,0
TaskRes,raw,0,0,2024,patient,0.625,0.7678571428571428,0.75,0.75,0.6666666666666666,0.5,1.0,1.0,0.6666666666666666,0.5773502691896258,2,0,4,2,,8,0
TaskRes,raw,0,0,100,slice,0.6804733727810651,0.6564139026776858,0.6410256410256411,0.641025641025641,0.6,0.5384615384615384,0.7435897435897436,0.6774193548387096,0.6170212765957447,0.28817938438423535,21,10,29,18,,78,0
TaskRes,raw,0,0,100,patient,0.625,0.7678571428571428,0.75,0.75,0.6666666666666666,0.5,1.0,1.0,0.6666666666666666,0.5773502691896258,2,0,4,2,,8,0
TaskRes,raw,0,0,777,slice,0.6804733727810651,0.6564139026776858,0.6410256410256411,0.641025641025641,0.6,0.5384615384615384,0.7435897435897436,0.6774193548387096,0.6170212765957447,0.28817938438423535,21,10,29,18,,78,0
TaskRes,raw,0,0,777,patient,0.625,0.7678571428571428,0.75,0.75,0.6666666666666666,0.5,1.0,1.0,0.6666666666666666,0.5773502691896258,2,0,4,2,,8,0
TaskRes,raw,0,0,999,slice,0.6804733727810651,0.6564139026776858,0.6410256410256411,0.641025641025641,0.6,0.5384615384615384,0.7435897435897436,0.6774193548387096,0.6170212765957447,0.28817938438423535,21,10,29,18,,78,0
TaskRes,raw,0,0,999,patient,0.625,0.7678571428571428,0.75,0.75,0.6666666666666666,0.5,1.0,1.0,0.6666666666666666,0.5773502691896258,2,0,4,2,,8,0
TaskRes+SAM,raw,0,0,42,slice,0.6817882971729126,0.6570343938853611,0.6410256410256411,0.641025641025641,0.6,0.5384615384615384,0.7435897435897436,0.6774193548387096,0.6170212765957447,0.28817938438423535,21,10,29,18,,78,0
TaskRes+SAM,raw,0,0,42,patient,0.625,0.7678571428571428,0.625,0.625,0.4,0.25,1.0,1.0,0.5714285714285714,0.3779644730092272,1,0,4,3,,8,0
TaskRes+SAM,raw,0,0,100,slice,0.6817882971729126,0.6570343938853611,0.6410256410256411,0.641025641025641,0.6,0.5384615384615384,0.7435897435897436,0.6774193548387096,0.6170212765957447,0.28817938438423535,21,10,29,18,,78,0
TaskRes+SAM,raw,0,0,100,patient,0.625,0.7678571428571428,0.625,0.625,0.4,0.25,1.0,1.0,0.5714285714285714,0.3779644730092272,1,0,4,3,,8,0
TaskRes+SAM,raw,0,0,2024,slice,0.6817882971729126,0.6570343938853611,0.6410256410256411,0.641025641025641,0.6,0.5384615384615384,0.7435897435897436,0.6774193548387096,0.6170212765957447,0.28817938438423535,21,10,29,18,,78,0
TaskRes+SAM,raw,0,0,2024,patient,0.625,0.7678571428571428,0.625,0.625,0.4,0.25,1.0,1.0,0.5714285714285714,0.3779644730092272,1,0,4,3,,8,0
TaskRes+SAM,raw,0,0,777,slice,0.6817882971729126,0.6570343938853611,0.6410256410256411,0.641025641025641,0.6,0.5384615384615384,0.7435897435897436,0.6774193548387096,0.6170212765957447,0.28817938438423535,21,10,29,18,,78,0
TaskRes+SAM,raw,0,0,777,patient,0.625,0.7678571428571428,0.625,0.625,0.4,0.25,1.0,1.0,0.5714285714285714,0.3779644730092272,1,0,4,3,,8,0
TaskRes+SAM,raw,0,0,999,slice,0.6817882971729126,0.6570343938853611,0.6410256410256411,0.641025641025641,0.6,0.5384615384615384,0.7435897435897436,0.6774193548387096,0.6170212765957447,0.28817938438423535,21,10,29,18,,78,0
TaskRes+SAM,raw,0,0,999,patient,0.625,0.7678571428571428,0.625,0.625,0.4,0.25,1.0,1.0,0.5714285714285714,0.3779644730092272,1,0,4,3,,8,0
Tip-Adapter,clahe,0,1,0,slice,0.6684210526315789,0.6828030755546022,0.5897435897435898,0.5894736842105264,0.6,0.6,0.5789473684210527,0.6,0.5789473684210527,0.17894736842105263,24,16,22,16,,78,0
Tip-Adapter,clahe,0,1,0,patient,0.8125,0.8928571428571428,0.75,0.75,0.75,0.75,0.75,0.75,0.75,0.5,3,1,3,1,,8,0
Zero-Shot,clahe,0,1,0,slice,0.6463815789473685,0.686415772242756,0.5641025641025641,0.5638157894736842,0.575,0.575,0.5526315789473685,0.575,0.5526315789473685,0.12763157894736843,23,17,21,17,,78,0
Zero-Shot,clahe,0,1,0,patient,0.8125,0.8928571428571428,0.75,0.75,0.75,0.75,0.75,0.75,0.75,0.5,3,1,3,1,,8,0
Tip-Adapter-F,clahe,0,1,42,slice,0.6463815789473685,0.6862190848721555,0.5769230769230769,0.5769736842105263,0.5822784810126582,0.575,0.5789473684210527,0.5897435897435898,0.5641025641025641,0.1538967528127731,23,16,22,17,,78,0
Tip-Adapter-F,clahe,0,1,42,patient,0.8125,0.8928571428571428,0.75,0.75,0.75,0.75,0.75,0.75,0.75,0.5,3,1,3,1,,8,0
Tip-Adapter-F,clahe,0,1,100,slice,0.6463815789473685,0.6862190848721555,0.5769230769230769,0.5769736842105263,0.5822784810126582,0.575,0.5789473684210527,0.5897435897435898,0.5641025641025641,0.1538967528127731,23,16,22,17,,78,0
Tip-Adapter-F,clahe,0,1,100,patient,0.8125,0.8928571428571428,0.75,0.75,0.75,0.75,0.75,0.75,0.75,0.5,3,1,3,1,,8,0
Tip-Adapter-F,clahe,0,1,2024,slice,0.6463815789473685,0.6862190848721555,0.5769230769230769,0.5769736842105263,0.5822784810126582,0.575,0.5789473684210527,0.5897435897435898,0.5641025641025641,0.1538967528127731,23,16,22,17,,78,0
Tip-Adapter-F,clahe,0,1,2024,patient,0.8125,0.8928571428571428,0.75,0.75,0.75,0.75,0.75,0.75,0.75,0.5,3,1,3,1,,8,0
Tip-Adapter-F,clahe,0,1,777,slice,0.6463815789473685,0.6862190848721555,0.5769230769230769,0.5769736842105263,0.5822784810126582,0.575,0.5789473684210527,0.5897435897435898,0.5641025641025641,0.1538967528127731,23,16,22,17,,78,0
Tip-Adapter-F,clahe,0,1,777,patient,0.8125,0.8928571428571428,0.75,0.75,0.75,0.75,0.75,0.75,0.75,0.5,3,1,3,1,,8,0
Tip-Adapter-F,clahe,0,1,999,slice,0.6463815789473685,0.6862190848721555,0.5769230769230769,0.5769736842105263,0.5822784810126582,0.575,0.5789473684210527,0.5897435897435898,0.5641025641025641,0.1538967528127731,23,16,22,17,,78,0
Tip-Adapter-F,clahe,0,1,999,patient,0.8125,0.8928571428571428,0.75,0.75,0.75,0.75,0.75,0.75,0.75,0.5,3,1,3,1,,8,0
Tip-Adapter-F+SAM,clahe,0,1,42,slice,0.6516447368421052,0.6851911848383287,0.5641025641025641,0.5651315789473684,0.5526315789473685,0.525,0.6052631578947368,0.5833333333333334,0.5476190476190477,0.13060731479014387,21,15,23,19,,78,0
Tip-Adapter-F+SAM,clahe,0,1,42,patient,0.8125,0.8928571428571428,0.75,0.75,0.75,0.75,0.75,0.75,0.75,0.5,3,1,3,1,,8,0
Tip-Adapter-F+SAM,clahe,0,1,100,slice,0.6516447368421052,0.6851911848383287,0.5641025641025641,0.5651315789473684,0.5526315789473685,0.525,0.6052631578947368,0.5833333333333334,0.5476190476190477,0.13060731479014387,21,15,23,19,,78,0
Tip-Adapter-F+SAM,clahe,0,1,100,patient,0.8125,0.8928571428571428,0.75,0.75,0.75,0.75,0.75,0.75,0.75,0.5,3,1,3,1,,8,0
Tip-Adapter-F+SAM,clahe,0,1,2024,slice,0.6516447368421052,0.6851911848383287,0.5641025641025641,0.5651315789473684,0.5526315789473685,0.525,0.6052631578947368,0.5833333333333334,0.5476190476190477,0.13060731479014387,21,15,23,19,,78,0
Tip-Adapter-F+SAM,clahe,0,1,2024,patient,0.8125,0.8928571428571428,0.75,0.75,0.75,0.75,0.75,0.75,0.75,0.5,3,1,3,1,,8,0
Tip-Adapter-F+SAM,clahe,0,1,777,slice,0.6516447368421052,0.6851911848383287,0.5641025641025641,0.5651315789473684,0.5526315789473685,0.525,0.6052631578947368,0.5833333333333334,0.5476190476190477,0.13060731479014387,21,15,23,19,,78,0
Tip-Adapter-F+SAM,clahe,0,1,777,patient,0.8125,0.8928571428571428,0.75,0.75,0.75,0.75,0.75,0.75,0.75,0.5,3,1,3,1,,8,0
Tip-Adapter-F+SAM,clahe,0,1,999,slice,0.6516447368421052,0.6851911848383287,0.5641025641025641,0.5651315789473684,0.5526315789473685,0.525,0.6052631578947368,0.5833333333333334,0.5476190476190477,0.13060731479014387,21,15,23,19,,78,0
Tip-Adapter-F+SAM,clahe,0,1,999,patient,0.8125,0.8928571428571428,0.75,0.75,0.75,0.75,0.75,0.75,0.75,0.5,3,1,3,1,,8,0
CLIP-Adapter,clahe,0,1,42,slice,0.6651315789473684,0.6798489843899468,0.5769230769230769,0.5763157894736842,0.5925925925925926,0.6,0.5526315789473685,0.5853658536585366,0.5675675675675675,0.15278242554549024,24,17,21,16,,78,0
CLIP-Adapter,clahe,0,1,42,patient,0.8125,0.8928571428571428,0.75,0.75,0.75,0.75,0.75,0.75,0.75,0.5,3,1,3,1,,8,0
CLIP-Adapter,clahe,0,1,100,slice,0.6542763157894737,0.677444169298716,0.5897435897435898,0.5901315789473685,0.5897435897435898,0.575,0.6052631578947368,0.6052631578947368,0.575,0.18026315789473685,23,15,23,17,,78,0
CLIP-Adapter,clahe,0,1,100,patient,0.8125,0.8928571428571428,0.75,0.75,0.75,0.75,0.75,0.75,0.75,0.5,3,1,3,1,,8,0
CLIP-Adapter,clahe,0,1,2024,slice,0.6592105263157895,0.6665190951772169,0.5769230769230769,0.5763157894736842,0.5925925925925926,0.6,0.5526315789473685,0.5853658536585366,0.5675675675675675,0.15278242554549024,24,17,21,16,,78,0
CLIP-Adapter,clahe,0,1,2024,patient,0.75,0.8303571428571428,0.75,0.75,0.75,0.75,0.75,0.75,0.75,0.5,3,1,3,1,,8,0
CLIP-Adapter,clahe,0,1,777,slice,0.6717105263157894,0.6862234669480927,0.5897435897435898,0.5894736842105264,0.6,0.6,0.5789473684210527,0.6,0.5789473684210527,0.17894736842105263,24,16,22,16,,78,0
CLIP-Adapter,clahe,0,1,777,patient,0.8125,0.8928571428571428,0.75,0.75,0.75,0.75,0.75,0.75,0.75,0.5,3,1,3,1,,8,0
CLIP-Adapter,clahe,0,1,999,slice,0.6595394736842105,0.6934343757056951,0.5897435897435898,0.5894736842105264,0.6,0.6,0.5789473684210527,0.6,0.5789473684210527,0.17894736842105263,24,16,22,16,,78,0
CLIP-Adapter,clahe,0,1,999,patient,0.8125,0.8928571428571428,0.75,0.75,0.75,0.75,0.75,0.75,0.75,0.5,3,1,3,1,,8,0
CoOp,clahe,0,1,42,slice,0.6615131578947369,0.6809577610219962,0.5897435897435898,0.5888157894736843,0.6097560975609756,0.625,0.5526315789473685,0.5952380952380952,0.5833333333333334,0.17810088380474162,25,17,21,15,,78,0
CoOp,clahe,0,1,42,patient,0.75,0.8303571428571428,0.75,0.75,0.75,0.75,0.75,0.75,0.75,0.5,3,1,3,1,,8,0
CoOp,clahe,0,1,100,slice,0.6447368421052632,0.6629885136749316,0.5769230769230769,0.5769736842105263,0.5822784810126582,0.575,0.5789473684210527,0.5897435897435898,0.5641025641025641,0.1538967528127731,23,16,22,17,,78,0
CoOp,clahe,0,1,100,patient,0.75,0.8303571428571428,0.75,0.75,0.75,0.75,0.75,0.75,0.75,0.5,3,1,3,1,,8,0
CoOp,clahe,0,1,2024,slice,0.6572368421052631,0.6757099481507118,0.5769230769230769,0.5763157894736842,0.5925925925925926,0.6,0.5526315789473685,0.5853658536585366,0.5675675675675675,0.15278242554549024,24,17,21,16,,78,0
CoOp,clahe,0,1,2024,patient,0.8125,0.8928571428571428,0.75,0.75,0.75,0.75,0.75,0.75,0.75,0.5,3,1,3,1,,8,0
CoOp,clahe,0,1,777,slice,0.6098684210526316,0.6756414261094114,0.5769230769230769,0.5782894736842106,0.56,0.525,0.631578947368421,0.6,0.5581395348837209,0.15735730650155627,21,14,24,19,,78,0
CoOp,clahe,0,1,777,patient,0.8125,0.8928571428571428,0.75,0.75,0.75,0.75,0.75,0.75,0.75,0.5,3,1,3,1,,8,0
Nearest Centroid,clahe,0,1,0,slice,0.6671052631578948,0.6739670073058417,0.5769230769230769,0.5763157894736842,0.5925925925925926,0.6,0.5526315789473685,0.5853658536585366,0.5675675675675675,0.15278242554549024,24,17,21,16,,78,0
Nearest Centroid,clahe,0,1,0,patient,0.75,0.8303571428571428,0.75,0.75,0.75,0.75,0.75,0.75,0.75,0.5,3,1,3,1,,8,0
CoOp,clahe,0,1,999,slice,0.6664473684210527,0.6815125215479977,0.5897435897435898,0.5894736842105264,0.6,0.6,0.5789473684210527,0.6,0.5789473684210527,0.17894736842105263,24,16,22,16,,78,0
CoOp,clahe,0,1,999,patient,0.75,0.8303571428571428,0.75,0.75,0.75,0.75,0.75,0.75,0.75,0.5,3,1,3,1,,8,0
Proto-Adapter,clahe,0,1,100,slice,0.6671052631578948,0.6740110002669678,0.5897435897435898,0.5894736842105264,0.6,0.6,0.5789473684210527,0.6,0.5789473684210527,0.17894736842105263,24,16,22,16,,78,0
Proto-Adapter,clahe,0,1,100,patient,0.75,0.8303571428571428,0.75,0.75,0.75,0.75,0.75,0.75,0.75,0.5,3,1,3,1,,8,0
Proto-Adapter,clahe,0,1,42,slice,0.6671052631578948,0.6740110002669678,0.5897435897435898,0.5894736842105264,0.6,0.6,0.5789473684210527,0.6,0.5789473684210527,0.17894736842105263,24,16,22,16,,78,0
Proto-Adapter,clahe,0,1,42,patient,0.75,0.8303571428571428,0.75,0.75,0.75,0.75,0.75,0.75,0.75,0.5,3,1,3,1,,8,0
Proto-Adapter,clahe,0,1,2024,slice,0.6671052631578948,0.6740110002669678,0.5897435897435898,0.5894736842105264,0.6,0.6,0.5789473684210527,0.6,0.5789473684210527,0.17894736842105263,24,16,22,16,,78,0
Proto-Adapter,clahe,0,1,2024,patient,0.75,0.8303571428571428,0.75,0.75,0.75,0.75,0.75,0.75,0.75,0.5,3,1,3,1,,8,0
Proto-Adapter,clahe,0,1,777,slice,0.6671052631578948,0.6740110002669678,0.5897435897435898,0.5894736842105264,0.6,0.6,0.5789473684210527,0.6,0.5789473684210527,0.17894736842105263,24,16,22,16,,78,0
Proto-Adapter,clahe,0,1,777,patient,0.75,0.8303571428571428,0.75,0.75,0.75,0.75,0.75,0.75,0.75,0.5,3,1,3,1,,8,0
Proto-Adapter,clahe,0,1,999,slice,0.6671052631578948,0.6740110002669678,0.5897435897435898,0.5894736842105264,0.6,0.6,0.5789473684210527,0.6,0.5789473684210527,0.17894736842105263,24,16,22,16,,78,0
Proto-Adapter,clahe,0,1,999,patient,0.75,0.8303571428571428,0.75,0.75,0.75,0.75,0.75,0.75,0.75,0.5,3,1,3,1,,8,0
TaskRes,clahe,0,1,42,slice,0.6690789473684211,0.6819484087519838,0.5897435897435898,0.5894736842105264,0.6,0.6,0.5789473684210527,0.6,0.5789473684210527,0.17894736842105263,24,16,22,16,,78,0
TaskRes,clahe,0,1,42,patient,0.8125,0.8928571428571428,0.75,0.75,0.75,0.75,0.75,0.75,0.75,0.5,3,1,3,1,,8,0
TaskRes,clahe,0,1,2024,slice,0.6690789473684211,0.6819484087519838,0.5897435897435898,0.5894736842105264,0.6,0.6,0.5789473684210527,0.6,0.5789473684210527,0.17894736842105263,24,16,22,16,,78,0
TaskRes,clahe,0,1,2024,patient,0.8125,0.8928571428571428,0.75,0.75,0.75,0.75,0.75,0.75,0.75,0.5,3,1,3,1,,8,0
TaskRes,clahe,0,1,100,slice,0.6690789473684211,0.6819484087519838,0.5897435897435898,0.5894736842105264,0.6,0.6,0.5789473684210527,0.6,0.5789473684210527,0.17894736842105263,24,16,22,16,,78,0
TaskRes,clahe,0,1,100,patient,0.8125,0.8928571428571428,0.75,0.75,0.75,0.75,0.75,0.75,0.75,0.5,3,1,3,1,,8,0
TaskRes,clahe,0,1,777,slice,0.6690789473684211,0.6819484087519838,0.5897435897435898,0.5894736842105264,0.6,0.6,0.5789473684210527,0.6,0.5789473684210527,0.17894736842105263,24,16,22,16,,78,0
TaskRes,clahe,0,1,777,patient,0.8125,0.8928571428571428,0.75,0.75,0.75,0.75,0.75,0.75,0.75,0.5,3,1,3,1,,8,0
TaskRes,clahe,0,1,999,slice,0.6690789473684211,0.6819484087519838,0.5897435897435898,0.5894736842105264,0.6,0.6,0.5789473684210527,0.6,0.5789473684210527,0.17894736842105263,24,16,22,16,,78,0
TaskRes,clahe,0,1,999,patient,0.8125,0.8928571428571428,0.75,0.75,0.75,0.75,0.75,0.75,0.75,0.5,3,1,3,1,,8,0
TaskRes+SAM,clahe,0,1,42,slice,0.6703947368421053,0.6822312141818481,0.5897435897435898,0.5894736842105264,0.6,0.6,0.5789473684210527,0.6,0.5789473684210527,0.17894736842105263,24,16,22,16,,78,0
TaskRes+SAM,clahe,0,1,42,patient,0.8125,0.8928571428571428,0.75,0.75,0.75,0.75,0.75,0.75,0.75,0.5,3,1,3,1,,8,0
TaskRes+SAM,clahe,0,1,100,slice,0.6703947368421053,0.6822312141818481,0.5897435897435898,0.5894736842105264,0.6,0.6,0.5789473684210527,0.6,0.5789473684210527,0.17894736842105263,24,16,22,16,,78,0
TaskRes+SAM,clahe,0,1,100,patient,0.8125,0.8928571428571428,0.75,0.75,0.75,0.75,0.75,0.75,0.75,0.5,3,1,3,1,,8,0
TaskRes+SAM,clahe,0,1,2024,slice,0.6703947368421053,0.6822312141818481,0.5897435897435898,0.5894736842105264,0.6,0.6,0.5789473684210527,0.6,0.5789473684210527,0.17894736842105263,24,16,22,16,,78,0
TaskRes+SAM,clahe,0,1,2024,patient,0.8125,0.8928571428571428,0.75,0.75,0.75,0.75,0.75,0.75,0.75,0.5,3,1,3,1,,8,0
TaskRes+SAM,clahe,0,1,777,slice,0.6703947368421053,0.6822312141818481,0.5897435897435898,0.5894736842105264,0.6,0.6,0.5789473684210527,0.6,0.5789473684210527,0.17894736842105263,24,16,22,16,,78,0
TaskRes+SAM,clahe,0,1,777,patient,0.8125,0.8928571428571428,0.75,0.75,0.75,0.75,0.75,0.75,0.75,0.5,3,1,3,1,,8,0
TaskRes+SAM,clahe,0,1,999,slice,0.6703947368421053,0.6822312141818481,0.5897435897435898,0.5894736842105264,0.6,0.6,0.5789473684210527,0.6,0.5789473684210527,0.17894736842105263,24,16,22,16,,78,0
TaskRes+SAM,clahe,0,1,999,patient,0.8125,0.8928571428571428,0.75,0.75,0.75,0.75,0.75,0.75,0.75,0.5,3,1,3,1,,8,0
Tip-Adapter,raw,0,1,0,slice,0.6611842105263158,0.6821227646253798,0.6153846153846154,0.6144736842105263,0.6341463414634146,0.65,0.5789473684210527,0.6190476190476191,0.6111111111111112,0.22955225023722253,26,16,22,14,,78,0
Tip-Adapter,raw,0,1,0,patient,0.75,0.8303571428571428,0.75,0.75,0.75,0.75,0.75,0.75,0.75,0.5,3,1,3,1,,8,0
Zero-Shot,raw,0,1,0,slice,0.5967105263157895,0.6674042013024555,0.5897435897435898,0.5888157894736843,0.6097560975609756,0.625,0.5526315789473685,0.5952380952380952,0.5833333333333334,0.17810088380474162,25,17,21,15,,78,0
Zero-Shot,raw,0,1,0,patient,0.75,0.875,0.625,0.625,0.6666666666666666,0.75,0.5,0.6,0.6666666666666666,0.2581988897471611,3,2,2,1,,8,0
Tip-Adapter-F,raw,0,1,42,slice,0.5980263157894737,0.6672283405101563,0.5897435897435898,0.5888157894736843,0.6097560975609756,0.625,0.5526315789473685,0.5952380952380952,0.5833333333333334,0.17810088380474162,25,17,21,15,,78,0
Tip-Adapter-F,raw,0,1,42,patient,0.75,0.875,0.625,0.625,0.6666666666666666,0.75,0.5,0.6,0.6666666666666666,0.2581988897471611,3,2,2,1,,8,0
Tip-Adapter-F,raw,0,1,100,slice,0.5980263157894737,0.6672283405101563,0.5897435897435898,0.5888157894736843,0.6097560975609756,0.625,0.5526315789473685,0.5952380952380952,0.5833333333333334,0.17810088380474162,25,17,21,15,,78,0
Tip-Adapter-F,raw,0,1,100,patient,0.75,0.875,0.625,0.625,0.6666666666666666,0.75,0.5,0.6,0.6666666666666666,0.2581988897471611,3,2,2,1,,8,0
Tip-Adapter-F,raw,0,1,2024,slice,0.5980263157894737,0.6672283405101563,0.5897435897435898,0.5888157894736843,0.6097560975609756,0.625,0.5526315789473685,0.5952380952380952,0.5833333333333334,0.17810088380474162,25,17,21,15,,78,0
Tip-Adapter-F,raw,0,1,2024,patient,0.75,0.875,0.625,0.625,0.6666666666666666,0.75,0.5,0.6,0.6666666666666666,0.2581988897471611,3,2,2,1,,8,0
Tip-Adapter-F,raw,0,1,777,slice,0.5980263157894737,0.6672283405101563,0.5897435897435898,0.5888157894736843,0.6097560975609756,0.625,0.5526315789473685,0.5952380952380952,0.5833333333333334,0.17810088380474162,25,17,21,15,,78,0
Tip-Adapter-F,raw,0,1,777,patient,0.75,0.875,0.625,0.625,0.6666666666666666,0.75,0.5,0.6,0.6666666666666666,0.2581988897471611,3,2,2,1,,8,0
Tip-Adapter-F,raw,0,1,999,slice,0.5980263157894737,0.6672283405101563,0.5897435897435898,0.5888157894736843,0.6097560975609756,0.625,0.5526315789473685,0.5952380952380952,0.5833333333333334,0.17810088380474162,25,17,21,15,,78,0
Tip-Adapter-F,raw,0,1,999,patient,0.75,0.875,0.625,0.625,0.6666666666666666,0.75,0.5,0.6,0.6666666666666666,0.2581988897471611,3,2,2,1,,8,0
Tip-Adapter-F+SAM,raw,0,1,42,slice,0.6592105263157895,0.671453472475094,0.5128205128205128,0.5,0.6779661016949152,1.0,0.0,0.5128205128205128,,0.0,40,38,0,0,,78,1
Tip-Adapter-F+SAM,raw,0,1,42,patient,0.8125,0.8928571428571428,0.5,0.5,0.6666666666666666,1.0,0.0,0.5,,0.0,4,4,0,0,,8,1
Tip-Adapter-F+SAM,raw,0,1,100,slice,0.6592105263157895,0.671453472475094,0.5128205128205128,0.5,0.6779661016949152,1.0,0.0,0.5128205128205128,,0.0,40,38,0,0,,78,1
Tip-Adapter-F+SAM,raw,0,1,100,patient,0.8125,0.8928571428571428,0.5,0.5,0.6666666666666666,1.0,0.0,0.5,,0.0,4,4,0,0,,8,1
Tip-Adapter-F+SAM,raw,0,1,2024,slice,0.6592105263157895,0.671453472475094,0.5128205128205128,0.5,0.6779661016949152,1.0,0.0,0.5128205128205128,,0.0,40,38,0,0,,78,1
Tip-Adapter-F+SAM,raw,0,1,2024,patient,0.8125,0.8928571428571428,0.5,0.5,0.6666666666666666,1.0,0.0,0.5,,0.0,4,4,0,0,,8,1
Tip-Adapter-F+SAM,raw,0,1,777,slice,0.6592105263157895,0.671453472475094,0.5128205128205128,0.5,0.6779661016949152,1.0,0.0,0.5128205128205128,,0.0,40,38,0,0,,78,1
Tip-Adapter-F+SAM,raw,0,1,777,patient,0.8125,0.8928571428571428,0.5,0.5,0.6666666666666666,1.0,0.0,0.5,,0.0,4,4,0,0,,8,1
Tip-Adapter-F+SAM,raw,0,1,999,slice,0.6592105263157895,0.671453472475094,0.5128205128205128,0.5,0.6779661016949152,1.0,0.0,0.5128205128205128,,0.0,40,38,0,0,,78,1
Tip-Adapter-F+SAM,raw,0,1,999,patient,0.8125,0.8928571428571428,0.5,0.5,0.6666666666666666,1.0,0.0,0.5,,0.0,4,4,0,0,,8,1
CLIP-Adapter,raw,0,1,42,slice,0.6592105263157895,0.6691149561215266,0.6282051282051282,0.6276315789473684,0.6419753086419753,0.65,0.6052631578947368,0.6341463414634146,0.6216216216216216,0.2555154358260785,26,15,23,14,,78,0
CLIP-Adapter,raw,0,1,42,patient,0.625,0.7291666666666666,0.75,0.75,0.75,0.75,0.75,0.75,0.75,0.5,3,1,3,1,,8,0
CLIP-Adapter,raw,0,1,100,slice,0.618421052631579,0.6599451214375243,0.5769230769230769,0.5769736842105263,0.5822784810126582,0.575,0.5789473684210527,0.5897435897435898,0.5641025641025641,0.1538967528127731,23,16,22,17,,78,0
CLIP-Adapter,raw,0,1,100,patient,0.8125,0.8928571428571428,0.75,0.75,0.75,0.75,0.75,0.75,0.75,0.5,3,1,3,1,,8,0
CLIP-Adapter,raw,0,1,2024,slice,0.6305921052631579,0.6555876573912872,0.6025641025641025,0.6019736842105263,0.6172839506172839,0.625,0.5789473684210527,0.6097560975609756,0.5945945945945946,0.20414893068578435,25,16,22,15,,78,0
CLIP-Adapter,raw,0,1,2024,patient,0.6875,0.7470238095238095,0.75,0.75,0.75,0.75,0.75,0.75,0.75,0.5,3,1,3,1,,8,0
CLIP-Adapter,raw,0,1,777,slice,0.6552631578947369,0.6873798196522938,0.6153846153846154,0.6144736842105263,0.6341463414634146,0.65,0.5789473684210527,0.6190476190476191,0.6111111111111112,0.22955225023722253,26,16,22,14,,78,0
CLIP-Adapter,raw,0,1,777,patient,0.6875,0.7470238095238095,0.75,0.75,0.75,0.75,0.75,0.75,0.75,0.5,3,1,3,1,,8,0
CLIP-Adapter,raw,0,1,999,slice,0.6203947368421052,0.6787825133519171,0.6025641025641025,0.6013157894736842,0.6265060240963856,0.65,0.5526315789473685,0.6046511627906976,0.6,0.20363886723730812,26,17,21,14,,78,0
CLIP-Adapter,raw,0,1,999,patient,0.8125,0.8928571428571428,0.75,0.75,0.75,0.75,0.75,0.75,0.75,0.5,3,1,3,1,,8,0
CoOp,raw,0,1,42,slice,0.6611842105263158,0.675085998203687,0.6153846153846154,0.6138157894736842,0.6428571428571429,0.675,0.5526315789473685,0.6136363636363636,0.6176470588235294,0.22945023564794328,27,17,21,13,,78,0
CoOp,raw,0,1,42,patient,0.6875,0.7470238095238095,0.625,0.625,0.6666666666666666,0.75,0.5,0.6,0.6666666666666666,0.2581988897471611,3,2,2,1,,8,0
CoOp,raw,0,1,100,slice,0.6049342105263158,0.6453080593969586,0.6025641025641025,0.6026315789473684,0.6075949367088608,0.6,0.6052631578947368,0.6153846153846154,0.5897435897435898,0.20519567041703082,24,15,23,16,,78,0
CoOp,raw,0,1,100,patient,0.6875,0.7470238095238095,0.625,0.625,0.6666666666666666,0.75,0.5,0.6,0.6666666666666666,0.2581988897471611,3,2,2,1,,8,0
CoOp,raw,0,1,2024,slice,0.6605263157894737,0.6728139162223891,0.6153846153846154,0.6144736842105263,0.6341463414634146,0.65,0.5789473684210527,0.6190476190476191,0.6111111111111112,0.22955225023722253,26,16,22,14,,78,0
CoOp,raw,0,1,2024,patient,0.75,0.8303571428571428,0.75,0.75,0.75,0.75,0.75,0.75,0.75,0.5,3,1,3,1,,8,0
CoOp,raw,0,1,777,slice,0.6069078947368421,0.6577441829206095,0.5897435897435898,0.5894736842105264,0.6,0.6,0.5789473684210527,0.6,0.5789473684210527,0.17894736842105263,24,16,22,16,,78,0
CoOp,raw,0,1,777,patient,0.6875,0.7470238095238095,0.75,0.75,0.75,0.75,0.75,0.75,0.75,0.5,3,1,3,1,,8,0
Nearest Centroid,raw,0,1,0,slice,0.655921052631579,0.6656901020864547,0.6025641025641025,0.6013157894736842,0.6265060240963856,0.65,0.5526315789473685,0.6046511627906976,0.6,0.20363886723730812,26,17,21,14,,78,0
Nearest Centroid,raw,0,1,0,patient,0.6875,0.7470238095238095,0.75,0.75,0.75,0.75,0.75,0.75,0.75,0.5,3,1,3,1,,8,0
CoOp,raw,0,1,999,slice,0.6638157894736842,0.6764409329209811,0.5897435897435898,0.5894736842105264,0.6,0.6,0.5789473684210527,0.6,0.5789473684210527,0.17894736842105263,24,16,22,16,,78,0
CoOp,raw,0,1,999,patient,0.6875,0.7470238095238095,0.75,0.75,0.75,0.75,0.75,0.75,0.75,0.5,3,1,3,1,,8,0
Proto-Adapter,raw,0,1,42,slice,0.65625,0.6664047798631981,0.6025641025641025,0.6019736842105263,0.6172839506172839,0.625,0.5789473684210527,0.6097560975609756,0.5945945945945946,0.20414893068578435,25,16,22,15,,78,0
Proto-Adapter,raw,0,1,42,patient,0.6875,0.7470238095238095,0.75,0.75,0.75,0.75,0.75,0.75,0.75,0.5,3,1,3,1,,8,0
Proto-Adapter,raw,0,1,100,slice,0.65625,0.6664047798631981,0.6025641025641025,0.6019736842105263,0.6172839506172839,0.625,0.5789473684210527,0.6097560975609756,0.5945945945945946,0.20414893068578435,25,16,22,15,,78,0
Proto-Adapter,raw,0,1,100,patient,0.6875,0.7470238095238095,0.75,0.75,0.75,0.75,0.75,0.75,0.75,0.5,3,1,3,1,,8,0
Proto-Adapter,raw,0,1,2024,slice,0.65625,0.6664047798631981,0.6025641025641025,0.6019736842105263,0.6172839506172839,0.625,0.5789473684210527,0.6097560975609756,0.5945945945945946,0.20414893068578435,25,16,22,15,,78,0
Proto-Adapter,raw,0,1,2024,patient,0.6875,0.7470238095238095,0.75,0.75,0.75,0.75,0.75,0.75,0.75,0.5,3,1,3,1,,8,0
Proto-Adapter,raw,0,1,777,slice,0.65625,0.6664047798631981,0.6025641025641025,0.6019736842105263,0.6172839506172839,0.625,0.5789473684210527,0.6097560975609756,0.5945945945945946,0.20414893068578435,25,16,22,15,,78,0
Proto-Adapter,raw,0,1,777,patient,0.6875,0.7470238095238095,0.75,0.75,0.75,0.75,0.75,0.75,0.75,0.5,3,1,3,1,,8,0
TaskRes,raw,0,1,42,slice,0.6618421052631579,0.6787477059943374,0.6153846153846154,0.6144736842105263,0.6341463414634146,0.65,0.5789473684210527,0.6190476190476191,0.6111111111111112,0.22955225023722253,26,16,22,14,,78,0
TaskRes,raw,0,1,42,patient,0.75,0.8303571428571428,0.75,0.75,0.75,0.75,0.75,0.75,0.75,0.5,3,1,3,1,,8,0
Proto-Adapter,raw,0,1,999,slice,0.65625,0.6666271356324289,0.6025641025641025,0.6019736842105263,0.6172839506172839,0.625,0.5789473684210527,0.6097560975609756,0.5945945945945946,0.20414893068578435,25,16,22,15,,78,0
Proto-Adapter,raw,0,1,999,patient,0.6875,0.7470238095238095,0.75,0.75,0.75,0.75,0.75,0.75,0.75,0.5,3,1,3,1,,8,0
TaskRes,raw,0,1,100,slice,0.6618421052631579,0.6787477059943374,0.6153846153846154,0.6144736842105263,0.6341463414634146,0.65,0.5789473684210527,0.6190476190476191,0.6111111111111112,0.22955225023722253,26,16,22,14,,78,0
TaskRes,raw,0,1,100,patient,0.75,0.8303571428571428,0.75,0.75,0.75,0.75,0.75,0.75,0.75,0.5,3,1,3,1,,8,0
TaskRes,raw,0,1,2024,slice,0.6618421052631579,0.6787477059943374,0.6153846153846154,0.6144736842105263,0.6341463414634146,0.65,0.5789473684210527,0.6190476190476191,0.6111111111111112,0.22955225023722253,26,16,22,14,,78,0
TaskRes,raw,0,1,2024,patient,0.75,0.8303571428571428,0.75,0.75,0.75,0.75,0.75,0.75,0.75,0.5,3,1,3,1,,8,0
TaskRes,raw,0,1,777,slice,0.6618421052631579,0.6787477059943374,0.6153846153846154,0.6144736842105263,0.6341463414634146,0.65,0.5789473684210527,0.6190476190476191,0.6111111111111112,0.22955225023722253,26,16,22,14,,78,0
TaskRes,raw,0,1,777,patient,0.75,0.8303571428571428,0.75,0.75,0.75,0.75,0.75,0.75,0.75,0.5,3,1,3,1,,8,0
TaskRes,raw,0,1,999,slice,0.6618421052631579,0.6787477059943374,0.6153846153846154,0.6144736842105263,0.6341463414634146,0.65,0.5789473684210527,0.6190476190476191,0.6111111111111112,0.22955225023722253,26,16,22,14,,78,0
TaskRes,raw,0,1,999,patient,0.75,0.8303571428571428,0.75,0.75,0.75,0.75,0.75,0.75,0.75,0.5,3,1,3,1,,8,0
TaskRes+SAM,raw,0,1,42,slice,0.6615131578947369,0.6785244917086232,0.6153846153846154,0.6144736842105263,0.6341463414634146,0.65,0.5789473684210527,0.6190476190476191,0.6111111111111112,0.22955225023722253,26,16,22,14,,78,0
TaskRes+SAM,raw,0,1,42,patient,0.75,0.8303571428571428,0.75,0.75,0.75,0.75,0.75,0.75,0.75,0.5,3,1,3,1,,8,0
TaskRes+SAM,raw,0,1,100,slice,0.6615131578947369,0.6785244917086232,0.6153846153846154,0.6144736842105263,0.6341463414634146,0.65,0.5789473684210527,0.6190476190476191,0.6111111111111112,0.22955225023722253,26,16,22,14,,78,0
TaskRes+SAM,raw,0,1,100,patient,0.75,0.8303571428571428,0.75,0.75,0.75,0.75,0.75,0.75,0.75,0.5,3,1,3,1,,8,0
TaskRes+SAM,raw,0,1,2024,slice,0.6615131578947369,0.6785244917086232,0.6153846153846154,0.6144736842105263,0.6341463414634146,0.65,0.5789473684210527,0.6190476190476191,0.6111111111111112,0.22955225023722253,26,16,22,14,,78,0
TaskRes+SAM,raw,0,1,2024,patient,0.75,0.8303571428571428,0.75,0.75,0.75,0.75,0.75,0.75,0.75,0.5,3,1,3,1,,8,0
TaskRes+SAM,raw,0,1,777,slice,0.6615131578947369,0.6785244917086232,0.6153846153846154,0.6144736842105263,0.6341463414634146,0.65,0.5789473684210527,0.6190476190476191,0.6111111111111112,0.22955225023722253,26,16,22,14,,78,0
TaskRes+SAM,raw,0,1,777,patient,0.75,0.8303571428571428,0.75,0.75,0.75,0.75,0.75,0.75,0.75,0.5,3,1,3,1,,8,0
TaskRes+SAM,raw,0,1,999,slice,0.6615131578947369,0.6785244917086232,0.6153846153846154,0.6144736842105263,0.6341463414634146,0.65,0.5789473684210527,0.6190476190476191,0.6111111111111112,0.22955225023722253,26,16,22,14,,78,0
TaskRes+SAM,raw,0,1,999,patient,0.75,0.8303571428571428,0.75,0.75,0.75,0.75,0.75,0.75,0.75,0.5,3,1,3,1,,8,0
Tip-Adapter,clahe,0,2,0,slice,0.8192307692307692,0.851057424179119,0.6329113924050633,0.6304487179487179,0.6947368421052632,0.825,0.4358974358974359,0.6,0.7083333333333334,0.2836254150607383,33,22,17,7,,79,0
Tip-Adapter,clahe,0,2,0,patient,1.0,1.0,0.75,0.75,0.8,1.0,0.5,0.6666666666666666,1.0,0.5773502691896258,4,2,2,0,,8,0
Zero-Shot,clahe,0,2,0,slice,0.8217948717948718,0.86220361567348,0.6582278481012658,0.6564102564102564,0.7032967032967034,0.8,0.5128205128205128,0.6274509803921569,0.7142857142857143,0.3269590923628194,32,19,20,8,,79,0
Zero-Shot,clahe,0,2,0,patient,1.0,1.0,0.75,0.75,0.6666666666666666,0.5,1.0,1.0,0.6666666666666666,0.5773502691896258,2,0,4,2,,8,0
Tip-Adapter-F,clahe,0,2,42,slice,0.8217948717948718,0.86220361567348,0.6582278481012658,0.6564102564102564,0.7032967032967034,0.8,0.5128205128205128,0.6274509803921569,0.7142857142857143,0.3269590923628194,32,19,20,8,,79,0
Tip-Adapter-F,clahe,0,2,42,patient,1.0,1.0,0.75,0.75,0.6666666666666666,0.5,1.0,1.0,0.6666666666666666,0.5773502691896258,2,0,4,2,,8,0
Tip-Adapter-F,clahe,0,2,100,slice,0.8217948717948718,0.86220361567348,0.6582278481012658,0.6564102564102564,0.7032967032967034,0.8,0.5128205128205128,0.6274509803921569,0.7142857142857143,0.3269590923628194,32,19,20,8,,79,0
Tip-Adapter-F,clahe,0,2,100,patient,1.0,1.0,0.75,0.75,0.6666666666666666,0.5,1.0,1.0,0.6666666666666666,0.5773502691896258,2,0,4,2,,8,0
Tip-Adapter-F,clahe,0,2,2024,slice,0.8217948717948718,0.86220361567348,0.6582278481012658,0.6564102564102564,0.7032967032967034,0.8,0.5128205128205128,0.6274509803921569,0.7142857142857143,0.3269590923628194,32,19,20,8,,79,0
Tip-Adapter-F,clahe,0,2,2024,patient,1.0,1.0,0.75,0.75,0.6666666666666666,0.5,1.0,1.0,0.6666666666666666,0.5773502691896258,2,0,4,2,,8,0
Tip-Adapter-F,clahe,0,2,777,slice,0.8217948717948718,0.86220361567348,0.6582278481012658,0.6564102564102564,0.7032967032967034,0.8,0.5128205128205128,0.6274509803921569,0.7142857142857143,0.3269590923628194,32,19,20,8,,79,0
Tip-Adapter-F,clahe,0,2,777,patient,1.0,1.0,0.75,0.75,0.6666666666666666,0.5,1.0,1.0,0.6666666666666666,0.5773502691896258,2,0,4,2,,8,0
Tip-Adapter-F,clahe,0,2,999,slice,0.8217948717948718,0.86220361567348,0.6582278481012658,0.6564102564102564,0.7032967032967034,0.8,0.5128205128205128,0.6274509803921569,0.7142857142857143,0.3269590923628194,32,19,20,8,,79,0
Tip-Adapter-F,clahe,0,2,999,patient,1.0,1.0,0.75,0.75,0.6666666666666666,0.5,1.0,1.0,0.6666666666666666,0.5773502691896258,2,0,4,2,,8,0
Tip-Adapter-F+SAM,clahe,0,2,42,slice,0.8182692307692307,0.8584336618451142,0.6708860759493671,0.6692307692307693,0.7111111111111111,0.8,0.5384615384615384,0.64,0.7241379310344828,0.3510650713900952,32,18,21,8,,79,0
Tip-Adapter-F+SAM,clahe,0,2,42,patient,1.0,1.0,0.75,0.75,0.6666666666666666,0.5,1.0,1.0,0.6666666666666666,0.5773502691896258,2,0,4,2,,8,0
Tip-Adapter-F+SAM,clahe,0,2,100,slice,0.8182692307692307,0.8584336618451142,0.6708860759493671,0.6692307692307693,0.7111111111111111,0.8,0.5384615384615384,0.64,0.7241379310344828,0.3510650713900952,32,18,21,8,,79,0
Tip-Adapter-F+SAM,clahe,0,2,100,patient,1.0,1.0,0.75,0.75,0.6666666666666666,0.5,1.0,1.0,0.6666666666666666,0.5773502691896258,2,0,4,2,,8,0
Tip-Adapter-F+SAM,clahe,0,2,2024,slice,0.8182692307692307,0.8584336618451142,0.6708860759493671,0.6692307692307693,0.7111111111111111,0.8,0.5384615384615384,0.64,0.7241379310344828,0.3510650713900952,32,18,21,8,,79,0
Tip-Adapter-F+SAM,clahe,0,2,2024,patient,1.0,1.0,0.75,0.75,0.6666666666666666,0.5,1.0,1.0,0.6666666666666666,0.5773502691896258,2,0,4,2,,8,0
Tip-Adapter-F+SAM,clahe,0,2,777,slice,0.8182692307692307,0.8584336618451142,0.6708860759493671,0.6692307692307693,0.7111111111111111,0.8,0.5384615384615384,0.64,0.7241379310344828,0.3510650713900952,32,18,21,8,,79,0
Tip-Adapter-F+SAM,clahe,0,2,777,patient,1.0,1.0,0.75,0.75,0.6666666666666666,0.5,1.0,1.0,0.6666666666666666,0.5773502691896258,2,0,4,2,,8,0
Tip-Adapter-F+SAM,clahe,0,2,999,slice,0.8182692307692307,0.8584336618451142,0.6708860759493671,0.6692307692307693,0.7111111111111111,0.8,0.5384615384615384,0.64,0.7241379310344828,0.3510650713900952,32,18,21,8,,79,0
Tip-Adapter-F+SAM,clahe,0,2,999,patient,1.0,1.0,0.75,0.75,0.6666666666666666,0.5,1.0,1.0,0.6666666666666666,0.5773502691896258,2,0,4,2,,8,0
CLIP-Adapter,clahe,0,2,42,slice,0.8301282051282052,0.8651757451203302,0.6835443037974683,0.6820512820512821,0.7191011235955056,0.8,0.5641025641025641,0.6530612244897959,0.7333333333333333,0.37508298982848826,32,17,22,8,,79,0
CLIP-Adapter,clahe,0,2,42,patient,1.0,1.0,0.875,0.875,0.8888888888888888,1.0,0.75,0.8,1.0,0.7745966692414834,4,1,3,0,,8,0
CLIP-Adapter,clahe,0,2,100,slice,0.5923076923076923,0.721239095104356,0.6708860759493671,0.6727564102564103,0.6176470588235294,0.525,0.8205128205128205,0.75,0.6274509803921569,0.3611289975072944,21,7,32,19,,79,0
CLIP-Adapter,clahe,0,2,100,patient,0.8125,0.8928571428571428,0.875,0.875,0.8571428571428571,0.75,1.0,1.0,0.8,0.7745966692414834,3,0,4,1,,8,0
CLIP-Adapter,clahe,0,2,2024,slice,0.8051282051282052,0.8405900577861065,0.6075949367088608,0.605448717948718,0.6666666666666666,0.775,0.4358974358974359,0.5849056603773585,0.6538461538461539,0.22439283730903647,31,22,17,9,,79,0
CLIP-Adapter,clahe,0,2,2024,patient,1.0,1.0,0.875,0.875,0.8888888888888888,1.0,0.75,0.8,1.0,0.7745966692414834,4,1,3,0,,8,0
CLIP-Adapter,clahe,0,2,777,slice,0.8275641025641025,0.8646644727632022,0.6455696202531646,0.6426282051282051,0.7142857142857143,0.875,0.41025641025641024,0.603448275862069,0.7619047619047619,0.32283013494660134,35,23,16,5,,79,0
CLIP-Adapter,clahe,0,2,777,patient,1.0,1.0,0.75,0.75,0.8,1.0,0.5,0.6666666666666666,1.0,0.5773502691896258,4,2,2,0,,8,0
CLIP-Adapter,clahe,0,2,999,slice,0.5692307692307692,0.679678297575937,0.6455696202531646,0.6477564102564102,0.5757575757575758,0.475,0.8205128205128205,0.7307692307692307,0.6037735849056604,0.3144227902719326,19,7,32,21,,79,0
CLIP-Adapter,clahe,0,2,999,patient,0.5625,0.6916666666666667,0.5,0.5,0.5,0.5,0.5,0.5,0.5,0.0,2,2,2,2,,8,0
CoOp,clahe,0,2,42,slice,0.8121794871794872,0.8456732839790483,0.620253164556962,0.6176282051282052,0.6875,0.825,0.41025641025641024,0.5892857142857143,0.6956521739130435,0.25890821679445036,33,23,16,7,,79,0
CoOp,clahe,0,2,42,patient,1.0,1.0,0.75,0.75,0.8,1.0,0.5,0.6666666666666666,1.0,0.5773502691896258,4,2,2,0,,8,0
CoOp,clahe,0,2,100,slice,0.7423076923076923,0.8325338457987173,0.5949367088607594,0.5932692307692308,0.6444444444444445,0.725,0.46153846153846156,0.58,0.6206896551724138,0.19348472684567747,29,21,18,11,,79,0
CoOp,clahe,0,2,100,patient,0.8125,0.8928571428571428,0.625,0.625,0.7272727272727273,1.0,0.25,0.5714285714285714,1.0,0.3779644730092272,4,3,1,0,,8,0
CoOp,clahe,0,2,2024,slice,0.8185897435897436,0.8526124928404599,0.620253164556962,0.617948717948718,0.6808510638297872,0.8,0.4358974358974359,0.5925925925925926,0.68,0.2535821240490484,32,22,17,8,,79,0
CoOp,clahe,0,2,2024,patient,1.0,1.0,0.75,0.75,0.8,1.0,0.5,0.6666666666666666,1.0,0.5773502691896258,4,2,2,0,,8,0
CoOp,clahe,0,2,777,slice,0.8198717948717948,0.8634902781543883,0.6455696202531646,0.6435897435897436,0.6956521739130435,0.8,0.48717948717948717,0.6153846153846154,0.7037037037037037,0.3027137589221013,32,20,19,8,,79,0
CoOp,clahe,0,2,777,patient,1.0,1.0,0.75,0.75,0.8,1.0,0.5,0.6666666666666666,1.0,0.5773502691896258,4,2,2,0,,8,0
Proto-Adapter,clahe,0,2,42,slice,0.825,0.8637689394259978,0.6329113924050633,0.6304487179487179,0.6947368421052632,0.825,0.4358974358974359,0.6,0.7083333333333334,0.2836254150607383,33,22,17,7,,79,0
Proto-Adapter,clahe,0,2,42,patient,1.0,1.0,0.75,0.75,0.8,1.0,0.5,0.6666666666666666,1.0,0.5773502691896258,4,2,2,0,,8,0
Nearest Centroid,clahe,0,2,0,slice,0.8269230769230769,0.8642577332530189,0.6329113924050633,0.6304487179487179,0.6947368421052632,0.825,0.4358974358974359,0.6,0.7083333333333334,0.2836254150607383,33,22,17,7,,79,0
Nearest Centroid,clahe,0,2,0,patient,1.0,1.0,0.75,0.75,0.8,1.0,0.5,0.6666666666666666,1.0,0.5773502691896258,4,2,2,0,,8,0
CoOp,clahe,0,2,999,slice,0.8211538461538461,0.8596792254978205,0.6708860759493671,0.6692307692307693,0.7111111111111111,0.8,0.5384615384615384,0.64,0.7241379310344828,0.3510650713900952,32,18,21,8,,79,0
CoOp,clahe,0,2,999,patient,1.0,1.0,0.875,0.875,0.8571428571428571,0.75,1.0,1.0,0.8,0.7745966692414834,3,0,4,1,,8,0
Proto-Adapter,clahe,0,2,100,slice,0.825,0.8637689394259978,0.6329113924050633,0.6304487179487179,0.6947368421052632,0.825,0.4358974358974359,0.6,0.7083333333333334,0.2836254150607383,33,22,17,7,,79,0
Proto-Adapter,clahe,0,2,100,patient,1.0,1.0,0.75,0.75,0.8,1.0,0.5,0.6666666666666666,1.0,0.5773502691896258,4,2,2,0,,8,0
Proto-Adapter,clahe,0,2,2024,slice,0.825,0.8637689394259978,0.6329113924050633,0.6304487179487179,0.6947368421052632,0.825,0.4358974358974359,0.6,0.7083333333333334,0.2836254150607383,33,22,17,7,,79,0
Proto-Adapter,clahe,0,2,2024,patient,1.0,1.0,0.75,0.75,0.8,1.0,0.5,0.6666666666666666,1.0,0.5773502691896258,4,2,2,0,,8,0
Proto-Adapter,clahe,0,2,777,slice,0.825,0.8637689394259978,0.6329113924050633,0.6304487179487179,0.6947368421052632,0.825,0.4358974358974359,0.6,0.7083333333333334,0.2836254150607383,33,22,17,7,,79,0
Proto-Adapter,clahe,0,2,777,patient,1.0,1.0,0.75,0.75,0.8,1.0,0.5,0.6666666666666666,1.0,0.5773502691896258,4,2,2,0,,8,0
Proto-Adapter,clahe,0,2,999,slice,0.825,0.8637689394259978,0.6329113924050633,0.6304487179487179,0.6947368421052632,0.825,0.4358974358974359,0.6,0.7083333333333334,0.2836254150607383,33,22,17,7,,79,0
Proto-Adapter,clahe,0,2,999,patient,1.0,1.0,0.75,0.75,0.8,1.0,0.5,0.6666666666666666,1.0,0.5773502691896258,4,2,2,0,,8,0
TaskRes,clahe,0,2,42,slice,0.8189102564102564,0.8471552243400403,0.6455696202531646,0.6429487179487179,0.7083333333333334,0.85,0.4358974358974359,0.6071428571428571,0.7391304347826086,0.31464050324339204,34,22,17,6,,79,0
TaskRes,clahe,0,2,42,patient,1.0,1.0,0.75,0.75,0.8,1.0,0.5,0.6666666666666666,1.0,0.5773502691896258,4,2,2,0,,8,0
TaskRes,clahe,0,2,2024,slice,0.8189102564102564,0.847368353069793,0.6455696202531646,0.6429487179487179,0.7083333333333334,0.85,0.4358974358974359,0.6071428571428571,0.7391304347826086,0.31464050324339204,34,22,17,6,,79,0
TaskRes,clahe,0,2,2024,patient,1.0,1.0,0.75,0.75,0.8,1.0,0.5,0.6666666666666666,1.0,0.5773502691896258,4,2,2,0,,8,0
TaskRes,clahe,0,2,100,slice,0.8189102564102564,0.847368353069793,0.6455696202531646,0.6429487179487179,0.7083333333333334,0.85,0.4358974358974359,0.6071428571428571,0.7391304347826086,0.31464050324339204,34,22,17,6,,79,0
TaskRes,clahe,0,2,100,patient,1.0,1.0,0.75,0.75,0.8,1.0,0.5,0.6666666666666666,1.0,0.5773502691896258,4,2,2,0,,8,0
TaskRes,clahe,0,2,777,slice,0.8189102564102564,0.8471552243400403,0.6455696202531646,0.6429487179487179,0.7083333333333334,0.85,0.4358974358974359,0.6071428571428571,0.7391304347826086,0.31464050324339204,34,22,17,6,,79,0
TaskRes,clahe,0,2,777,patient,1.0,1.0,0.75,0.75,0.8,1.0,0.5,0.6666666666666666,1.0,0.5773502691896258,4,2,2,0,,8,0
TaskRes,clahe,0,2,999,slice,0.8189102564102564,0.8471552243400403,0.6455696202531646,0.6429487179487179,0.7083333333333334,0.85,0.4358974358974359,0.6071428571428571,0.7391304347826086,0.31464050324339204,34,22,17,6,,79,0
TaskRes,clahe,0,2,999,patient,1.0,1.0,0.75,0.75,0.8,1.0,0.5,0.6666666666666666,1.0,0.5773502691896258,4,2,2,0,,8,0
TaskRes+SAM,clahe,0,2,42,slice,0.8205128205128205,0.8494060806266109,0.6455696202531646,0.6429487179487179,0.7083333333333334,0.85,0.4358974358974359,0.6071428571428571,0.7391304347826086,0.31464050324339204,34,22,17,6,,79,0
TaskRes+SAM,clahe,0,2,42,patient,1.0,1.0,0.75,0.75,0.8,1.0,0.5,0.6666666666666666,1.0,0.5773502691896258,4,2,2,0,,8,0
TaskRes+SAM,clahe,0,2,100,slice,0.8205128205128205,0.8494060806266109,0.6455696202531646,0.6429487179487179,0.7083333333333334,0.85,0.4358974358974359,0.6071428571428571,0.7391304347826086,0.31464050324339204,34,22,17,6,,79,0
TaskRes+SAM,clahe,0,2,100,patient,1.0,1.0,0.75,0.75,0.8,1.0,0.5,0.6666666666666666,1.0,0.5773502691896258,4,2,2,0,,8,0
TaskRes+SAM,clahe,0,2,2024,slice,0.8205128205128205,0.8494060806266109,0.6455696202531646,0.6429487179487179,0.7083333333333334,0.85,0.4358974358974359,0.6071428571428571,0.7391304347826086,0.31464050324339204,34,22,17,6,,79,0
TaskRes+SAM,clahe,0,2,2024,patient,1.0,1.0,0.75,0.75,0.8,1.0,0.5,0.6666666666666666,1.0,0.5773502691896258,4,2,2,0,,8,0
TaskRes+SAM,clahe,0,2,777,slice,0.8205128205128205,0.8494060806266109,0.6455696202531646,0.6429487179487179,0.7083333333333334,0.85,0.4358974358974359,0.6071428571428571,0.7391304347826086,0.31464050324339204,34,22,17,6,,79,0
TaskRes+SAM,clahe,0,2,777,patient,1.0,1.0,0.75,0.75,0.8,1.0,0.5,0.6666666666666666,1.0,0.5773502691896258,4,2,2,0,,8,0
TaskRes+SAM,clahe,0,2,999,slice,0.8205128205128205,0.8494060806266109,0.6455696202531646,0.6429487179487179,0.7083333333333334,0.85,0.4358974358974359,0.6071428571428571,0.7391304347826086,0.31464050324339204,34,22,17,6,,79,0
TaskRes+SAM,clahe,0,2,999,patient,1.0,1.0,0.75,0.75,0.8,1.0,0.5,0.6666666666666666,1.0,0.5773502691896258,4,2,2,0,,8,0
Tip-Adapter,raw,0,2,0,slice,0.8192307692307692,0.8620007884599815,0.6329113924050633,0.6310897435897436,0.6813186813186813,0.775,0.48717948717948717,0.6078431372549019,0.6785714285714286,0.27402923929588757,31,20,19,9,,79,0
Tip-Adapter,raw,0,2,0,patient,0.9375,0.95,0.875,0.875,0.8888888888888888,1.0,0.75,0.8,1.0,0.7745966692414834,4,1,3,0,,8,0
Zero-Shot,raw,0,2,0,slice,0.8108974358974359,0.8661352705754213,0.6455696202531646,0.6435897435897436,0.6956521739130435,0.8,0.48717948717948717,0.6153846153846154,0.7037037037037037,0.3027137589221013,32,20,19,8,,79,0
Zero-Shot,raw,0,2,0,patient,0.9375,0.95,0.75,0.75,0.75,0.75,0.75,0.75,0.75,0.5,3,1,3,1,,8,0
Tip-Adapter-F,raw,0,2,42,slice,0.8108974358974359,0.8655460395238281,0.6455696202531646,0.6435897435897436,0.6956521739130435,0.8,0.48717948717948717,0.6153846153846154,0.7037037037037037,0.3027137589221013,32,20,19,8,,79,0
Tip-Adapter-F,raw,0,2,42,patient,0.9375,0.95,0.75,0.75,0.75,0.75,0.75,0.75,0.75,0.5,3,1,3,1,,8,0
Tip-Adapter-F,raw,0,2,100,slice,0.8108974358974359,0.8655460395238281,0.6455696202531646,0.6435897435897436,0.6956521739130435,0.8,0.48717948717948717,0.6153846153846154,0.7037037037037037,0.3027137589221013,32,20,19,8,,79,0
Tip-Adapter-F,raw,0,2,100,patient,0.9375,0.95,0.75,0.75,0.75,0.75,0.75,0.75,0.75,0.5,3,1,3,1,,8,0
Tip-Adapter-F,raw,0,2,2024,slice,0.8108974358974359,0.8655460395238281,0.6455696202531646,0.6435897435897436,0.6956521739130435,0.8,0.48717948717948717,0.6153846153846154,0.7037037037037037,0.3027137589221013,32,20,19,8,,79,0
Tip-Adapter-F,raw,0,2,2024,patient,0.9375,0.95,0.75,0.75,0.75,0.75,0.75,0.75,0.75,0.5,3,1,3,1,,8,0
Tip-Adapter-F,raw,0,2,777,slice,0.8108974358974359,0.8655460395238281,0.6455696202531646,0.6435897435897436,0.6956521739130435,0.8,0.48717948717948717,0.6153846153846154,0.7037037037037037,0.3027137589221013,32,20,19,8,,79,0
Tip-Adapter-F,raw,0,2,777,patient,0.9375,0.95,0.75,0.75,0.75,0.75,0.75,0.75,0.75,0.5,3,1,3,1,,8,0
Tip-Adapter-F,raw,0,2,999,slice,0.8108974358974359,0.8655460395238281,0.6455696202531646,0.6435897435897436,0.6956521739130435,0.8,0.48717948717948717,0.6153846153846154,0.7037037037037037,0.3027137589221013,32,20,19,8,,79,0
Tip-Adapter-F,raw,0,2,999,patient,0.9375,0.95,0.75,0.75,0.75,0.75,0.75,0.75,0.75,0.5,3,1,3,1,,8,0
Tip-Adapter-F+SAM,raw,0,2,42,slice,0.8173076923076923,0.8672474742858786,0.6329113924050633,0.6310897435897436,0.6813186813186813,0.775,0.48717948717948717,0.6078431372549019,0.6785714285714286,0.27402923929588757,31,20,19,9,,79,0
Tip-Adapter-F+SAM,raw,0,2,42,patient,0.9375,0.95,0.75,0.75,0.75,0.75,0.75,0.75,0.75,0.5,3,1,3,1,,8,0
Tip-Adapter-F+SAM,raw,0,2,100,slice,0.8173076923076923,0.8672474742858786,0.6329113924050633,0.6310897435897436,0.6813186813186813,0.775,0.48717948717948717,0.6078431372549019,0.6785714285714286,0.27402923929588757,31,20,19,9,,79,0
Tip-Adapter-F+SAM,raw,0,2,100,patient,0.9375,0.95,0.75,0.75,0.75,0.75,0.75,0.75,0.75,0.5,3,1,3,1,,8,0
Tip-Adapter-F+SAM,raw,0,2,2024,slice,0.8173076923076923,0.8672474742858786,0.6329113924050633,0.6310897435897436,0.6813186813186813,0.775,0.48717948717948717,0.6078431372549019,0.6785714285714286,0.27402923929588757,31,20,19,9,,79,0
Tip-Adapter-F+SAM,raw,0,2,2024,patient,0.9375,0.95,0.75,0.75,0.75,0.75,0.75,0.75,0.75,0.5,3,1,3,1,,8,0
Tip-Adapter-F+SAM,raw,0,2,777,slice,0.8173076923076923,0.8672474742858786,0.6329113924050633,0.6310897435897436,0.6813186813186813,0.775,0.48717948717948717,0.6078431372549019,0.6785714285714286,0.27402923929588757,31,20,19,9,,79,0
Tip-Adapter-F+SAM,raw,0,2,777,patient,0.9375,0.95,0.75,0.75,0.75,0.75,0.75,0.75,0.75,0.5,3,1,3,1,,8,0
Tip-Adapter-F+SAM,raw,0,2,999,slice,0.8173076923076923,0.8672474742858786,0.6329113924050633,0.6310897435897436,0.6813186813186813,0.775,0.48717948717948717,0.6078431372549019,0.6785714285714286,0.27402923929588757,31,20,19,9,,79,0
Tip-Adapter-F+SAM,raw,0,2,999,patient,0.9375,0.95,0.75,0.75,0.75,0.75,0.75,0.75,0.75,0.5,3,1,3,1,,8,0
CLIP-Adapter,raw,0,2,42,slice,0.8092948717948718,0.8571023324868243,0.620253164556962,0.617948717948718,0.6808510638297872,0.8,0.4358974358974359,0.5925925925925926,0.68,0.2535821240490484,32,22,17,8,,79,0
CLIP-Adapter,raw,0,2,42,patient,1.0,1.0,0.875,0.875,0.8888888888888888,1.0,0.75,0.8,1.0,0.7745966692414834,4,1,3,0,,8,0
CLIP-Adapter,raw,0,2,100,slice,0.42467948717948717,0.5932083699435616,0.5316455696202531,0.5342948717948718,0.4126984126984127,0.325,0.7435897435897436,0.5652173913043478,0.5178571428571429,0.07548550189919943,13,10,29,27,,79,0
CLIP-Adapter,raw,0,2,100,patient,0.25,0.5654761904761905,0.5,0.5,0.3333333333333333,0.25,0.75,0.5,0.5,0.0,1,1,3,3,,8,0
CLIP-Adapter,raw,0,2,2024,slice,0.808974358974359,0.8458193287906809,0.6329113924050633,0.6310897435897436,0.6813186813186813,0.775,0.48717948717948717,0.6078431372549019,0.6785714285714286,0.27402923929588757,31,20,19,9,,79,0
CLIP-Adapter,raw,0,2,2024,patient,0.875,0.9166666666666666,0.625,0.625,0.7272727272727273,1.0,0.25,0.5714285714285714,1.0,0.3779644730092272,4,3,1,0,,8,0
CLIP-Adapter,raw,0,2,777,slice,0.8192307692307692,0.8608323196425431,0.620253164556962,0.6182692307692308,0.6739130434782609,0.775,0.46153846153846156,0.5961538461538461,0.6666666666666666,0.24933343089789148,31,21,18,9,,79,0
CLIP-Adapter,raw,0,2,777,patient,0.9375,0.95,0.75,0.75,0.8,1.0,0.5,0.6666666666666666,1.0,0.5773502691896258,4,2,2,0,,8,0
CLIP-Adapter,raw,0,2,999,slice,0.38076923076923075,0.5400336137640385,0.5063291139240507,0.5096153846153846,0.3389830508474576,0.25,0.7692307692307693,0.5263157894736842,0.5,0.02249606353329238,10,9,30,30,,79,0
CLIP-Adapter,raw,0,2,999,patient,0.25,0.5654761904761905,0.5,0.5,0.3333333333333333,0.25,0.75,0.5,0.5,0.0,1,1,3,3,,8,0
CoOp,raw,0,2,42,slice,0.8092948717948718,0.8565026408331293,0.620253164556962,0.6182692307692308,0.6739130434782609,0.775,0.46153846153846156,0.5961538461538461,0.6666666666666666,0.24933343089789148,31,21,18,9,,79,0
CoOp,raw,0,2,42,patient,0.9375,0.95,0.75,0.75,0.8,1.0,0.5,0.6666666666666666,1.0,0.5773502691896258,4,2,2,0,,8,0
CoOp,raw,0,2,100,slice,0.767948717948718,0.835806475257052,0.6329113924050633,0.6317307692307692,0.6666666666666666,0.725,0.5384615384615384,0.6170212765957447,0.65625,0.2683215812216071,29,18,21,11,,79,0
CoOp,raw,0,2,100,patient,0.75,0.875,0.625,0.625,0.6666666666666666,0.75,0.5,0.6,0.6666666666666666,0.2581988897471611,3,2,2,1,,8,0
CoOp,raw,0,2,2024,slice,0.8044871794871795,0.8500267944068568,0.6329113924050633,0.6310897435897436,0.6813186813186813,0.775,0.48717948717948717,0.6078431372549019,0.6785714285714286,0.27402923929588757,31,20,19,9,,79,0
CoOp,raw,0,2,2024,patient,0.9375,0.95,0.875,0.875,0.8888888888888888,1.0,0.75,0.8,1.0,0.7745966692414834,4,1,3,0,,8,0
CoOp,raw,0,2,777,slice,0.8057692307692308,0.8569669235025419,0.620253164556962,0.6182692307692308,0.6739130434782609,0.775,0.46153846153846156,0.5961538461538461,0.6666666666666666,0.24933343089789148,31,21,18,9,,79,0
CoOp,raw,0,2,777,patient,0.875,0.9166666666666666,0.75,0.75,0.8,1.0,0.5,0.6666666666666666,1.0,0.5773502691896258,4,2,2,0,,8,0
Nearest Centroid,raw,0,2,0,slice,0.816025641025641,0.8624098191483973,0.620253164556962,0.6182692307692308,0.6739130434782609,0.775,0.46153846153846156,0.5961538461538461,0.6666666666666666,0.24933343089789148,31,21,18,9,,79,0
Nearest Centroid,raw,0,2,0,patient,0.9375,0.95,0.75,0.75,0.8,1.0,0.5,0.6666666666666666,1.0,0.5773502691896258,4,2,2,0,,8,0
CoOp,raw,0,2,999,slice,0.8128205128205128,0.8602280973800678,0.620253164556962,0.6182692307692308,0.6739130434782609,0.775,0.46153846153846156,0.5961538461538461,0.6666666666666666,0.24933343089789148,31,21,18,9,,79,0
CoOp,raw,0,2,999,patient,0.9375,0.95,0.875,0.875,0.8888888888888888,1.0,0.75,0.8,1.0,0.7745966692414834,4,1,3,0,,8,0
Proto-Adapter,raw,0,2,42,slice,0.823076923076923,0.8643540342449288,0.620253164556962,0.6182692307692308,0.6739130434782609,0.775,0.46153846153846156,0.5961538461538461,0.6666666666666666,0.24933343089789148,31,21,18,9,,79,0
Proto-Adapter,raw,0,2,42,patient,0.9375,0.95,0.75,0.75,0.8,1.0,0.5,0.6666666666666666,1.0,0.5773502691896258,4,2,2,0,,8,0
Proto-Adapter,raw,0,2,100,slice,0.823076923076923,0.8643540342449288,0.620253164556962,0.6182692307692308,0.6739130434782609,0.775,0.46153846153846156,0.5961538461538461,0.6666666666666666,0.24933343089789148,31,21,18,9,,79,0
Proto-Adapter,raw,0,2,100,patient,0.9375,0.95,0.75,0.75,0.8,1.0,0.5,0.6666666666666666,1.0,0.5773502691896258,4,2,2,0,,8,0
Proto-Adapter,raw,0,2,2024,slice,0.823076923076923,0.8643540342449288,0.620253164556962,0.6182692307692308,0.6739130434782609,0.775,0.46153846153846156,0.5961538461538461,0.6666666666666666,0.24933343089789148,31,21,18,9,,79,0
Proto-Adapter,raw,0,2,2024,patient,0.9375,0.95,0.75,0.75,0.8,1.0,0.5,0.6666666666666666,1.0,0.5773502691896258,4,2,2,0,,8,0
Proto-Adapter,raw,0,2,777,slice,0.823076923076923,0.8643540342449288,0.620253164556962,0.6182692307692308,0.6739130434782609,0.775,0.46153846153846156,0.5961538461538461,0.6666666666666666,0.24933343089789148,31,21,18,9,,79,0
Proto-Adapter,raw,0,2,777,patient,0.9375,0.95,0.75,0.75,0.8,1.0,0.5,0.6666666666666666,1.0,0.5773502691896258,4,2,2,0,,8,0
Proto-Adapter,raw,0,2,999,slice,0.823076923076923,0.8643540342449288,0.620253164556962,0.6182692307692308,0.6739130434782609,0.775,0.46153846153846156,0.5961538461538461,0.6666666666666666,0.24933343089789148,31,21,18,9,,79,0
Proto-Adapter,raw,0,2,999,patient,0.9375,0.95,0.75,0.75,0.8,1.0,0.5,0.6666666666666666,1.0,0.5773502691896258,4,2,2,0,,8,0
TaskRes,raw,0,2,100,slice,0.8173076923076923,0.8567977077048028,0.620253164556962,0.6182692307692308,0.6739130434782609,0.775,0.46153846153846156,0.5961538461538461,0.6666666666666666,0.24933343089789148,31,21,18,9,,79,0
TaskRes,raw,0,2,100,patient,0.9375,0.95,0.875,0.875,0.8888888888888888,1.0,0.75,0.8,1.0,0.7745966692414834,4,1,3,0,,8,0
TaskRes,raw,0,2,42,slice,0.8173076923076923,0.8567977077048028,0.620253164556962,0.6182692307692308,0.6739130434782609,0.775,0.46153846153846156,0.5961538461538461,0.6666666666666666,0.24933343089789148,31,21,18,9,,79,0
TaskRes,raw,0,2,42,patient,0.9375,0.95,0.875,0.875,0.8888888888888888,1.0,0.75,0.8,1.0,0.7745966692414834,4,1,3,0,,8,0
TaskRes,raw,0,2,2024,slice,0.8173076923076923,0.8567977077048028,0.620253164556962,0.6182692307692308,0.6739130434782609,0.775,0.46153846153846156,0.5961538461538461,0.6666666666666666,0.24933343089789148,31,21,18,9,,79,0
TaskRes,raw,0,2,2024,patient,0.9375,0.95,0.875,0.875,0.8888888888888888,1.0,0.75,0.8,1.0,0.7745966692414834,4,1,3,0,,8,0
TaskRes,raw,0,2,777,slice,0.8173076923076923,0.8567977077048028,0.620253164556962,0.6182692307692308,0.6739130434782609,0.775,0.46153846153846156,0.5961538461538461,0.6666666666666666,0.24933343089789148,31,21,18,9,,79,0
TaskRes,raw,0,2,777,patient,0.9375,0.95,0.875,0.875,0.8888888888888888,1.0,0.75,0.8,1.0,0.7745966692414834,4,1,3,0,,8,0
TaskRes,raw,0,2,999,slice,0.8173076923076923,0.8567977077048028,0.620253164556962,0.6182692307692308,0.6739130434782609,0.775,0.46153846153846156,0.5961538461538461,0.6666666666666666,0.24933343089789148,31,21,18,9,,79,0
TaskRes,raw,0,2,999,patient,0.9375,0.95,0.875,0.875,0.8888888888888888,1.0,0.75,0.8,1.0,0.7745966692414834,4,1,3,0,,8,0
TaskRes+SAM,raw,0,2,42,slice,0.8185897435897436,0.8596571848289859,0.620253164556962,0.6182692307692308,0.6739130434782609,0.775,0.46153846153846156,0.5961538461538461,0.6666666666666666,0.24933343089789148,31,21,18,9,,79,0
TaskRes+SAM,raw,0,2,42,patient,0.9375,0.95,0.875,0.875,0.8888888888888888,1.0,0.75,0.8,1.0,0.7745966692414834,4,1,3,0,,8,0
TaskRes+SAM,raw,0,2,100,slice,0.8185897435897436,0.8596571848289859,0.620253164556962,0.6182692307692308,0.6739130434782609,0.775,0.46153846153846156,0.5961538461538461,0.6666666666666666,0.24933343089789148,31,21,18,9,,79,0
TaskRes+SAM,raw,0,2,100,patient,0.9375,0.95,0.875,0.875,0.8888888888888888,1.0,0.75,0.8,1.0,0.7745966692414834,4,1,3,0,,8,0
TaskRes+SAM,raw,0,2,2024,slice,0.8185897435897436,0.8596571848289859,0.620253164556962,0.6182692307692308,0.6739130434782609,0.775,0.46153846153846156,0.5961538461538461,0.6666666666666666,0.24933343089789148,31,21,18,9,,79,0
TaskRes+SAM,raw,0,2,2024,patient,0.9375,0.95,0.875,0.875,0.8888888888888888,1.0,0.75,0.8,1.0,0.7745966692414834,4,1,3,0,,8,0
TaskRes+SAM,raw,0,2,777,slice,0.8185897435897436,0.8596571848289859,0.620253164556962,0.6182692307692308,0.6739130434782609,0.775,0.46153846153846156,0.5961538461538461,0.6666666666666666,0.24933343089789148,31,21,18,9,,79,0
TaskRes+SAM,raw,0,2,777,patient,0.9375,0.95,0.875,0.875,0.8888888888888888,1.0,0.75,0.8,1.0,0.7745966692414834,4,1,3,0,,8,0
TaskRes+SAM,raw,0,2,999,slice,0.8185897435897436,0.8596571848289859,0.620253164556962,0.6182692307692308,0.6739130434782609,0.775,0.46153846153846156,0.5961538461538461,0.6666666666666666,0.24933343089789148,31,21,18,9,,79,0
TaskRes+SAM,raw,0,2,999,patient,0.9375,0.95,0.875,0.875,0.8888888888888888,1.0,0.75,0.8,1.0,0.7745966692414834,4,1,3,0,,8,0
Tip-Adapter,clahe,0,3,0,slice,0.79,0.7358505783558142,0.7375,0.7375,0.7529411764705882,0.8,0.675,0.7111111111111111,0.7714285714285715,0.4787549991450211,32,13,27,8,,80,0
Tip-Adapter,clahe,0,3,0,patient,0.875,0.8875,0.75,0.75,0.8,1.0,0.5,0.6666666666666666,1.0,0.5773502691896258,4,2,2,0,,8,0
Zero-Shot,clahe,0,3,0,slice,0.79,0.7445107037748867,0.7625,0.7625,0.7710843373493976,0.8,0.725,0.7441860465116279,0.7837837837837838,0.5264828210920952,32,11,29,8,,80,0
Zero-Shot,clahe,0,3,0,patient,0.875,0.8875,0.75,0.75,0.8,1.0,0.5,0.6666666666666666,1.0,0.5773502691896258,4,2,2,0,,8,0
Tip-Adapter-F,clahe,0,3,42,slice,0.7896875,0.7442902153081296,0.7625,0.7625,0.7710843373493976,0.8,0.725,0.7441860465116279,0.7837837837837838,0.5264828210920952,32,11,29,8,,80,0
Tip-Adapter-F,clahe,0,3,42,patient,0.875,0.8875,0.75,0.75,0.8,1.0,0.5,0.6666666666666666,1.0,0.5773502691896258,4,2,2,0,,8,0
Tip-Adapter-F,clahe,0,3,100,slice,0.7896875,0.7442902153081296,0.7625,0.7625,0.7710843373493976,0.8,0.725,0.7441860465116279,0.7837837837837838,0.5264828210920952,32,11,29,8,,80,0
Tip-Adapter-F,clahe,0,3,100,patient,0.875,0.8875,0.75,0.75,0.8,1.0,0.5,0.6666666666666666,1.0,0.5773502691896258,4,2,2,0,,8,0
Tip-Adapter-F,clahe,0,3,2024,slice,0.7896875,0.7442902153081296,0.7625,0.7625,0.7710843373493976,0.8,0.725,0.7441860465116279,0.7837837837837838,0.5264828210920952,32,11,29,8,,80,0
Tip-Adapter-F,clahe,0,3,2024,patient,0.875,0.8875,0.75,0.75,0.8,1.0,0.5,0.6666666666666666,1.0,0.5773502691896258,4,2,2,0,,8,0
Tip-Adapter-F,clahe,0,3,777,slice,0.7896875,0.7442902153081296,0.7625,0.7625,0.7710843373493976,0.8,0.725,0.7441860465116279,0.7837837837837838,0.5264828210920952,32,11,29,8,,80,0
Tip-Adapter-F,clahe,0,3,777,patient,0.875,0.8875,0.75,0.75,0.8,1.0,0.5,0.6666666666666666,1.0,0.5773502691896258,4,2,2,0,,8,0
Tip-Adapter-F,clahe,0,3,999,slice,0.7896875,0.7442902153081296,0.7625,0.7625,0.7710843373493976,0.8,0.725,0.7441860465116279,0.7837837837837838,0.5264828210920952,32,11,29,8,,80,0
Tip-Adapter-F,clahe,0,3,999,patient,0.875,0.8875,0.75,0.75,0.8,1.0,0.5,0.6666666666666666,1.0,0.5773502691896258,4,2,2,0,,8,0
Tip-Adapter-F+SAM,clahe,0,3,42,slice,0.7915625,0.7354670557344389,0.725,0.7250000000000001,0.7380952380952381,0.775,0.675,0.7045454545454546,0.75,0.45226701686664544,31,13,27,9,,80,0
Tip-Adapter-F+SAM,clahe,0,3,42,patient,0.875,0.8875,0.75,0.75,0.8,1.0,0.5,0.6666666666666666,1.0,0.5773502691896258,4,2,2,0,,8,0
Tip-Adapter-F+SAM,clahe,0,3,100,slice,0.7915625,0.7354670557344389,0.725,0.7250000000000001,0.7380952380952381,0.775,0.675,0.7045454545454546,0.75,0.45226701686664544,31,13,27,9,,80,0
Tip-Adapter-F+SAM,clahe,0,3,100,patient,0.875,0.8875,0.75,0.75,0.8,1.0,0.5,0.6666666666666666,1.0,0.5773502691896258,4,2,2,0,,8,0
Tip-Adapter-F+SAM,clahe,0,3,2024,slice,0.7915625,0.7354670557344389,0.725,0.7250000000000001,0.7380952380952381,0.775,0.675,0.7045454545454546,0.75,0.45226701686664544,31,13,27,9,,80,0
Tip-Adapter-F+SAM,clahe,0,3,2024,patient,0.875,0.8875,0.75,0.75,0.8,1.0,0.5,0.6666666666666666,1.0,0.5773502691896258,4,2,2,0,,8,0
Tip-Adapter-F+SAM,clahe,0,3,777,slice,0.7915625,0.7354670557344389,0.725,0.7250000000000001,0.7380952380952381,0.775,0.675,0.7045454545454546,0.75,0.45226701686664544,31,13,27,9,,80,0
Tip-Adapter-F+SAM,clahe,0,3,777,patient,0.875,0.8875,0.75,0.75,0.8,1.0,0.5,0.6666666666666666,1.0,0.5773502691896258,4,2,2,0,,8,0
Tip-Adapter-F+SAM,clahe,0,3,999,slice,0.7915625,0.7354670557344389,0.725,0.7250000000000001,0.7380952380952381,0.775,0.675,0.7045454545454546,0.75,0.45226701686664544,31,13,27,9,,80,0
Tip-Adapter-F+SAM,clahe,0,3,999,patient,0.875,0.8875,0.75,0.75,0.8,1.0,0.5,0.6666666666666666,1.0,0.5773502691896258,4,2,2,0,,8,0
CLIP-Adapter,clahe,0,3,42,slice,0.781875,0.7315342358633142,0.725,0.7250000000000001,0.7380952380952381,0.775,0.675,0.7045454545454546,0.75,0.45226701686664544,31,13,27,9,,80,0
CLIP-Adapter,clahe,0,3,42,patient,0.875,0.8875,0.75,0.75,0.8,1.0,0.5,0.6666666666666666,1.0,0.5773502691896258,4,2,2,0,,8,0
CLIP-Adapter,clahe,0,3,100,slice,0.780625,0.724257732784072,0.7375,0.7375,0.7469879518072289,0.775,0.7,0.7209302325581395,0.7567567567567568,0.47634160003570514,31,12,28,9,,80,0
CLIP-Adapter,clahe,0,3,100,patient,0.875,0.8875,0.75,0.75,0.75,0.75,0.75,0.75,0.75,0.5,3,1,3,1,,8,0
CLIP-Adapter,clahe,0,3,2024,slice,0.79375,0.7344312639585436,0.7375,0.7375,0.7469879518072289,0.775,0.7,0.7209302325581395,0.7567567567567568,0.47634160003570514,31,12,28,9,,80,0
CLIP-Adapter,clahe,0,3,2024,patient,0.875,0.8875,0.875,0.875,0.8888888888888888,1.0,0.75,0.8,1.0,0.7745966692414834,4,1,3,0,,8,0
CLIP-Adapter,clahe,0,3,777,slice,0.79625,0.7423415046369893,0.725,0.7250000000000001,0.7380952380952381,0.775,0.675,0.7045454545454546,0.75,0.45226701686664544,31,13,27,9,,80,0
CLIP-Adapter,clahe,0,3,777,patient,0.875,0.8875,0.75,0.75,0.8,1.0,0.5,0.6666666666666666,1.0,0.5773502691896258,4,2,2,0,,8,0
CLIP-Adapter,clahe,0,3,999,slice,0.7678125,0.700371884744048,0.725,0.7250000000000001,0.7380952380952381,0.775,0.675,0.7045454545454546,0.75,0.45226701686664544,31,13,27,9,,80,0
CLIP-Adapter,clahe,0,3,999,patient,0.8125,0.8041666666666667,0.75,0.75,0.8,1.0,0.5,0.6666666666666666,1.0,0.5773502691896258,4,2,2,0,,8,0
CoOp,clahe,0,3,42,slice,0.79375,0.7392295739090555,0.7375,0.7375,0.7586206896551724,0.825,0.65,0.7021276595744681,0.7878787878787878,0.48244488031307425,33,14,26,7,,80,0
CoOp,clahe,0,3,42,patient,0.875,0.8875,0.75,0.75,0.8,1.0,0.5,0.6666666666666666,1.0,0.5773502691896258,4,2,2,0,,8,0
CoOp,clahe,0,3,100,slice,0.776875,0.7376561538224363,0.725,0.725,0.725,0.725,0.725,0.725,0.725,0.45,29,11,29,11,,80,0
CoOp,clahe,0,3,100,patient,0.875,0.8875,0.75,0.75,0.8,1.0,0.5,0.6666666666666666,1.0,0.5773502691896258,4,2,2,0,,8,0
CoOp,clahe,0,3,2024,slice,0.7825,0.7316089074823646,0.7375,0.7375,0.7529411764705882,0.8,0.675,0.7111111111111111,0.7714285714285715,0.4787549991450211,32,13,27,8,,80,0
CoOp,clahe,0,3,2024,patient,0.875,0.8875,0.75,0.75,0.8,1.0,0.5,0.6666666666666666,1.0,0.5773502691896258,4,2,2,0,,8,0
CoOp,clahe,0,3,777,slice,0.77125,0.7364172733398988,0.725,0.7250000000000001,0.7380952380952381,0.775,0.675,0.7045454545454546,0.75,0.45226701686664544,31,13,27,9,,80,0
CoOp,clahe,0,3,777,patient,0.875,0.8875,0.75,0.75,0.8,1.0,0.5,0.6666666666666666,1.0,0.5773502691896258,4,2,2,0,,8,0
Proto-Adapter,clahe,0,3,42,slice,0.795,0.7426470531808768,0.7375,0.7375,0.7529411764705882,0.8,0.675,0.7111111111111111,0.7714285714285715,0.4787549991450211,32,13,27,8,,80,0
Proto-Adapter,clahe,0,3,42,patient,0.875,0.8875,0.875,0.875,0.8888888888888888,1.0,0.75,0.8,1.0,0.7745966692414834,4,1,3,0,,8,0
Nearest Centroid,clahe,0,3,0,slice,0.7915625,0.7404286140496689,0.7375,0.7375,0.7529411764705882,0.8,0.675,0.7111111111111111,0.7714285714285715,0.4787549991450211,32,13,27,8,,80,0
Nearest Centroid,clahe,0,3,0,patient,0.875,0.8875,0.75,0.75,0.8,1.0,0.5,0.6666666666666666,1.0,0.5773502691896258,4,2,2,0,,8,0
CoOp,clahe,0,3,999,slice,0.785,0.7358944712767703,0.725,0.7250000000000001,0.7441860465116279,0.8,0.65,0.6956521739130435,0.7647058823529411,0.4551495636817563,32,14,26,8,,80,0
CoOp,clahe,0,3,999,patient,0.8125,0.8041666666666667,0.75,0.75,0.8,1.0,0.5,0.6666666666666666,1.0,0.5773502691896258,4,2,2,0,,8,0
Proto-Adapter,clahe,0,3,100,slice,0.795,0.7426470531808768,0.7375,0.7375,0.7529411764705882,0.8,0.675,0.7111111111111111,0.7714285714285715,0.4787549991450211,32,13,27,8,,80,0
Proto-Adapter,clahe,0,3,100,patient,0.875,0.8875,0.875,0.875,0.8888888888888888,1.0,0.75,0.8,1.0,0.7745966692414834,4,1,3,0,,8,0
Proto-Adapter,clahe,0,3,2024,slice,0.795,0.7426470531808768,0.7375,0.7375,0.7529411764705882,0.8,0.675,0.7111111111111111,0.7714285714285715,0.4787549991450211,32,13,27,8,,80,0
Proto-Adapter,clahe,0,3,2024,patient,0.875,0.8875,0.875,0.875,0.8888888888888888,1.0,0.75,0.8,1.0,0.7745966692414834,4,1,3,0,,8,0
Proto-Adapter,clahe,0,3,777,slice,0.795,0.7426470531808768,0.7375,0.7375,0.7529411764705882,0.8,0.675,0.7111111111111111,0.7714285714285715,0.4787549991450211,32,13,27,8,,80,0
Proto-Adapter,clahe,0,3,777,patient,0.875,0.8875,0.875,0.875,0.8888888888888888,1.0,0.75,0.8,1.0,0.7745966692414834,4,1,3,0,,8,0
TaskRes,clahe,0,3,42,slice,0.789375,0.7287046603525521,0.7375,0.7375,0.7529411764705882,0.8,0.675,0.7111111111111111,0.7714285714285715,0.4787549991450211,32,13,27,8,,80,0
TaskRes,clahe,0,3,42,patient,0.875,0.8875,0.75,0.75,0.8,1.0,0.5,0.6666666666666666,1.0,0.5773502691896258,4,2,2,0,,8,0
Proto-Adapter,clahe,0,3,999,slice,0.795,0.7426470531808768,0.7375,0.7375,0.7529411764705882,0.8,0.675,0.7111111111111111,0.7714285714285715,0.4787549991450211,32,13,27,8,,80,0
Proto-Adapter,clahe,0,3,999,patient,0.875,0.8875,0.875,0.875,0.8888888888888888,1.0,0.75,0.8,1.0,0.7745966692414834,4,1,3,0,,8,0
TaskRes,clahe,0,3,100,slice,0.789375,0.7287046603525521,0.7375,0.7375,0.7529411764705882,0.8,0.675,0.7111111111111111,0.7714285714285715,0.4787549991450211,32,13,27,8,,80,0
TaskRes,clahe,0,3,100,patient,0.875,0.8875,0.75,0.75,0.8,1.0,0.5,0.6666666666666666,1.0,0.5773502691896258,4,2,2,0,,8,0
TaskRes,clahe,0,3,777,slice,0.789375,0.7287046603525521,0.7375,0.7375,0.7529411764705882,0.8,0.675,0.7111111111111111,0.7714285714285715,0.4787549991450211,32,13,27,8,,80,0
TaskRes,clahe,0,3,777,patient,0.875,0.8875,0.75,0.75,0.8,1.0,0.5,0.6666666666666666,1.0,0.5773502691896258,4,2,2,0,,8,0
TaskRes,clahe,0,3,2024,slice,0.789375,0.7287046603525521,0.7375,0.7375,0.7529411764705882,0.8,0.675,0.7111111111111111,0.7714285714285715,0.4787549991450211,32,13,27,8,,80,0
TaskRes,clahe,0,3,2024,patient,0.875,0.8875,0.75,0.75,0.8,1.0,0.5,0.6666666666666666,1.0,0.5773502691896258,4,2,2,0,,8,0
TaskRes,clahe,0,3,999,slice,0.789375,0.7287046603525521,0.7375,0.7375,0.7529411764705882,0.8,0.675,0.7111111111111111,0.7714285714285715,0.4787549991450211,32,13,27,8,,80,0
TaskRes,clahe,0,3,999,patient,0.875,0.8875,0.75,0.75,0.8,1.0,0.5,0.6666666666666666,1.0,0.5773502691896258,4,2,2,0,,8,0
TaskRes+SAM,clahe,0,3,42,slice,0.79,0.7289693665765606,0.7375,0.7375,0.7529411764705882,0.8,0.675,0.7111111111111111,0.7714285714285715,0.4787549991450211,32,13,27,8,,80,0
TaskRes+SAM,clahe,0,3,42,patient,0.875,0.8875,0.75,0.75,0.8,1.0,0.5,0.6666666666666666,1.0,0.5773502691896258,4,2,2,0,,8,0
TaskRes+SAM,clahe,0,3,100,slice,0.79,0.7289693665765606,0.7375,0.7375,0.7529411764705882,0.8,0.675,0.7111111111111111,0.7714285714285715,0.4787549991450211,32,13,27,8,,80,0
TaskRes+SAM,clahe,0,3,100,patient,0.875,0.8875,0.75,0.75,0.8,1.0,0.5,0.6666666666666666,1.0,0.5773502691896258,4,2,2,0,,8,0
TaskRes+SAM,clahe,0,3,2024,slice,0.79,0.7289693665765606,0.7375,0.7375,0.7529411764705882,0.8,0.675,0.7111111111111111,0.7714285714285715,0.4787549991450211,32,13,27,8,,80,0
TaskRes+SAM,clahe,0,3,2024,patient,0.875,0.8875,0.75,0.75,0.8,1.0,0.5,0.6666666666666666,1.0,0.5773502691896258,4,2,2,0,,8,0
TaskRes+SAM,clahe,0,3,777,slice,0.79,0.7289693665765606,0.7375,0.7375,0.7529411764705882,0.8,0.675,0.7111111111111111,0.7714285714285715,0.4787549991450211,32,13,27,8,,80,0
TaskRes+SAM,clahe,0,3,777,patient,0.875,0.8875,0.75,0.75,0.8,1.0,0.5,0.6666666666666666,1.0,0.5773502691896258,4,2,2,0,,8,0
TaskRes+SAM,clahe,0,3,999,slice,0.79,0.7289693665765606,0.7375,0.7375,0.7529411764705882,0.8,0.675,0.7111111111111111,0.7714285714285715,0.4787549991450211,32,13,27,8,,80,0
TaskRes+SAM,clahe,0,3,999,patient,0.875,0.8875,0.75,0.75,0.8,1.0,0.5,0.6666666666666666,1.0,0.5773502691896258,4,2,2,0,,8,0
Zero-Shot,raw,0,3,0,slice,0.748125,0.7221490773811707,0.6875,0.6875,0.6987951807228916,0.725,0.65,0.6744186046511628,0.7027027027027027,0.3760591579229251,29,14,26,11,,80,0
Zero-Shot,raw,0,3,0,patient,0.875,0.8875,0.75,0.75,0.8,1.0,0.5,0.6666666666666666,1.0,0.5773502691896258,4,2,2,0,,8,0
Tip-Adapter,raw,0,3,0,slice,0.7684375,0.7302425122996915,0.7,0.7,0.7142857142857143,0.75,0.65,0.6818181818181818,0.7222222222222222,0.40201512610368484,30,14,26,10,,80,0
Tip-Adapter,raw,0,3,0,patient,0.875,0.8875,0.75,0.75,0.8,1.0,0.5,0.6666666666666666,1.0,0.5773502691896258,4,2,2,0,,8,0
Tip-Adapter-F,raw,0,3,42,slice,0.7478125,0.7215786316385826,0.6875,0.6875,0.6987951807228916,0.725,0.65,0.6744186046511628,0.7027027027027027,0.3760591579229251,29,14,26,11,,80,0
Tip-Adapter-F,raw,0,3,42,patient,0.875,0.8875,0.75,0.75,0.8,1.0,0.5,0.6666666666666666,1.0,0.5773502691896258,4,2,2,0,,8,0
Tip-Adapter-F,raw,0,3,100,slice,0.7478125,0.7215786316385826,0.6875,0.6875,0.6987951807228916,0.725,0.65,0.6744186046511628,0.7027027027027027,0.3760591579229251,29,14,26,11,,80,0
Tip-Adapter-F,raw,0,3,100,patient,0.875,0.8875,0.75,0.75,0.8,1.0,0.5,0.6666666666666666,1.0,0.5773502691896258,4,2,2,0,,8,0
Tip-Adapter-F,raw,0,3,2024,slice,0.7478125,0.7215786316385826,0.6875,0.6875,0.6987951807228916,0.725,0.65,0.6744186046511628,0.7027027027027027,0.3760591579229251,29,14,26,11,,80,0
Tip-Adapter-F,raw,0,3,2024,patient,0.875,0.8875,0.75,0.75,0.8,1.0,0.5,0.6666666666666666,1.0,0.5773502691896258,4,2,2,0,,8,0
Tip-Adapter-F,raw,0,3,777,slice,0.7478125,0.7215786316385826,0.6875,0.6875,0.6987951807228916,0.725,0.65,0.6744186046511628,0.7027027027027027,0.3760591579229251,29,14,26,11,,80,0
Tip-Adapter-F,raw,0,3,777,patient,0.875,0.8875,0.75,0.75,0.8,1.0,0.5,0.6666666666666666,1.0,0.5773502691896258,4,2,2,0,,8,0
Tip-Adapter-F,raw,0,3,999,slice,0.7478125,0.7215786316385826,0.6875,0.6875,0.6987951807228916,0.725,0.65,0.6744186046511628,0.7027027027027027,0.3760591579229251,29,14,26,11,,80,0
Tip-Adapter-F,raw,0,3,999,patient,0.875,0.8875,0.75,0.75,0.8,1.0,0.5,0.6666666666666666,1.0,0.5773502691896258,4,2,2,0,,8,0
Tip-Adapter-F+SAM,raw,0,3,42,slice,0.7675,0.7300964422698766,0.7,0.7,0.7142857142857143,0.75,0.65,0.6818181818181818,0.7222222222222222,0.40201512610368484,30,14,26,10,,80,0
Tip-Adapter-F+SAM,raw,0,3,42,patient,0.875,0.8875,0.75,0.75,0.8,1.0,0.5,0.6666666666666666,1.0,0.5773502691896258,4,2,2,0,,8,0
Tip-Adapter-F+SAM,raw,0,3,100,slice,0.7675,0.7300964422698766,0.7,0.7,0.7142857142857143,0.75,0.65,0.6818181818181818,0.7222222222222222,0.40201512610368484,30,14,26,10,,80,0
Tip-Adapter-F+SAM,raw,0,3,100,patient,0.875,0.8875,0.75,0.75,0.8,1.0,0.5,0.6666666666666666,1.0,0.5773502691896258,4,2,2,0,,8,0
Tip-Adapter-F+SAM,raw,0,3,2024,slice,0.7675,0.7300964422698766,0.7,0.7,0.7142857142857143,0.75,0.65,0.6818181818181818,0.7222222222222222,0.40201512610368484,30,14,26,10,,80,0
Tip-Adapter-F+SAM,raw,0,3,2024,patient,0.875,0.8875,0.75,0.75,0.8,1.0,0.5,0.6666666666666666,1.0,0.5773502691896258,4,2,2,0,,8,0
Tip-Adapter-F+SAM,raw,0,3,777,slice,0.7675,0.7300964422698766,0.7,0.7,0.7142857142857143,0.75,0.65,0.6818181818181818,0.7222222222222222,0.40201512610368484,30,14,26,10,,80,0
Tip-Adapter-F+SAM,raw,0,3,777,patient,0.875,0.8875,0.75,0.75,0.8,1.0,0.5,0.6666666666666666,1.0,0.5773502691896258,4,2,2,0,,8,0
Tip-Adapter-F+SAM,raw,0,3,999,slice,0.7675,0.7300964422698766,0.7,0.7,0.7142857142857143,0.75,0.65,0.6818181818181818,0.7222222222222222,0.40201512610368484,30,14,26,10,,80,0
Tip-Adapter-F+SAM,raw,0,3,999,patient,0.875,0.8875,0.75,0.75,0.8,1.0,0.5,0.6666666666666666,1.0,0.5773502691896258,4,2,2,0,,8,0
CLIP-Adapter,raw,0,3,42,slice,0.760625,0.7286998510087915,0.725,0.7250000000000001,0.7380952380952381,0.775,0.675,0.7045454545454546,0.75,0.45226701686664544,31,13,27,9,,80,0
CLIP-Adapter,raw,0,3,42,patient,0.875,0.8875,0.625,0.625,0.5714285714285714,0.5,0.75,0.6666666666666666,0.6,0.2581988897471611,2,1,3,2,,8,0
CLIP-Adapter,raw,0,3,100,slice,0.7559375,0.7174195275431428,0.6875,0.6875,0.6666666666666666,0.625,0.75,0.7142857142857143,0.6666666666666666,0.3779644730092272,25,10,30,15,,80,0
CLIP-Adapter,raw,0,3,100,patient,0.875,0.8875,0.875,0.875,0.8888888888888888,1.0,0.75,0.8,1.0,0.7745966692414834,4,1,3,0,,8,0
CLIP-Adapter,raw,0,3,2024,slice,0.77625,0.7343918343186807,0.7,0.7,0.7073170731707317,0.725,0.675,0.6904761904761905,0.7105263157894737,0.4005009394574071,29,13,27,11,,80,0
CLIP-Adapter,raw,0,3,2024,patient,0.875,0.8875,0.75,0.75,0.8,1.0,0.5,0.6666666666666666,1.0,0.5773502691896258,4,2,2,0,,8,0
CLIP-Adapter,raw,0,3,777,slice,0.7725,0.7309131402437572,0.6875,0.6875,0.6987951807228916,0.725,0.65,0.6744186046511628,0.7027027027027027,0.3760591579229251,29,14,26,11,,80,0
CLIP-Adapter,raw,0,3,777,patient,0.875,0.8875,0.75,0.75,0.8,1.0,0.5,0.6666666666666666,1.0,0.5773502691896258,4,2,2,0,,8,0
CLIP-Adapter,raw,0,3,999,slice,0.7484375,0.7032518639658973,0.7125,0.7124999999999999,0.7088607594936709,0.7,0.725,0.717948717948718,0.7073170731707317,0.42513287478830203,28,11,29,12,,80,0
CLIP-Adapter,raw,0,3,999,patient,0.8125,0.8041666666666667,0.75,0.75,0.8,1.0,0.5,0.6666666666666666,1.0,0.5773502691896258,4,2,2,0,,8,0
CoOp,raw,0,3,42,slice,0.775625,0.7320660997103258,0.7,0.7,0.7,0.7,0.7,0.7,0.7,0.4,28,12,28,12,,80,0
CoOp,raw,0,3,42,patient,0.875,0.8875,0.625,0.625,0.5714285714285714,0.5,0.75,0.6666666666666666,0.6,0.2581988897471611,2,1,3,2,,8,0
CoOp,raw,0,3,100,slice,0.70625,0.703152554883944,0.7,0.7,0.6923076923076923,0.675,0.725,0.7105263157894737,0.6904761904761905,0.4005009394574071,27,11,29,13,,80,0
CoOp,raw,0,3,100,patient,0.75,0.8166666666666667,0.625,0.625,0.5714285714285714,0.5,0.75,0.6666666666666666,0.6,0.2581988897471611,2,1,3,2,,8,0
CoOp,raw,0,3,2024,slice,0.755,0.7234047716905632,0.7,0.7,0.6923076923076923,0.675,0.725,0.7105263157894737,0.6904761904761905,0.4005009394574071,27,11,29,13,,80,0
CoOp,raw,0,3,2024,patient,0.875,0.8875,0.75,0.75,0.8,1.0,0.5,0.6666666666666666,1.0,0.5773502691896258,4,2,2,0,,8,0
CoOp,raw,0,3,777,slice,0.7103125,0.7025610964415325,0.7125,0.7125,0.7012987012987013,0.675,0.75,0.7297297297297297,0.6976744186046512,0.4262003789793151,27,10,30,13,,80,0
CoOp,raw,0,3,777,patient,0.875,0.8875,0.75,0.75,0.8,1.0,0.5,0.6666666666666666,1.0,0.5773502691896258,4,2,2,0,,8,0
Proto-Adapter,raw,0,3,42,slice,0.765,0.7266906145407634,0.7,0.7,0.7073170731707317,0.725,0.675,0.6904761904761905,0.7105263157894737,0.4005009394574071,29,13,27,11,,80,0
Proto-Adapter,raw,0,3,42,patient,0.875,0.8875,0.75,0.75,0.8,1.0,0.5,0.6666666666666666,1.0,0.5773502691896258,4,2,2,0,,8,0
Nearest Centroid,raw,0,3,0,slice,0.765625,0.7263122392638596,0.6875,0.6875,0.6987951807228916,0.725,0.65,0.6744186046511628,0.7027027027027027,0.3760591579229251,29,14,26,11,,80,0
Nearest Centroid,raw,0,3,0,patient,0.875,0.8875,0.75,0.75,0.8,1.0,0.5,0.6666666666666666,1.0,0.5773502691896258,4,2,2,0,,8,0
CoOp,raw,0,3,999,slice,0.755625,0.721263309051895,0.675,0.675,0.6666666666666666,0.65,0.7,0.6842105263157895,0.6666666666666666,0.35043832202523123,26,12,28,14,,80,0
CoOp,raw,0,3,999,patient,0.875,0.8875,0.625,0.625,0.5714285714285714,0.5,0.75,0.6666666666666666,0.6,0.2581988897471611,2,1,3,2,,8,0
Proto-Adapter,raw,0,3,100,slice,0.765,0.7266906145407634,0.7,0.7,0.7073170731707317,0.725,0.675,0.6904761904761905,0.7105263157894737,0.4005009394574071,29,13,27,11,,80,0
Proto-Adapter,raw,0,3,100,patient,0.875,0.8875,0.75,0.75,0.8,1.0,0.5,0.6666666666666666,1.0,0.5773502691896258,4,2,2,0,,8,0
Proto-Adapter,raw,0,3,2024,slice,0.765,0.7266906145407634,0.7,0.7,0.7073170731707317,0.725,0.675,0.6904761904761905,0.7105263157894737,0.4005009394574071,29,13,27,11,,80,0
Proto-Adapter,raw,0,3,2024,patient,0.875,0.8875,0.75,0.75,0.8,1.0,0.5,0.6666666666666666,1.0,0.5773502691896258,4,2,2,0,,8,0
Proto-Adapter,raw,0,3,777,slice,0.765,0.7266906145407634,0.7,0.7,0.7073170731707317,0.725,0.675,0.6904761904761905,0.7105263157894737,0.4005009394574071,29,13,27,11,,80,0
Proto-Adapter,raw,0,3,777,patient,0.875,0.8875,0.75,0.75,0.8,1.0,0.5,0.6666666666666666,1.0,0.5773502691896258,4,2,2,0,,8,0
Proto-Adapter,raw,0,3,999,slice,0.765,0.7266906145407634,0.7,0.7,0.7073170731707317,0.725,0.675,0.6904761904761905,0.7105263157894737,0.4005009394574071,29,13,27,11,,80,0
Proto-Adapter,raw,0,3,999,patient,0.875,0.8875,0.75,0.75,0.8,1.0,0.5,0.6666666666666666,1.0,0.5773502691896258,4,2,2,0,,8,0
TaskRes,raw,0,3,42,slice,0.768125,0.731194288980805,0.7125,0.7125,0.7294117647058823,0.775,0.65,0.6888888888888889,0.7428571428571429,0.4283597360771242,31,14,26,9,,80,0
TaskRes,raw,0,3,42,patient,0.875,0.8875,0.75,0.75,0.8,1.0,0.5,0.6666666666666666,1.0,0.5773502691896258,4,2,2,0,,8,0
TaskRes,raw,0,3,2024,slice,0.768125,0.731194288980805,0.7125,0.7125,0.7294117647058823,0.775,0.65,0.6888888888888889,0.7428571428571429,0.4283597360771242,31,14,26,9,,80,0
TaskRes,raw,0,3,2024,patient,0.875,0.8875,0.75,0.75,0.8,1.0,0.5,0.6666666666666666,1.0,0.5773502691896258,4,2,2,0,,8,0
TaskRes,raw,0,3,100,slice,0.768125,0.731194288980805,0.7125,0.7125,0.7294117647058823,0.775,0.65,0.6888888888888889,0.7428571428571429,0.4283597360771242,31,14,26,9,,80,0
TaskRes,raw,0,3,100,patient,0.875,0.8875,0.75,0.75,0.8,1.0,0.5,0.6666666666666666,1.0,0.5773502691896258,4,2,2,0,,8,0
TaskRes,raw,0,3,777,slice,0.768125,0.731194288980805,0.7125,0.7125,0.7294117647058823,0.775,0.65,0.6888888888888889,0.7428571428571429,0.4283597360771242,31,14,26,9,,80,0
TaskRes,raw,0,3,777,patient,0.875,0.8875,0.75,0.75,0.8,1.0,0.5,0.6666666666666666,1.0,0.5773502691896258,4,2,2,0,,8,0
TaskRes,raw,0,3,999,slice,0.768125,0.731194288980805,0.7125,0.7125,0.7294117647058823,0.775,0.65,0.6888888888888889,0.7428571428571429,0.4283597360771242,31,14,26,9,,80,0
TaskRes,raw,0,3,999,patient,0.875,0.8875,0.75,0.75,0.8,1.0,0.5,0.6666666666666666,1.0,0.5773502691896258,4,2,2,0,,8,0
TaskRes+SAM,raw,0,3,42,slice,0.769375,0.7315499077574763,0.7,0.7,0.7142857142857143,0.75,0.65,0.6818181818181818,0.7222222222222222,0.40201512610368484,30,14,26,10,,80,0
TaskRes+SAM,raw,0,3,42,patient,0.875,0.8875,0.75,0.75,0.8,1.0,0.5,0.6666666666666666,1.0,0.5773502691896258,4,2,2,0,,8,0
TaskRes+SAM,raw,0,3,100,slice,0.769375,0.7315499077574763,0.7,0.7,0.7142857142857143,0.75,0.65,0.6818181818181818,0.7222222222222222,0.40201512610368484,30,14,26,10,,80,0
TaskRes+SAM,raw,0,3,100,patient,0.875,0.8875,0.75,0.75,0.8,1.0,0.5,0.6666666666666666,1.0,0.5773502691896258,4,2,2,0,,8,0
TaskRes+SAM,raw,0,3,2024,slice,0.769375,0.7315499077574763,0.7,0.7,0.7142857142857143,0.75,0.65,0.6818181818181818,0.7222222222222222,0.40201512610368484,30,14,26,10,,80,0
TaskRes+SAM,raw,0,3,2024,patient,0.875,0.8875,0.75,0.75,0.8,1.0,0.5,0.6666666666666666,1.0,0.5773502691896258,4,2,2,0,,8,0
TaskRes+SAM,raw,0,3,777,slice,0.769375,0.7315499077574763,0.7,0.7,0.7142857142857143,0.75,0.65,0.6818181818181818,0.7222222222222222,0.40201512610368484,30,14,26,10,,80,0
TaskRes+SAM,raw,0,3,777,patient,0.875,0.8875,0.75,0.75,0.8,1.0,0.5,0.6666666666666666,1.0,0.5773502691896258,4,2,2,0,,8,0
TaskRes+SAM,raw,0,3,999,slice,0.769375,0.7315499077574763,0.7,0.7,0.7142857142857143,0.75,0.65,0.6818181818181818,0.7222222222222222,0.40201512610368484,30,14,26,10,,80,0
TaskRes+SAM,raw,0,3,999,patient,0.875,0.8875,0.75,0.75,0.8,1.0,0.5,0.6666666666666666,1.0,0.5773502691896258,4,2,2,0,,8,0
Tip-Adapter,clahe,0,4,0,slice,0.7925101214574899,0.7857077527987176,0.6493506493506493,0.6501349527665317,0.6301369863013698,0.5897435897435898,0.7105263157894737,0.6764705882352942,0.627906976744186,0.3023167588519902,23,11,27,16,,77,0
Tip-Adapter,clahe,0,4,0,patient,0.8125,0.8928571428571428,0.875,0.875,0.8571428571428571,0.75,1.0,1.0,0.8,0.7745966692414834,3,0,4,1,,8,0
Zero-Shot,clahe,0,4,0,slice,0.7887989203778677,0.7829238302980196,0.6753246753246753,0.6757759784075574,0.6666666666666666,0.6410256410256411,0.7105263157894737,0.6944444444444444,0.6585365853658537,0.35226576862991477,25,11,27,14,,77,0
Zero-Shot,clahe,0,4,0,patient,0.8125,0.8928571428571428,0.875,0.875,0.8571428571428571,0.75,1.0,1.0,0.8,0.7745966692414834,3,0,4,1,,8,0
Tip-Adapter-F,clahe,0,4,42,slice,0.7887989203778677,0.7829238302980196,0.6753246753246753,0.6757759784075574,0.6666666666666666,0.6410256410256411,0.7105263157894737,0.6944444444444444,0.6585365853658537,0.35226576862991477,25,11,27,14,,77,0
Tip-Adapter-F,clahe,0,4,42,patient,0.8125,0.8928571428571428,0.875,0.875,0.8571428571428571,0.75,1.0,1.0,0.8,0.7745966692414834,3,0,4,1,,8,0
Tip-Adapter-F,clahe,0,4,100,slice,0.7887989203778677,0.7829238302980196,0.6753246753246753,0.6757759784075574,0.6666666666666666,0.6410256410256411,0.7105263157894737,0.6944444444444444,0.6585365853658537,0.35226576862991477,25,11,27,14,,77,0
Tip-Adapter-F,clahe,0,4,100,patient,0.8125,0.8928571428571428,0.875,0.875,0.8571428571428571,0.75,1.0,1.0,0.8,0.7745966692414834,3,0,4,1,,8,0
Tip-Adapter-F,clahe,0,4,2024,slice,0.7887989203778677,0.7829238302980196,0.6753246753246753,0.6757759784075574,0.6666666666666666,0.6410256410256411,0.7105263157894737,0.6944444444444444,0.6585365853658537,0.35226576862991477,25,11,27,14,,77,0
Tip-Adapter-F,clahe,0,4,2024,patient,0.8125,0.8928571428571428,0.875,0.875,0.8571428571428571,0.75,1.0,1.0,0.8,0.7745966692414834,3,0,4,1,,8,0
Tip-Adapter-F,clahe,0,4,777,slice,0.7887989203778677,0.7829238302980196,0.6753246753246753,0.6757759784075574,0.6666666666666666,0.6410256410256411,0.7105263157894737,0.6944444444444444,0.6585365853658537,0.35226576862991477,25,11,27,14,,77,0
Tip-Adapter-F,clahe,0,4,777,patient,0.8125,0.8928571428571428,0.875,0.875,0.8571428571428571,0.75,1.0,1.0,0.8,0.7745966692414834,3,0,4,1,,8,0
Tip-Adapter-F,clahe,0,4,999,slice,0.7887989203778677,0.7829238302980196,0.6753246753246753,0.6757759784075574,0.6666666666666666,0.6410256410256411,0.7105263157894737,0.6944444444444444,0.6585365853658537,0.35226576862991477,25,11,27,14,,77,0
Tip-Adapter-F,clahe,0,4,999,patient,0.8125,0.8928571428571428,0.875,0.875,0.8571428571428571,0.75,1.0,1.0,0.8,0.7745966692414834,3,0,4,1,,8,0
Tip-Adapter-F+SAM,clahe,0,4,42,slice,0.7887989203778677,0.7829238302980196,0.6623376623376623,0.6622807017543859,0.6666666666666666,0.6666666666666666,0.6578947368421053,0.6666666666666666,0.6578947368421053,0.32456140350877194,26,13,25,13,,77,0
Tip-Adapter-F+SAM,clahe,0,4,42,patient,0.8125,0.8928571428571428,0.875,0.875,0.8571428571428571,0.75,1.0,1.0,0.8,0.7745966692414834,3,0,4,1,,8,0
Tip-Adapter-F+SAM,clahe,0,4,100,slice,0.7887989203778677,0.7829238302980196,0.6623376623376623,0.6622807017543859,0.6666666666666666,0.6666666666666666,0.6578947368421053,0.6666666666666666,0.6578947368421053,0.32456140350877194,26,13,25,13,,77,0
Tip-Adapter-F+SAM,clahe,0,4,100,patient,0.8125,0.8928571428571428,0.875,0.875,0.8571428571428571,0.75,1.0,1.0,0.8,0.7745966692414834,3,0,4,1,,8,0
Tip-Adapter-F+SAM,clahe,0,4,2024,slice,0.7887989203778677,0.7829238302980196,0.6623376623376623,0.6622807017543859,0.6666666666666666,0.6666666666666666,0.6578947368421053,0.6666666666666666,0.6578947368421053,0.32456140350877194,26,13,25,13,,77,0
Tip-Adapter-F+SAM,clahe,0,4,2024,patient,0.8125,0.8928571428571428,0.875,0.875,0.8571428571428571,0.75,1.0,1.0,0.8,0.7745966692414834,3,0,4,1,,8,0
Tip-Adapter-F+SAM,clahe,0,4,777,slice,0.7887989203778677,0.7829238302980196,0.6623376623376623,0.6622807017543859,0.6666666666666666,0.6666666666666666,0.6578947368421053,0.6666666666666666,0.6578947368421053,0.32456140350877194,26,13,25,13,,77,0
Tip-Adapter-F+SAM,clahe,0,4,777,patient,0.8125,0.8928571428571428,0.875,0.875,0.8571428571428571,0.75,1.0,1.0,0.8,0.7745966692414834,3,0,4,1,,8,0
Tip-Adapter-F+SAM,clahe,0,4,999,slice,0.7887989203778677,0.7829238302980196,0.6623376623376623,0.6622807017543859,0.6666666666666666,0.6666666666666666,0.6578947368421053,0.6666666666666666,0.6578947368421053,0.32456140350877194,26,13,25,13,,77,0
Tip-Adapter-F+SAM,clahe,0,4,999,patient,0.8125,0.8928571428571428,0.875,0.875,0.8571428571428571,0.75,1.0,1.0,0.8,0.7745966692414834,3,0,4,1,,8,0
CLIP-Adapter,clahe,0,4,42,slice,0.7928475033738192,0.7990010307828982,0.6493506493506493,0.6508097165991903,0.6086956521739131,0.5384615384615384,0.7631578947368421,0.7,0.6170212765957447,0.3092244779422152,21,9,29,18,,77,0
CLIP-Adapter,clahe,0,4,42,patient,0.8125,0.8928571428571428,0.875,0.875,0.8571428571428571,0.75,1.0,1.0,0.8,0.7745966692414834,3,0,4,1,,8,0
CLIP-Adapter,clahe,0,4,100,slice,0.7908232118758435,0.7697483746901735,0.7012987012987013,0.7007422402159245,0.7160493827160493,0.7435897435897436,0.6578947368421053,0.6904761904761905,0.7142857142857143,0.40311986186733445,29,13,25,10,,77,0
CLIP-Adapter,clahe,0,4,100,patient,0.8125,0.8928571428571428,0.875,0.875,0.8571428571428571,0.75,1.0,1.0,0.8,0.7745966692414834,3,0,4,1,,8,0
CLIP-Adapter,clahe,0,4,2024,slice,0.7854251012145749,0.7767724831067765,0.6493506493506493,0.6501349527665317,0.6301369863013698,0.5897435897435898,0.7105263157894737,0.6764705882352942,0.627906976744186,0.3023167588519902,23,11,27,16,,77,0
CLIP-Adapter,clahe,0,4,2024,patient,0.8125,0.8928571428571428,0.875,0.875,0.8571428571428571,0.75,1.0,1.0,0.8,0.7745966692414834,3,0,4,1,,8,0
CLIP-Adapter,clahe,0,4,777,slice,0.7931848852901484,0.7907805529045566,0.6883116883116883,0.6885964912280702,0.6842105263157895,0.6666666666666666,0.7105263157894737,0.7027027027027027,0.675,0.37744775653615603,26,11,27,13,,77,0
CLIP-Adapter,clahe,0,4,777,patient,0.8125,0.8928571428571428,0.875,0.875,0.8571428571428571,0.75,1.0,1.0,0.8,0.7745966692414834,3,0,4,1,,8,0
CLIP-Adapter,clahe,0,4,999,slice,0.7850877192982456,0.7702218373831663,0.6363636363636364,0.6369770580296896,0.6216216216216216,0.5897435897435898,0.6842105263157895,0.6571428571428571,0.6190476190476191,0.27507002339182823,23,12,26,16,,77,0
CLIP-Adapter,clahe,0,4,999,patient,0.8125,0.8928571428571428,0.875,0.875,0.8571428571428571,0.75,1.0,1.0,0.8,0.7745966692414834,3,0,4,1,,8,0
CoOp,clahe,0,4,42,slice,0.782051282051282,0.7747545589480836,0.6233766233766234,0.6244939271255061,0.5915492957746479,0.5384615384615384,0.7105263157894737,0.65625,0.6,0.2525928297711989,21,11,27,18,,77,0
CoOp,clahe,0,4,42,patient,0.8125,0.8928571428571428,0.875,0.875,0.8571428571428571,0.75,1.0,1.0,0.8,0.7745966692414834,3,0,4,1,,8,0
CoOp,clahe,0,4,100,slice,0.7898110661268556,0.7871137577434006,0.6493506493506493,0.6501349527665317,0.6301369863013698,0.5897435897435898,0.7105263157894737,0.6764705882352942,0.627906976744186,0.3023167588519902,23,11,27,16,,77,0
CoOp,clahe,0,4,100,patient,0.8125,0.8928571428571428,0.875,0.875,0.8571428571428571,0.75,1.0,1.0,0.8,0.7745966692414834,3,0,4,1,,8,0
CoOp,clahe,0,4,2024,slice,0.7881241565452092,0.7726960832908808,0.6623376623376623,0.6629554655870445,0.6486486486486487,0.6153846153846154,0.7105263157894737,0.6857142857142857,0.6428571428571429,0.3272384761040715,24,11,27,15,,77,0
CoOp,clahe,0,4,2024,patient,0.8125,0.8928571428571428,0.875,0.875,0.8571428571428571,0.75,1.0,1.0,0.8,0.7745966692414834,3,0,4,1,,8,0
CoOp,clahe,0,4,777,slice,0.7408906882591093,0.7705326530730822,0.6623376623376623,0.6619433198380567,0.675,0.6923076923076923,0.631578947368421,0.6585365853658537,0.6666666666666666,0.32454427820030535,27,14,24,12,,77,0
CoOp,clahe,0,4,777,patient,0.8125,0.8928571428571428,0.875,0.875,0.8571428571428571,0.75,1.0,1.0,0.8,0.7745966692414834,3,0,4,1,,8,0
Nearest Centroid,clahe,0,4,0,slice,0.791497975708502,0.8004905288855195,0.6883116883116883,0.6885964912280702,0.6842105263157895,0.6666666666666666,0.7105263157894737,0.7027027027027027,0.675,0.37744775653615603,26,11,27,13,,77,0
Nearest Centroid,clahe,0,4,0,patient,0.8125,0.8928571428571428,0.875,0.875,0.8571428571428571,0.75,1.0,1.0,0.8,0.7745966692414834,3,0,4,1,,8,0
Proto-Adapter,clahe,0,4,42,slice,0.7901484480431848,0.8000884918981168,0.6753246753246753,0.6754385964912281,0.6753246753246753,0.6666666666666666,0.6842105263157895,0.6842105263157895,0.6666666666666666,0.3508771929824561,26,12,26,13,,77,0
Proto-Adapter,clahe,0,4,42,patient,0.8125,0.8928571428571428,0.875,0.875,0.8571428571428571,0.75,1.0,1.0,0.8,0.7745966692414834,3,0,4,1,,8,0
CoOp,clahe,0,4,999,slice,0.7827260458839406,0.7982749351989352,0.6623376623376623,0.6605937921727395,0.7045454545454546,0.7948717948717948,0.5263157894736842,0.6326530612244898,0.7142857142857143,0.33381495955379364,31,18,20,8,,77,0
CoOp,clahe,0,4,999,patient,0.8125,0.8928571428571428,0.875,0.875,0.8571428571428571,0.75,1.0,1.0,0.8,0.7745966692414834,3,0,4,1,,8,0
Proto-Adapter,clahe,0,4,2024,slice,0.7901484480431848,0.8000884918981168,0.6753246753246753,0.6754385964912281,0.6753246753246753,0.6666666666666666,0.6842105263157895,0.6842105263157895,0.6666666666666666,0.3508771929824561,26,12,26,13,,77,0
Proto-Adapter,clahe,0,4,2024,patient,0.8125,0.8928571428571428,0.875,0.875,0.8571428571428571,0.75,1.0,1.0,0.8,0.7745966692414834,3,0,4,1,,8,0
Proto-Adapter,clahe,0,4,100,slice,0.7901484480431848,0.8000884918981168,0.6753246753246753,0.6754385964912281,0.6753246753246753,0.6666666666666666,0.6842105263157895,0.6842105263157895,0.6666666666666666,0.3508771929824561,26,12,26,13,,77,0
Proto-Adapter,clahe,0,4,100,patient,0.8125,0.8928571428571428,0.875,0.875,0.8571428571428571,0.75,1.0,1.0,0.8,0.7745966692414834,3,0,4,1,,8,0
Proto-Adapter,clahe,0,4,777,slice,0.7901484480431848,0.8000884918981168,0.6753246753246753,0.6754385964912281,0.6753246753246753,0.6666666666666666,0.6842105263157895,0.6842105263157895,0.6666666666666666,0.3508771929824561,26,12,26,13,,77,0
Proto-Adapter,clahe,0,4,777,patient,0.8125,0.8928571428571428,0.875,0.875,0.8571428571428571,0.75,1.0,1.0,0.8,0.7745966692414834,3,0,4,1,,8,0
Proto-Adapter,clahe,0,4,999,slice,0.7901484480431848,0.8000884918981168,0.6753246753246753,0.6754385964912281,0.6753246753246753,0.6666666666666666,0.6842105263157895,0.6842105263157895,0.6666666666666666,0.3508771929824561,26,12,26,13,,77,0
Proto-Adapter,clahe,0,4,999,patient,0.8125,0.8928571428571428,0.875,0.875,0.8571428571428571,0.75,1.0,1.0,0.8,0.7745966692414834,3,0,4,1,,8,0
TaskRes,clahe,0,4,42,slice,0.7955465587044535,0.7876426809261979,0.6493506493506493,0.6501349527665317,0.6301369863013698,0.5897435897435898,0.7105263157894737,0.6764705882352942,0.627906976744186,0.3023167588519902,23,11,27,16,,77,0
TaskRes,clahe,0,4,42,patient,0.8125,0.8928571428571428,0.875,0.875,0.8571428571428571,0.75,1.0,1.0,0.8,0.7745966692414834,3,0,4,1,,8,0
TaskRes,clahe,0,4,2024,slice,0.7955465587044535,0.7876426809261979,0.6493506493506493,0.6501349527665317,0.6301369863013698,0.5897435897435898,0.7105263157894737,0.6764705882352942,0.627906976744186,0.3023167588519902,23,11,27,16,,77,0
TaskRes,clahe,0,4,2024,patient,0.8125,0.8928571428571428,0.875,0.875,0.8571428571428571,0.75,1.0,1.0,0.8,0.7745966692414834,3,0,4,1,,8,0
TaskRes,clahe,0,4,100,slice,0.7955465587044535,0.7876426809261979,0.6493506493506493,0.6501349527665317,0.6301369863013698,0.5897435897435898,0.7105263157894737,0.6764705882352942,0.627906976744186,0.3023167588519902,23,11,27,16,,77,0
TaskRes,clahe,0,4,100,patient,0.8125,0.8928571428571428,0.875,0.875,0.8571428571428571,0.75,1.0,1.0,0.8,0.7745966692414834,3,0,4,1,,8,0
TaskRes,clahe,0,4,777,slice,0.7955465587044535,0.7876426809261979,0.6493506493506493,0.6501349527665317,0.6301369863013698,0.5897435897435898,0.7105263157894737,0.6764705882352942,0.627906976744186,0.3023167588519902,23,11,27,16,,77,0
TaskRes,clahe,0,4,777,patient,0.8125,0.8928571428571428,0.875,0.875,0.8571428571428571,0.75,1.0,1.0,0.8,0.7745966692414834,3,0,4,1,,8,0
TaskRes,clahe,0,4,999,slice,0.7955465587044535,0.7876426809261979,0.6493506493506493,0.6501349527665317,0.6301369863013698,0.5897435897435898,0.7105263157894737,0.6764705882352942,0.627906976744186,0.3023167588519902,23,11,27,16,,77,0
TaskRes,clahe,0,4,999,patient,0.8125,0.8928571428571428,0.875,0.875,0.8571428571428571,0.75,1.0,1.0,0.8,0.7745966692414834,3,0,4,1,,8,0
TaskRes+SAM,clahe,0,4,42,slice,0.7968960863697706,0.7883043794111765,0.6493506493506493,0.6501349527665317,0.6301369863013698,0.5897435897435898,0.7105263157894737,0.6764705882352942,0.627906976744186,0.3023167588519902,23,11,27,16,,77,0
TaskRes+SAM,clahe,0,4,42,patient,0.8125,0.8928571428571428,0.875,0.875,0.8571428571428571,0.75,1.0,1.0,0.8,0.7745966692414834,3,0,4,1,,8,0
TaskRes+SAM,clahe,0,4,100,slice,0.7968960863697706,0.7883043794111765,0.6493506493506493,0.6501349527665317,0.6301369863013698,0.5897435897435898,0.7105263157894737,0.6764705882352942,0.627906976744186,0.3023167588519902,23,11,27,16,,77,0
TaskRes+SAM,clahe,0,4,100,patient,0.8125,0.8928571428571428,0.875,0.875,0.8571428571428571,0.75,1.0,1.0,0.8,0.7745966692414834,3,0,4,1,,8,0
TaskRes+SAM,clahe,0,4,2024,slice,0.7968960863697706,0.7883043794111765,0.6493506493506493,0.6501349527665317,0.6301369863013698,0.5897435897435898,0.7105263157894737,0.6764705882352942,0.627906976744186,0.3023167588519902,23,11,27,16,,77,0
TaskRes+SAM,clahe,0,4,2024,patient,0.8125,0.8928571428571428,0.875,0.875,0.8571428571428571,0.75,1.0,1.0,0.8,0.7745966692414834,3,0,4,1,,8,0
TaskRes+SAM,clahe,0,4,777,slice,0.7968960863697706,0.7883043794111765,0.6493506493506493,0.6501349527665317,0.6301369863013698,0.5897435897435898,0.7105263157894737,0.6764705882352942,0.627906976744186,0.3023167588519902,23,11,27,16,,77,0
TaskRes+SAM,clahe,0,4,777,patient,0.8125,0.8928571428571428,0.875,0.875,0.8571428571428571,0.75,1.0,1.0,0.8,0.7745966692414834,3,0,4,1,,8,0
TaskRes+SAM,clahe,0,4,999,slice,0.7968960863697706,0.7883043794111765,0.6493506493506493,0.6501349527665317,0.6301369863013698,0.5897435897435898,0.7105263157894737,0.6764705882352942,0.627906976744186,0.3023167588519902,23,11,27,16,,77,0
TaskRes+SAM,clahe,0,4,999,patient,0.8125,0.8928571428571428,0.875,0.875,0.8571428571428571,0.75,1.0,1.0,0.8,0.7745966692414834,3,0,4,1,,8,0
Tip-Adapter,raw,0,4,0,slice,0.7486504723346828,0.7830994393536451,0.6493506493506493,0.6491228070175439,0.6582278481012658,0.6666666666666666,0.631578947368421,0.65,0.6486486486486487,0.29844706330765824,26,14,24,13,,77,0
Tip-Adapter,raw,0,4,0,patient,0.8125,0.8928571428571428,0.875,0.875,0.8571428571428571,0.75,1.0,1.0,0.8,0.7745966692414834,3,0,4,1,,8,0
Zero-Shot,raw,0,4,0,slice,0.7489878542510121,0.7817106638449767,0.6493506493506493,0.6491228070175439,0.6582278481012658,0.6666666666666666,0.631578947368421,0.65,0.6486486486486487,0.29844706330765824,26,14,24,13,,77,0
Zero-Shot,raw,0,4,0,patient,0.8125,0.8928571428571428,0.875,0.875,0.8571428571428571,0.75,1.0,1.0,0.8,0.7745966692414834,3,0,4,1,,8,0
Tip-Adapter-F,raw,0,4,42,slice,0.747638326585695,0.7794005421802634,0.6363636363636364,0.6359649122807017,0.65,0.6666666666666666,0.6052631578947368,0.6341463414634146,0.6388888888888888,0.272481966905673,26,15,23,13,,77,0
Tip-Adapter-F,raw,0,4,42,patient,0.8125,0.8928571428571428,0.875,0.875,0.8571428571428571,0.75,1.0,1.0,0.8,0.7745966692414834,3,0,4,1,,8,0
Tip-Adapter-F,raw,0,4,100,slice,0.747638326585695,0.7791156418953631,0.6363636363636364,0.6359649122807017,0.65,0.6666666666666666,0.6052631578947368,0.6341463414634146,0.6388888888888888,0.272481966905673,26,15,23,13,,77,0
Tip-Adapter-F,raw,0,4,100,patient,0.8125,0.8928571428571428,0.875,0.875,0.8571428571428571,0.75,1.0,1.0,0.8,0.7745966692414834,3,0,4,1,,8,0
Tip-Adapter-F,raw,0,4,2024,slice,0.747638326585695,0.7791156418953631,0.6363636363636364,0.6359649122807017,0.65,0.6666666666666666,0.6052631578947368,0.6341463414634146,0.6388888888888888,0.272481966905673,26,15,23,13,,77,0
Tip-Adapter-F,raw,0,4,2024,patient,0.8125,0.8928571428571428,0.875,0.875,0.8571428571428571,0.75,1.0,1.0,0.8,0.7745966692414834,3,0,4,1,,8,0
Tip-Adapter-F,raw,0,4,777,slice,0.747638326585695,0.7791156418953631,0.6363636363636364,0.6359649122807017,0.65,0.6666666666666666,0.6052631578947368,0.6341463414634146,0.6388888888888888,0.272481966905673,26,15,23,13,,77,0
Tip-Adapter-F,raw,0,4,777,patient,0.8125,0.8928571428571428,0.875,0.875,0.8571428571428571,0.75,1.0,1.0,0.8,0.7745966692414834,3,0,4,1,,8,0
Tip-Adapter-F,raw,0,4,999,slice,0.747638326585695,0.7791156418953631,0.6363636363636364,0.6359649122807017,0.65,0.6666666666666666,0.6052631578947368,0.6341463414634146,0.6388888888888888,0.272481966905673,26,15,23,13,,77,0
Tip-Adapter-F,raw,0,4,999,patient,0.8125,0.8928571428571428,0.875,0.875,0.8571428571428571,0.75,1.0,1.0,0.8,0.7745966692414834,3,0,4,1,,8,0
Tip-Adapter-F+SAM,raw,0,4,42,slice,0.7486504723346828,0.7808414389838164,0.6493506493506493,0.6491228070175439,0.6582278481012658,0.6666666666666666,0.631578947368421,0.65,0.6486486486486487,0.29844706330765824,26,14,24,13,,77,0
Tip-Adapter-F+SAM,raw,0,4,42,patient,0.8125,0.8928571428571428,0.875,0.875,0.8571428571428571,0.75,1.0,1.0,0.8,0.7745966692414834,3,0,4,1,,8,0
Tip-Adapter-F+SAM,raw,0,4,100,slice,0.7486504723346828,0.7808414389838164,0.6493506493506493,0.6491228070175439,0.6582278481012658,0.6666666666666666,0.631578947368421,0.65,0.6486486486486487,0.29844706330765824,26,14,24,13,,77,0
Tip-Adapter-F+SAM,raw,0,4,100,patient,0.8125,0.8928571428571428,0.875,0.875,0.8571428571428571,0.75,1.0,1.0,0.8,0.7745966692414834,3,0,4,1,,8,0
Tip-Adapter-F+SAM,raw,0,4,2024,slice,0.7486504723346828,0.7808414389838164,0.6493506493506493,0.6491228070175439,0.6582278481012658,0.6666666666666666,0.631578947368421,0.65,0.6486486486486487,0.29844706330765824,26,14,24,13,,77,0
Tip-Adapter-F+SAM,raw,0,4,2024,patient,0.8125,0.8928571428571428,0.875,0.875,0.8571428571428571,0.75,1.0,1.0,0.8,0.7745966692414834,3,0,4,1,,8,0
Tip-Adapter-F+SAM,raw,0,4,777,slice,0.7486504723346828,0.7808414389838164,0.6493506493506493,0.6491228070175439,0.6582278481012658,0.6666666666666666,0.631578947368421,0.65,0.6486486486486487,0.29844706330765824,26,14,24,13,,77,0
Tip-Adapter-F+SAM,raw,0,4,777,patient,0.8125,0.8928571428571428,0.875,0.875,0.8571428571428571,0.75,1.0,1.0,0.8,0.7745966692414834,3,0,4,1,,8,0
Tip-Adapter-F+SAM,raw,0,4,999,slice,0.7486504723346828,0.7808414389838164,0.6493506493506493,0.6491228070175439,0.6582278481012658,0.6666666666666666,0.631578947368421,0.65,0.6486486486486487,0.29844706330765824,26,14,24,13,,77,0
Tip-Adapter-F+SAM,raw,0,4,999,patient,0.8125,0.8928571428571428,0.875,0.875,0.8571428571428571,0.75,1.0,1.0,0.8,0.7745966692414834,3,0,4,1,,8,0
CLIP-Adapter,raw,0,4,42,slice,0.7324561403508771,0.7748400183227346,0.6103896103896104,0.6116734143049932,0.5714285714285714,0.5128205128205128,0.7105263157894737,0.6451612903225806,0.5869565217391305,0.22769009022764264,20,11,27,19,,77,0
CLIP-Adapter,raw,0,4,42,patient,0.8125,0.8928571428571428,0.875,0.875,0.8571428571428571,0.75,1.0,1.0,0.8,0.7745966692414834,3,0,4,1,,8,0
CLIP-Adapter,raw,0,4,100,slice,0.7449392712550608,0.7559522129451817,0.6493506493506493,0.6484480431848854,0.6746987951807228,0.717948717948718,0.5789473684210527,0.6363636363636364,0.6666666666666666,0.29994751377723167,28,16,22,11,,77,0
CLIP-Adapter,raw,0,4,100,patient,0.8125,0.8928571428571428,0.625,0.625,0.6666666666666666,0.75,0.5,0.6,0.6666666666666666,0.2581988897471611,3,2,2,1,,8,0
CLIP-Adapter,raw,0,4,2024,slice,0.75472334682861,0.7844492165663931,0.6493506493506493,0.6491228070175439,0.6582278481012658,0.6666666666666666,0.631578947368421,0.65,0.6486486486486487,0.29844706330765824,26,14,24,13,,77,0
CLIP-Adapter,raw,0,4,2024,patient,0.8125,0.8928571428571428,0.875,0.875,0.8571428571428571,0.75,1.0,1.0,0.8,0.7745966692414834,3,0,4,1,,8,0
CLIP-Adapter,raw,0,4,777,slice,0.7503373819163293,0.7854167475021293,0.6623376623376623,0.6619433198380567,0.675,0.6923076923076923,0.631578947368421,0.6585365853658537,0.6666666666666666,0.32454427820030535,27,14,24,12,,77,0
CLIP-Adapter,raw,0,4,777,patient,0.8125,0.8928571428571428,0.875,0.875,0.8571428571428571,0.75,1.0,1.0,0.8,0.7745966692414834,3,0,4,1,,8,0
CLIP-Adapter,raw,0,4,999,slice,0.7442645074224021,0.7486169118791295,0.6493506493506493,0.6487854251012146,0.6666666666666666,0.6923076923076923,0.6052631578947368,0.6428571428571429,0.6571428571428571,0.29878295644284786,27,15,23,12,,77,0
CLIP-Adapter,raw,0,4,999,patient,0.8125,0.8928571428571428,0.875,0.875,0.8571428571428571,0.75,1.0,1.0,0.8,0.7745966692414834,3,0,4,1,,8,0
CoOp,raw,0,4,42,slice,0.6214574898785425,0.7124533049459175,0.6363636363636364,0.6376518218623481,0.6,0.5384615384615384,0.7368421052631579,0.6774193548387096,0.6086956521739131,0.28065727133800056,21,10,28,18,,77,0
CoOp,raw,0,4,42,patient,0.75,0.875,0.75,0.75,0.75,0.75,0.75,0.75,0.75,0.5,3,1,3,1,,8,0
CoOp,raw,0,4,100,slice,0.7513495276653172,0.7915287954015529,0.6623376623376623,0.6626180836707153,0.6578947368421053,0.6410256410256411,0.6842105263157895,0.6756756756756757,0.65,0.32545584731740107,25,12,26,14,,77,0
CoOp,raw,0,4,100,patient,0.8125,0.8928571428571428,0.75,0.75,0.75,0.75,0.75,0.75,0.75,0.5,3,1,3,1,,8,0
CoOp,raw,0,4,2024,slice,0.7496626180836707,0.7643663038456981,0.6363636363636364,0.6366396761133604,0.631578947368421,0.6153846153846154,0.6578947368421053,0.6486486486486487,0.625,0.27346393809864616,24,13,25,15,,77,0
CoOp,raw,0,4,2024,patient,0.8125,0.8928571428571428,0.875,0.875,0.8571428571428571,0.75,1.0,1.0,0.8,0.7745966692414834,3,0,4,1,,8,0
CoOp,raw,0,4,777,slice,0.7338056680161943,0.7664582667163122,0.6233766233766234,0.6224696356275303,0.6506024096385542,0.6923076923076923,0.5526315789473685,0.6136363636363636,0.6363636363636364,0.24745669886621613,27,17,21,12,,77,0
CoOp,raw,0,4,777,patient,0.8125,0.8928571428571428,0.875,0.875,0.8571428571428571,0.75,1.0,1.0,0.8,0.7745966692414834,3,0,4,1,,8,0
Nearest Centroid,raw,0,4,0,slice,0.7442645074224021,0.7821684024820821,0.6493506493506493,0.6491228070175439,0.6582278481012658,0.6666666666666666,0.631578947368421,0.65,0.6486486486486487,0.29844706330765824,26,14,24,13,,77,0
Nearest Centroid,raw,0,4,0,patient,0.8125,0.8928571428571428,0.75,0.75,0.6666666666666666,0.5,1.0,1.0,0.6666666666666666,0.5773502691896258,2,0,4,2,,8,0
CoOp,raw,0,4,999,slice,0.7425775978407557,0.7859416314747364,0.6363636363636364,0.6363022941970311,0.6410256410256411,0.6410256410256411,0.631578947368421,0.6410256410256411,0.631578947368421,0.2726045883940621,25,14,24,14,,77,0
CoOp,raw,0,4,999,patient,0.8125,0.8928571428571428,0.875,0.875,0.8571428571428571,0.75,1.0,1.0,0.8,0.7745966692414834,3,0,4,1,,8,0
Proto-Adapter,raw,0,4,42,slice,0.7435897435897436,0.7819305003319903,0.6363636363636364,0.6363022941970311,0.6410256410256411,0.6410256410256411,0.631578947368421,0.6410256410256411,0.631578947368421,0.2726045883940621,25,14,24,14,,77,0
Proto-Adapter,raw,0,4,42,patient,0.8125,0.8928571428571428,0.75,0.75,0.6666666666666666,0.5,1.0,1.0,0.6666666666666666,0.5773502691896258,2,0,4,2,,8,0
Proto-Adapter,raw,0,4,100,slice,0.7435897435897436,0.7819305003319903,0.6363636363636364,0.6363022941970311,0.6410256410256411,0.6410256410256411,0.631578947368421,0.6410256410256411,0.631578947368421,0.2726045883940621,25,14,24,14,,77,0
Proto-Adapter,raw,0,4,100,patient,0.8125,0.8928571428571428,0.75,0.75,0.6666666666666666,0.5,1.0,1.0,0.6666666666666666,0.5773502691896258,2,0,4,2,,8,0
Proto-Adapter,raw,0,4,2024,slice,0.7435897435897436,0.7819305003319903,0.6363636363636364,0.6363022941970311,0.6410256410256411,0.6410256410256411,0.631578947368421,0.6410256410256411,0.631578947368421,0.2726045883940621,25,14,24,14,,77,0
Proto-Adapter,raw,0,4,2024,patient,0.8125,0.8928571428571428,0.75,0.75,0.6666666666666666,0.5,1.0,1.0,0.6666666666666666,0.5773502691896258,2,0,4,2,,8,0
Proto-Adapter,raw,0,4,999,slice,0.7435897435897436,0.7819305003319903,0.6363636363636364,0.6363022941970311,0.6410256410256411,0.6410256410256411,0.631578947368421,0.6410256410256411,0.631578947368421,0.2726045883940621,25,14,24,14,,77,0
Proto-Adapter,raw,0,4,999,patient,0.8125,0.8928571428571428,0.75,0.75,0.6666666666666666,0.5,1.0,1.0,0.6666666666666666,0.5773502691896258,2,0,4,2,,8,0
Proto-Adapter,raw,0,4,777,slice,0.7435897435897436,0.7819305003319903,0.6363636363636364,0.6363022941970311,0.6410256410256411,0.6410256410256411,0.631578947368421,0.6410256410256411,0.631578947368421,0.2726045883940621,25,14,24,14,,77,0
Proto-Adapter,raw,0,4,777,patient,0.8125,0.8928571428571428,0.75,0.75,0.6666666666666666,0.5,1.0,1.0,0.6666666666666666,0.5773502691896258,2,0,4,2,,8,0
TaskRes,raw,0,4,42,slice,0.7489878542510121,0.7803308583637615,0.6363636363636364,0.6363022941970311,0.6410256410256411,0.6410256410256411,0.631578947368421,0.6410256410256411,0.631578947368421,0.2726045883940621,25,14,24,14,,77,0
TaskRes,raw,0,4,42,patient,0.8125,0.8928571428571428,0.875,0.875,0.8571428571428571,0.75,1.0,1.0,0.8,0.7745966692414834,3,0,4,1,,8,0
TaskRes,raw,0,4,100,slice,0.7489878542510121,0.7803308583637615,0.6363636363636364,0.6363022941970311,0.6410256410256411,0.6410256410256411,0.631578947368421,0.6410256410256411,0.631578947368421,0.2726045883940621,25,14,24,14,,77,0
TaskRes,raw,0,4,100,patient,0.8125,0.8928571428571428,0.875,0.875,0.8571428571428571,0.75,1.0,1.0,0.8,0.7745966692414834,3,0,4,1,,8,0
TaskRes,raw,0,4,777,slice,0.7489878542510121,0.7803308583637615,0.6363636363636364,0.6363022941970311,0.6410256410256411,0.6410256410256411,0.631578947368421,0.6410256410256411,0.631578947368421,0.2726045883940621,25,14,24,14,,77,0
TaskRes,raw,0,4,777,patient,0.8125,0.8928571428571428,0.875,0.875,0.8571428571428571,0.75,1.0,1.0,0.8,0.7745966692414834,3,0,4,1,,8,0
TaskRes,raw,0,4,2024,slice,0.7489878542510121,0.7803308583637615,0.6363636363636364,0.6363022941970311,0.6410256410256411,0.6410256410256411,0.631578947368421,0.6410256410256411,0.631578947368421,0.2726045883940621,25,14,24,14,,77,0
TaskRes,raw,0,4,2024,patient,0.8125,0.8928571428571428,0.875,0.875,0.8571428571428571,0.75,1.0,1.0,0.8,0.7745966692414834,3,0,4,1,,8,0
TaskRes,raw,0,4,999,slice,0.7489878542510121,0.7803308583637615,0.6363636363636364,0.6363022941970311,0.6410256410256411,0.6410256410256411,0.631578947368421,0.6410256410256411,0.631578947368421,0.2726045883940621,25,14,24,14,,77,0
TaskRes,raw,0,4,999,patient,0.8125,0.8928571428571428,0.875,0.875,0.8571428571428571,0.75,1.0,1.0,0.8,0.7745966692414834,3,0,4,1,,8,0
TaskRes+SAM,raw,0,4,42,slice,0.7489878542510121,0.780238215350911,0.6363636363636364,0.6363022941970311,0.6410256410256411,0.6410256410256411,0.631578947368421,0.6410256410256411,0.631578947368421,0.2726045883940621,25,14,24,14,,77,0
TaskRes+SAM,raw,0,4,42,patient,0.8125,0.8928571428571428,0.875,0.875,0.8571428571428571,0.75,1.0,1.0,0.8,0.7745966692414834,3,0,4,1,,8,0
TaskRes+SAM,raw,0,4,100,slice,0.7489878542510121,0.780238215350911,0.6363636363636364,0.6363022941970311,0.6410256410256411,0.6410256410256411,0.631578947368421,0.6410256410256411,0.631578947368421,0.2726045883940621,25,14,24,14,,77,0
TaskRes+SAM,raw,0,4,100,patient,0.8125,0.8928571428571428,0.875,0.875,0.8571428571428571,0.75,1.0,1.0,0.8,0.7745966692414834,3,0,4,1,,8,0
TaskRes+SAM,raw,0,4,2024,slice,0.7489878542510121,0.780238215350911,0.6363636363636364,0.6363022941970311,0.6410256410256411,0.6410256410256411,0.631578947368421,0.6410256410256411,0.631578947368421,0.2726045883940621,25,14,24,14,,77,0
TaskRes+SAM,raw,0,4,2024,patient,0.8125,0.8928571428571428,0.875,0.875,0.8571428571428571,0.75,1.0,1.0,0.8,0.7745966692414834,3,0,4,1,,8,0
TaskRes+SAM,raw,0,4,777,slice,0.7489878542510121,0.780238215350911,0.6363636363636364,0.6363022941970311,0.6410256410256411,0.6410256410256411,0.631578947368421,0.6410256410256411,0.631578947368421,0.2726045883940621,25,14,24,14,,77,0
TaskRes+SAM,raw,0,4,777,patient,0.8125,0.8928571428571428,0.875,0.875,0.8571428571428571,0.75,1.0,1.0,0.8,0.7745966692414834,3,0,4,1,,8,0
TaskRes+SAM,raw,0,4,999,slice,0.7489878542510121,0.780238215350911,0.6363636363636364,0.6363022941970311,0.6410256410256411,0.6410256410256411,0.631578947368421,0.6410256410256411,0.631578947368421,0.2726045883940621,25,14,24,14,,77,0
TaskRes+SAM,raw,0,4,999,patient,0.8125,0.8928571428571428,0.875,0.875,0.8571428571428571,0.75,1.0,1.0,0.8,0.7745966692414834,3,0,4,1,,8,0
Tip-Adapter,clahe,500,0,0,slice,0.757396449704142,0.7116373496183762,0.6282051282051282,0.6282051282051282,0.5538461538461539,0.46153846153846156,0.7948717948717948,0.6923076923076923,0.5961538461538461,0.27196414661021057,18,8,31,21,,78,0
Tip-Adapter,clahe,500,0,0,patient,0.625,0.7678571428571428,0.75,0.75,0.6666666666666666,0.5,1.0,1.0,0.6666666666666666,0.5773502691896258,2,0,4,2,,8,0
Tip-Adapter,clahe,1000,0,0,slice,0.757396449704142,0.7118548205255022,0.6282051282051282,0.6282051282051282,0.5538461538461539,0.46153846153846156,0.7948717948717948,0.6923076923076923,0.5961538461538461,0.27196414661021057,18,8,31,21,,78,0
Tip-Adapter,clahe,1000,0,0,patient,0.625,0.7678571428571428,0.75,0.75,0.6666666666666666,0.5,1.0,1.0,0.6666666666666666,0.5773502691896258,2,0,4,2,,8,0
Zero-Shot,clahe,1000,0,0,slice,0.7603550295857988,0.7204752698067902,0.6538461538461539,0.6538461538461539,0.5714285714285714,0.46153846153846156,0.8461538461538461,0.75,0.6111111111111112,0.3333333333333333,18,6,33,21,,78,0
Zero-Shot,clahe,1000,0,0,patient,0.625,0.7678571428571428,0.75,0.75,0.6666666666666666,0.5,1.0,1.0,0.6666666666666666,0.5773502691896258,2,0,4,2,,8,0
Zero-Shot,clahe,500,0,0,slice,0.7603550295857988,0.7204752698067902,0.6538461538461539,0.6538461538461539,0.5714285714285714,0.46153846153846156,0.8461538461538461,0.75,0.6111111111111112,0.3333333333333333,18,6,33,21,,78,0
Zero-Shot,clahe,500,0,0,patient,0.625,0.7678571428571428,0.75,0.75,0.6666666666666666,0.5,1.0,1.0,0.6666666666666666,0.5773502691896258,2,0,4,2,,8,0
Tip-Adapter-F,clahe,500,0,42,slice,0.7610124917817226,0.7201682473662411,0.6666666666666666,0.6666666666666666,0.59375,0.48717948717948717,0.8461538461538461,0.76,0.6226415094339622,0.35713746626659143,19,6,33,20,,78,0
Tip-Adapter-F,clahe,500,0,42,patient,0.625,0.7678571428571428,0.75,0.75,0.6666666666666666,0.5,1.0,1.0,0.6666666666666666,0.5773502691896258,2,0,4,2,,8,0
Tip-Adapter-F,clahe,1000,0,42,slice,0.7603550295857988,0.7195004076468744,0.6538461538461539,0.6538461538461539,0.5714285714285714,0.46153846153846156,0.8461538461538461,0.75,0.6111111111111112,0.3333333333333333,18,6,33,21,,78,0
Tip-Adapter-F,clahe,1000,0,42,patient,0.625,0.7678571428571428,0.75,0.75,0.6666666666666666,0.5,1.0,1.0,0.6666666666666666,0.5773502691896258,2,0,4,2,,8,0
Tip-Adapter-F,clahe,500,0,100,slice,0.7610124917817226,0.7201682473662411,0.6666666666666666,0.6666666666666666,0.59375,0.48717948717948717,0.8461538461538461,0.76,0.6226415094339622,0.35713746626659143,19,6,33,20,,78,0
Tip-Adapter-F,clahe,500,0,100,patient,0.625,0.7678571428571428,0.75,0.75,0.6666666666666666,0.5,1.0,1.0,0.6666666666666666,0.5773502691896258,2,0,4,2,,8,0
Tip-Adapter-F,clahe,1000,0,100,slice,0.7603550295857988,0.7195004076468744,0.6538461538461539,0.6538461538461539,0.5714285714285714,0.46153846153846156,0.8461538461538461,0.75,0.6111111111111112,0.3333333333333333,18,6,33,21,,78,0
Tip-Adapter-F,clahe,1000,0,100,patient,0.625,0.7678571428571428,0.75,0.75,0.6666666666666666,0.5,1.0,1.0,0.6666666666666666,0.5773502691896258,2,0,4,2,,8,0
Tip-Adapter-F,clahe,500,0,2024,slice,0.7610124917817226,0.7201682473662411,0.6666666666666666,0.6666666666666666,0.59375,0.48717948717948717,0.8461538461538461,0.76,0.6226415094339622,0.35713746626659143,19,6,33,20,,78,0
Tip-Adapter-F,clahe,500,0,2024,patient,0.625,0.7678571428571428,0.75,0.75,0.6666666666666666,0.5,1.0,1.0,0.6666666666666666,0.5773502691896258,2,0,4,2,,8,0
Tip-Adapter-F,clahe,1000,0,2024,slice,0.7603550295857988,0.7195004076468744,0.6538461538461539,0.6538461538461539,0.5714285714285714,0.46153846153846156,0.8461538461538461,0.75,0.6111111111111112,0.3333333333333333,18,6,33,21,,78,0
Tip-Adapter-F,clahe,1000,0,2024,patient,0.625,0.7678571428571428,0.75,0.75,0.6666666666666666,0.5,1.0,1.0,0.6666666666666666,0.5773502691896258,2,0,4,2,,8,0
Tip-Adapter-F,clahe,500,0,777,slice,0.7610124917817226,0.7201682473662411,0.6666666666666666,0.6666666666666666,0.59375,0.48717948717948717,0.8461538461538461,0.76,0.6226415094339622,0.35713746626659143,19,6,33,20,,78,0
Tip-Adapter-F,clahe,500,0,777,patient,0.625,0.7678571428571428,0.75,0.75,0.6666666666666666,0.5,1.0,1.0,0.6666666666666666,0.5773502691896258,2,0,4,2,,8,0
Tip-Adapter-F,clahe,1000,0,777,slice,0.7603550295857988,0.7195004076468744,0.6538461538461539,0.6538461538461539,0.5714285714285714,0.46153846153846156,0.8461538461538461,0.75,0.6111111111111112,0.3333333333333333,18,6,33,21,,78,0
Tip-Adapter-F,clahe,1000,0,777,patient,0.625,0.7678571428571428,0.75,0.75,0.6666666666666666,0.5,1.0,1.0,0.6666666666666666,0.5773502691896258,2,0,4,2,,8,0
Tip-Adapter-F,clahe,500,0,999,slice,0.7610124917817226,0.7201682473662411,0.6666666666666666,0.6666666666666666,0.59375,0.48717948717948717,0.8461538461538461,0.76,0.6226415094339622,0.35713746626659143,19,6,33,20,,78,0
Tip-Adapter-F,clahe,500,0,999,patient,0.625,0.7678571428571428,0.75,0.75,0.6666666666666666,0.5,1.0,1.0,0.6666666666666666,0.5773502691896258,2,0,4,2,,8,0
Tip-Adapter-F,clahe,1000,0,999,slice,0.7603550295857988,0.7195004076468744,0.6538461538461539,0.6538461538461539,0.5714285714285714,0.46153846153846156,0.8461538461538461,0.75,0.6111111111111112,0.3333333333333333,18,6,33,21,,78,0
Tip-Adapter-F,clahe,1000,0,999,patient,0.625,0.7678571428571428,0.75,0.75,0.6666666666666666,0.5,1.0,1.0,0.6666666666666666,0.5773502691896258,2,0,4,2,,8,0
Tip-Adapter-F+SAM,clahe,500,0,42,slice,0.7603550295857988,0.7204752698067902,0.6666666666666666,0.6666666666666666,0.59375,0.48717948717948717,0.8461538461538461,0.76,0.6226415094339622,0.35713746626659143,19,6,33,20,,78,0
Tip-Adapter-F+SAM,clahe,500,0,42,patient,0.625,0.7678571428571428,0.75,0.75,0.6666666666666666,0.5,1.0,1.0,0.6666666666666666,0.5773502691896258,2,0,4,2,,8,0
Tip-Adapter-F+SAM,clahe,1000,0,42,slice,0.7610124917817226,0.7201682473662411,0.6538461538461539,0.6538461538461539,0.5714285714285714,0.46153846153846156,0.8461538461538461,0.75,0.6111111111111112,0.3333333333333333,18,6,33,21,,78,0
Tip-Adapter-F+SAM,clahe,1000,0,42,patient,0.625,0.7678571428571428,0.75,0.75,0.6666666666666666,0.5,1.0,1.0,0.6666666666666666,0.5773502691896258,2,0,4,2,,8,0
Tip-Adapter-F+SAM,clahe,500,0,100,slice,0.7603550295857988,0.7204752698067902,0.6666666666666666,0.6666666666666666,0.59375,0.48717948717948717,0.8461538461538461,0.76,0.6226415094339622,0.35713746626659143,19,6,33,20,,78,0
Tip-Adapter-F+SAM,clahe,500,0,100,patient,0.625,0.7678571428571428,0.75,0.75,0.6666666666666666,0.5,1.0,1.0,0.6666666666666666,0.5773502691896258,2,0,4,2,,8,0
Tip-Adapter-F+SAM,clahe,1000,0,100,slice,0.7610124917817226,0.7206424057351362,0.6538461538461539,0.6538461538461539,0.5714285714285714,0.46153846153846156,0.8461538461538461,0.75,0.6111111111111112,0.3333333333333333,18,6,33,21,,78,0
Tip-Adapter-F+SAM,clahe,1000,0,100,patient,0.625,0.7678571428571428,0.75,0.75,0.6666666666666666,0.5,1.0,1.0,0.6666666666666666,0.5773502691896258,2,0,4,2,,8,0
Tip-Adapter-F+SAM,clahe,500,0,2024,slice,0.7603550295857988,0.7204752698067902,0.6666666666666666,0.6666666666666666,0.59375,0.48717948717948717,0.8461538461538461,0.76,0.6226415094339622,0.35713746626659143,19,6,33,20,,78,0
Tip-Adapter-F+SAM,clahe,500,0,2024,patient,0.625,0.7678571428571428,0.75,0.75,0.6666666666666666,0.5,1.0,1.0,0.6666666666666666,0.5773502691896258,2,0,4,2,,8,0
Tip-Adapter-F+SAM,clahe,1000,0,2024,slice,0.7610124917817226,0.7201682473662411,0.6538461538461539,0.6538461538461539,0.5714285714285714,0.46153846153846156,0.8461538461538461,0.75,0.6111111111111112,0.3333333333333333,18,6,33,21,,78,0
Tip-Adapter-F+SAM,clahe,1000,0,2024,patient,0.625,0.7678571428571428,0.75,0.75,0.6666666666666666,0.5,1.0,1.0,0.6666666666666666,0.5773502691896258,2,0,4,2,,8,0
Tip-Adapter-F+SAM,clahe,500,0,777,slice,0.7603550295857988,0.7204752698067902,0.6666666666666666,0.6666666666666666,0.59375,0.48717948717948717,0.8461538461538461,0.76,0.6226415094339622,0.35713746626659143,19,6,33,20,,78,0
Tip-Adapter-F+SAM,clahe,500,0,777,patient,0.625,0.7678571428571428,0.75,0.75,0.6666666666666666,0.5,1.0,1.0,0.6666666666666666,0.5773502691896258,2,0,4,2,,8,0
Tip-Adapter-F+SAM,clahe,1000,0,777,slice,0.7610124917817226,0.7201682473662411,0.6538461538461539,0.6538461538461539,0.5714285714285714,0.46153846153846156,0.8461538461538461,0.75,0.6111111111111112,0.3333333333333333,18,6,33,21,,78,0
Tip-Adapter-F+SAM,clahe,1000,0,777,patient,0.625,0.7678571428571428,0.75,0.75,0.6666666666666666,0.5,1.0,1.0,0.6666666666666666,0.5773502691896258,2,0,4,2,,8,0
Tip-Adapter-F+SAM,clahe,500,0,999,slice,0.7603550295857988,0.7204752698067902,0.6666666666666666,0.6666666666666666,0.59375,0.48717948717948717,0.8461538461538461,0.76,0.6226415094339622,0.35713746626659143,19,6,33,20,,78,0
Tip-Adapter-F+SAM,clahe,500,0,999,patient,0.625,0.7678571428571428,0.75,0.75,0.6666666666666666,0.5,1.0,1.0,0.6666666666666666,0.5773502691896258,2,0,4,2,,8,0
Tip-Adapter-F+SAM,clahe,1000,0,999,slice,0.7610124917817226,0.7201682473662411,0.6538461538461539,0.6538461538461539,0.5714285714285714,0.46153846153846156,0.8461538461538461,0.75,0.6111111111111112,0.3333333333333333,18,6,33,21,,78,0
Tip-Adapter-F+SAM,clahe,1000,0,999,patient,0.625,0.7678571428571428,0.75,0.75,0.6666666666666666,0.5,1.0,1.0,0.6666666666666666,0.5773502691896258,2,0,4,2,,8,0
CLIP-Adapter,clahe,500,0,42,slice,0.7547666009204471,0.7078353096688133,0.5769230769230769,0.5769230769230769,0.37735849056603776,0.2564102564102564,0.8974358974358975,0.7142857142857143,0.546875,0.20044593143431827,10,4,35,29,,78,0
CLIP-Adapter,clahe,500,0,42,patient,0.625,0.7678571428571428,0.625,0.625,0.4,0.25,1.0,1.0,0.5714285714285714,0.3779644730092272,1,0,4,3,,8,0
CLIP-Adapter,clahe,1000,0,42,slice,0.7047994740302432,0.6696692757146628,0.5,0.5,0.6666666666666666,1.0,0.0,0.5,,0.0,39,39,0,0,,78,1
CLIP-Adapter,clahe,1000,0,42,patient,0.625,0.7678571428571428,0.625,0.625,0.5714285714285714,0.5,0.75,0.6666666666666666,0.6,0.2581988897471611,2,1,3,2,,8,0
CLIP-Adapter,clahe,500,0,100,slice,0.7495069033530573,0.7034702721117316,0.5,0.5,0.6666666666666666,1.0,0.0,0.5,,0.0,39,39,0,0,,78,1
CLIP-Adapter,clahe,500,0,100,patient,0.625,0.7678571428571428,0.5,0.5,0.6666666666666666,1.0,0.0,0.5,,0.0,4,4,0,0,,8,1
CLIP-Adapter,clahe,1000,0,100,slice,0.7245233399079553,0.6834585521799165,0.5,0.5,0.6666666666666666,1.0,0.0,0.5,,0.0,39,39,0,0,,78,1
CLIP-Adapter,clahe,1000,0,100,patient,0.625,0.7678571428571428,0.625,0.625,0.4,0.25,1.0,1.0,0.5714285714285714,0.3779644730092272,1,0,4,3,,8,0
CLIP-Adapter,clahe,500,0,2024,slice,0.7567389875082183,0.709053966026046,0.5769230769230769,0.5769230769230769,0.7027027027027027,1.0,0.15384615384615385,0.5416666666666666,1.0,0.28867513459481287,39,33,6,0,,78,0
CLIP-Adapter,clahe,500,0,2024,patient,0.625,0.7678571428571428,0.625,0.625,0.5714285714285714,0.5,0.75,0.6666666666666666,0.6,0.2581988897471611,2,1,3,2,,8,0
CLIP-Adapter,clahe,1000,0,2024,slice,0.7481919789612097,0.6981367493069922,0.5,0.5,0.6666666666666666,1.0,0.0,0.5,,0.0,39,39,0,0,,78,1
CLIP-Adapter,clahe,1000,0,2024,patient,0.625,0.7678571428571428,0.625,0.625,0.4,0.25,1.0,1.0,0.5714285714285714,0.3779644730092272,1,0,4,3,,8,0
CLIP-Adapter,clahe,500,0,777,slice,0.7481919789612097,0.6995051873389654,0.5,0.5,0.6666666666666666,1.0,0.0,0.5,,0.0,39,39,0,0,,78,1
CLIP-Adapter,clahe,500,0,777,patient,0.625,0.7678571428571428,0.625,0.625,0.7272727272727273,1.0,0.25,0.5714285714285714,1.0,0.3779644730092272,4,3,1,0,,8,0
CLIP-Adapter,clahe,1000,0,777,slice,0.5299145299145299,0.5679850890540307,0.5641025641025641,0.5641025641025641,0.32,0.20512820512820512,0.9230769230769231,0.7272727272727273,0.5373134328358209,0.18417736717093933,8,3,36,31,,78,0
CLIP-Adapter,clahe,1000,0,777,patient,0.625,0.7678571428571428,0.625,0.625,0.4,0.25,1.0,1.0,0.5714285714285714,0.3779644730092272,1,0,4,3,,8,0
CLIP-Adapter,clahe,500,0,999,slice,0.7580539119000658,0.7091189866241308,0.6794871794871795,0.6794871794871795,0.6753246753246753,0.6666666666666666,0.6923076923076923,0.6842105263157895,0.675,0.35909242322980395,26,12,27,13,,78,0
CLIP-Adapter,clahe,500,0,999,patient,0.625,0.7678571428571428,0.375,0.375,0.4444444444444444,0.5,0.25,0.4,0.3333333333333333,-0.2581988897471611,2,3,1,2,,8,0
CLIP-Adapter,clahe,1000,0,999,slice,0.7429322813938198,0.6941007925177899,0.5,0.5,0.6666666666666666,1.0,0.0,0.5,,0.0,39,39,0,0,,78,1
CLIP-Adapter,clahe,1000,0,999,patient,0.625,0.7678571428571428,0.5,0.5,0.6666666666666666,1.0,0.0,0.5,,0.0,4,4,0,0,,8,1
CoOp,clahe,500,0,42,slice,0.7324128862590401,0.6934087611098891,0.5897435897435898,0.5897435897435898,0.5,0.41025641025641024,0.7692307692307693,0.64,0.5660377358490566,0.19230478952816463,16,9,30,23,,78,0
CoOp,clahe,500,0,42,patient,0.625,0.7678571428571428,0.75,0.75,0.6666666666666666,0.5,1.0,1.0,0.6666666666666666,0.5773502691896258,2,0,4,2,,8,0
CoOp,clahe,1000,0,42,slice,0.7370151216305062,0.6984172720233545,0.6538461538461539,0.6538461538461537,0.5970149253731343,0.5128205128205128,0.7948717948717948,0.7142857142857143,0.62,0.32071349029490925,20,8,31,19,,78,0
CoOp,clahe,1000,0,42,patient,0.625,0.7678571428571428,0.75,0.75,0.6666666666666666,0.5,1.0,1.0,0.6666666666666666,0.5773502691896258,2,0,4,2,,8,0
CoOp,clahe,500,0,100,slice,0.760026298487837,0.7096411400403677,0.6282051282051282,0.6282051282051282,0.5538461538461539,0.46153846153846156,0.7948717948717948,0.6923076923076923,0.5961538461538461,0.27196414661021057,18,8,31,21,,78,0
CoOp,clahe,500,0,100,patient,0.625,0.7678571428571428,0.75,0.75,0.6666666666666666,0.5,1.0,1.0,0.6666666666666666,0.5773502691896258,2,0,4,2,,8,0
CoOp,clahe,1000,0,100,slice,0.7646285338593031,0.7184863958044356,0.6538461538461539,0.6538461538461537,0.5970149253731343,0.5128205128205128,0.7948717948717948,0.7142857142857143,0.62,0.32071349029490925,20,8,31,19,,78,0
CoOp,clahe,1000,0,100,patient,0.625,0.7678571428571428,0.75,0.75,0.6666666666666666,0.5,1.0,1.0,0.6666666666666666,0.5773502691896258,2,0,4,2,,8,0
CoOp,clahe,500,0,2024,slice,0.7554240631163708,0.710609031903526,0.7051282051282052,0.7051282051282051,0.735632183908046,0.8205128205128205,0.5897435897435898,0.6666666666666666,0.7666666666666667,0.42163702135578396,32,16,23,7,,78,0
CoOp,clahe,500,0,2024,patient,0.625,0.7678571428571428,0.75,0.75,0.6666666666666666,0.5,1.0,1.0,0.6666666666666666,0.5773502691896258,2,0,4,2,,8,0
CoOp,clahe,1000,0,2024,slice,0.7560815253122946,0.7106363885441331,0.6282051282051282,0.6282051282051282,0.5538461538461539,0.46153846153846156,0.7948717948717948,0.6923076923076923,0.5961538461538461,0.27196414661021057,18,8,31,21,,78,0
CoOp,clahe,1000,0,2024,patient,0.625,0.7678571428571428,0.75,0.75,0.6666666666666666,0.5,1.0,1.0,0.6666666666666666,0.5773502691896258,2,0,4,2,,8,0
CoOp,clahe,500,0,777,slice,0.757396449704142,0.7138873040289027,0.6538461538461539,0.6538461538461537,0.5970149253731343,0.5128205128205128,0.7948717948717948,0.7142857142857143,0.62,0.32071349029490925,20,8,31,19,,78,0
CoOp,clahe,500,0,777,patient,0.625,0.7678571428571428,0.75,0.75,0.6666666666666666,0.5,1.0,1.0,0.6666666666666666,0.5773502691896258,2,0,4,2,,8,0
CoOp,clahe,1000,0,777,slice,0.7521367521367521,0.7098357792539183,0.6282051282051282,0.6282051282051282,0.5084745762711864,0.38461538461538464,0.8717948717948718,0.75,0.5862068965517241,0.29361010975735174,15,5,34,24,,78,0
CoOp,clahe,1000,0,777,patient,0.625,0.7678571428571428,0.75,0.75,0.6666666666666666,0.5,1.0,1.0,0.6666666666666666,0.5773502691896258,2,0,4,2,,8,0
CoOp,clahe,500,0,999,slice,0.7389875082182774,0.697476749015493,0.6025641025641025,0.6025641025641025,0.4918032786885246,0.38461538461538464,0.8205128205128205,0.6818181818181818,0.5714285714285714,0.22792115291927592,15,7,32,24,,78,0
CoOp,clahe,500,0,999,patient,0.625,0.7678571428571428,0.75,0.75,0.6666666666666666,0.5,1.0,1.0,0.6666666666666666,0.5773502691896258,2,0,4,2,,8,0
Nearest Centroid,clahe,1000,0,0,slice,0.7508218277449047,0.7042124807453112,0.6410256410256411,0.641025641025641,0.5757575757575758,0.48717948717948717,0.7948717948717948,0.7037037037037037,0.6078431372549019,0.2964324305999625,19,8,31,20,,78,0
Nearest Centroid,clahe,1000,0,0,patient,0.625,0.7678571428571428,0.75,0.75,0.6666666666666666,0.5,1.0,1.0,0.6666666666666666,0.5773502691896258,2,0,4,2,,8,0
Nearest Centroid,clahe,500,0,0,slice,0.7501643655489809,0.7039532681910167,0.6410256410256411,0.641025641025641,0.5757575757575758,0.48717948717948717,0.7948717948717948,0.7037037037037037,0.6078431372549019,0.2964324305999625,19,8,31,20,,78,0
Nearest Centroid,clahe,500,0,0,patient,0.625,0.7678571428571428,0.75,0.75,0.6666666666666666,0.5,1.0,1.0,0.6666666666666666,0.5773502691896258,2,0,4,2,,8,0
CoOp,clahe,1000,0,999,slice,0.7468770545693623,0.7045904013714925,0.6794871794871795,0.6794871794871795,0.6987951807228916,0.7435897435897436,0.6153846153846154,0.6590909090909091,0.7058823529411765,0.36196138299651337,29,15,24,10,,78,0
CoOp,clahe,1000,0,999,patient,0.625,0.7678571428571428,0.75,0.75,0.6666666666666666,0.5,1.0,1.0,0.6666666666666666,0.5773502691896258,2,0,4,2,,8,0
Proto-Adapter,clahe,500,0,42,slice,0.7508218277449047,0.7042627377497442,0.6410256410256411,0.641025641025641,0.5757575757575758,0.48717948717948717,0.7948717948717948,0.7037037037037037,0.6078431372549019,0.2964324305999625,19,8,31,20,,78,0
Proto-Adapter,clahe,500,0,42,patient,0.625,0.7678571428571428,0.75,0.75,0.6666666666666666,0.5,1.0,1.0,0.6666666666666666,0.5773502691896258,2,0,4,2,,8,0
Proto-Adapter,clahe,1000,0,42,slice,0.7508218277449047,0.7042627377497442,0.6410256410256411,0.641025641025641,0.5757575757575758,0.48717948717948717,0.7948717948717948,0.7037037037037037,0.6078431372549019,0.2964324305999625,19,8,31,20,,78,0
Proto-Adapter,clahe,1000,0,42,patient,0.625,0.7678571428571428,0.75,0.75,0.6666666666666666,0.5,1.0,1.0,0.6666666666666666,0.5773502691896258,2,0,4,2,,8,0
Proto-Adapter,clahe,500,0,100,slice,0.7508218277449047,0.7042627377497442,0.6410256410256411,0.641025641025641,0.5757575757575758,0.48717948717948717,0.7948717948717948,0.7037037037037037,0.6078431372549019,0.2964324305999625,19,8,31,20,,78,0
Proto-Adapter,clahe,500,0,100,patient,0.625,0.7678571428571428,0.75,0.75,0.6666666666666666,0.5,1.0,1.0,0.6666666666666666,0.5773502691896258,2,0,4,2,,8,0
Proto-Adapter,clahe,1000,0,100,slice,0.7508218277449047,0.7042627377497442,0.6410256410256411,0.641025641025641,0.5757575757575758,0.48717948717948717,0.7948717948717948,0.7037037037037037,0.6078431372549019,0.2964324305999625,19,8,31,20,,78,0
Proto-Adapter,clahe,1000,0,100,patient,0.625,0.7678571428571428,0.75,0.75,0.6666666666666666,0.5,1.0,1.0,0.6666666666666666,0.5773502691896258,2,0,4,2,,8,0
Proto-Adapter,clahe,500,0,2024,slice,0.7508218277449047,0.7042627377497442,0.6410256410256411,0.641025641025641,0.5757575757575758,0.48717948717948717,0.7948717948717948,0.7037037037037037,0.6078431372549019,0.2964324305999625,19,8,31,20,,78,0
Proto-Adapter,clahe,500,0,2024,patient,0.625,0.7678571428571428,0.75,0.75,0.6666666666666666,0.5,1.0,1.0,0.6666666666666666,0.5773502691896258,2,0,4,2,,8,0
Proto-Adapter,clahe,500,0,777,slice,0.7508218277449047,0.7042627377497442,0.6410256410256411,0.641025641025641,0.5757575757575758,0.48717948717948717,0.7948717948717948,0.7037037037037037,0.6078431372549019,0.2964324305999625,19,8,31,20,,78,0
Proto-Adapter,clahe,500,0,777,patient,0.625,0.7678571428571428,0.75,0.75,0.6666666666666666,0.5,1.0,1.0,0.6666666666666666,0.5773502691896258,2,0,4,2,,8,0
Proto-Adapter,clahe,1000,0,2024,slice,0.7508218277449047,0.7042627377497442,0.6410256410256411,0.641025641025641,0.5757575757575758,0.48717948717948717,0.7948717948717948,0.7037037037037037,0.6078431372549019,0.2964324305999625,19,8,31,20,,78,0
Proto-Adapter,clahe,1000,0,2024,patient,0.625,0.7678571428571428,0.75,0.75,0.6666666666666666,0.5,1.0,1.0,0.6666666666666666,0.5773502691896258,2,0,4,2,,8,0
Proto-Adapter,clahe,1000,0,777,slice,0.7508218277449047,0.7042627377497442,0.6410256410256411,0.641025641025641,0.5757575757575758,0.48717948717948717,0.7948717948717948,0.7037037037037037,0.6078431372549019,0.2964324305999625,19,8,31,20,,78,0
Proto-Adapter,clahe,1000,0,777,patient,0.625,0.7678571428571428,0.75,0.75,0.6666666666666666,0.5,1.0,1.0,0.6666666666666666,0.5773502691896258,2,0,4,2,,8,0
Proto-Adapter,clahe,500,0,999,slice,0.7508218277449047,0.7042627377497442,0.6410256410256411,0.641025641025641,0.5757575757575758,0.48717948717948717,0.7948717948717948,0.7037037037037037,0.6078431372549019,0.2964324305999625,19,8,31,20,,78,0
Proto-Adapter,clahe,500,0,999,patient,0.625,0.7678571428571428,0.75,0.75,0.6666666666666666,0.5,1.0,1.0,0.6666666666666666,0.5773502691896258,2,0,4,2,,8,0
TaskRes,clahe,500,0,42,slice,0.757396449704142,0.7115069910577227,0.6282051282051282,0.6282051282051282,0.5538461538461539,0.46153846153846156,0.7948717948717948,0.6923076923076923,0.5961538461538461,0.27196414661021057,18,8,31,21,,78,0
TaskRes,clahe,500,0,42,patient,0.625,0.7678571428571428,0.75,0.75,0.6666666666666666,0.5,1.0,1.0,0.6666666666666666,0.5773502691896258,2,0,4,2,,8,0
Proto-Adapter,clahe,1000,0,999,slice,0.7508218277449047,0.7042627377497442,0.6410256410256411,0.641025641025641,0.5757575757575758,0.48717948717948717,0.7948717948717948,0.7037037037037037,0.6078431372549019,0.2964324305999625,19,8,31,20,,78,0
Proto-Adapter,clahe,1000,0,999,patient,0.625,0.7678571428571428,0.75,0.75,0.6666666666666666,0.5,1.0,1.0,0.6666666666666666,0.5773502691896258,2,0,4,2,,8,0
TaskRes,clahe,500,0,100,slice,0.757396449704142,0.7115069910577227,0.6282051282051282,0.6282051282051282,0.5538461538461539,0.46153846153846156,0.7948717948717948,0.6923076923076923,0.5961538461538461,0.27196414661021057,18,8,31,21,,78,0
TaskRes,clahe,500,0,100,patient,0.625,0.7678571428571428,0.75,0.75,0.6666666666666666,0.5,1.0,1.0,0.6666666666666666,0.5773502691896258,2,0,4,2,,8,0
TaskRes,clahe,1000,0,42,slice,0.757396449704142,0.7116648450767059,0.6282051282051282,0.6282051282051282,0.5538461538461539,0.46153846153846156,0.7948717948717948,0.6923076923076923,0.5961538461538461,0.27196414661021057,18,8,31,21,,78,0
TaskRes,clahe,1000,0,42,patient,0.625,0.7678571428571428,0.75,0.75,0.6666666666666666,0.5,1.0,1.0,0.6666666666666666,0.5773502691896258,2,0,4,2,,8,0
TaskRes,clahe,1000,0,100,slice,0.757396449704142,0.7116648450767059,0.6282051282051282,0.6282051282051282,0.5538461538461539,0.46153846153846156,0.7948717948717948,0.6923076923076923,0.5961538461538461,0.27196414661021057,18,8,31,21,,78,0
TaskRes,clahe,1000,0,100,patient,0.625,0.7678571428571428,0.75,0.75,0.6666666666666666,0.5,1.0,1.0,0.6666666666666666,0.5773502691896258,2,0,4,2,,8,0
TaskRes,clahe,500,0,2024,slice,0.757396449704142,0.7115069910577227,0.6282051282051282,0.6282051282051282,0.5538461538461539,0.46153846153846156,0.7948717948717948,0.6923076923076923,0.5961538461538461,0.27196414661021057,18,8,31,21,,78,0
TaskRes,clahe,500,0,2024,patient,0.625,0.7678571428571428,0.75,0.75,0.6666666666666666,0.5,1.0,1.0,0.6666666666666666,0.5773502691896258,2,0,4,2,,8,0
TaskRes,clahe,500,0,777,slice,0.757396449704142,0.7115069910577227,0.6282051282051282,0.6282051282051282,0.5538461538461539,0.46153846153846156,0.7948717948717948,0.6923076923076923,0.5961538461538461,0.27196414661021057,18,8,31,21,,78,0
TaskRes,clahe,500,0,777,patient,0.625,0.7678571428571428,0.75,0.75,0.6666666666666666,0.5,1.0,1.0,0.6666666666666666,0.5773502691896258,2,0,4,2,,8,0
TaskRes,clahe,1000,0,2024,slice,0.757396449704142,0.7116648450767059,0.6282051282051282,0.6282051282051282,0.5538461538461539,0.46153846153846156,0.7948717948717948,0.6923076923076923,0.5961538461538461,0.27196414661021057,18,8,31,21,,78,0
TaskRes,clahe,1000,0,2024,patient,0.625,0.7678571428571428,0.75,0.75,0.6666666666666666,0.5,1.0,1.0,0.6666666666666666,0.5773502691896258,2,0,4,2,,8,0
TaskRes,clahe,1000,0,777,slice,0.757396449704142,0.7116648450767059,0.6282051282051282,0.6282051282051282,0.5538461538461539,0.46153846153846156,0.7948717948717948,0.6923076923076923,0.5961538461538461,0.27196414661021057,18,8,31,21,,78,0
TaskRes,clahe,1000,0,777,patient,0.625,0.7678571428571428,0.75,0.75,0.6666666666666666,0.5,1.0,1.0,0.6666666666666666,0.5773502691896258,2,0,4,2,,8,0
TaskRes,clahe,500,0,999,slice,0.757396449704142,0.7115069910577227,0.6282051282051282,0.6282051282051282,0.5538461538461539,0.46153846153846156,0.7948717948717948,0.6923076923076923,0.5961538461538461,0.27196414661021057,18,8,31,21,,78,0
TaskRes,clahe,500,0,999,patient,0.625,0.7678571428571428,0.75,0.75,0.6666666666666666,0.5,1.0,1.0,0.6666666666666666,0.5773502691896258,2,0,4,2,,8,0
TaskRes,clahe,1000,0,999,slice,0.757396449704142,0.7116648450767059,0.6282051282051282,0.6282051282051282,0.5538461538461539,0.46153846153846156,0.7948717948717948,0.6923076923076923,0.5961538461538461,0.27196414661021057,18,8,31,21,,78,0
TaskRes,clahe,1000,0,999,patient,0.625,0.7678571428571428,0.75,0.75,0.6666666666666666,0.5,1.0,1.0,0.6666666666666666,0.5773502691896258,2,0,4,2,,8,0
TaskRes+SAM,clahe,500,0,42,slice,0.7606837606837606,0.7171092101218818,0.6410256410256411,0.641025641025641,0.5757575757575758,0.48717948717948717,0.7948717948717948,0.7037037037037037,0.6078431372549019,0.2964324305999625,19,8,31,20,,78,0
TaskRes+SAM,clahe,500,0,42,patient,0.625,0.7678571428571428,0.75,0.75,0.6666666666666666,0.5,1.0,1.0,0.6666666666666666,0.5773502691896258,2,0,4,2,,8,0
TaskRes+SAM,clahe,1000,0,42,slice,0.7606837606837606,0.7134512556164697,0.6410256410256411,0.641025641025641,0.5757575757575758,0.48717948717948717,0.7948717948717948,0.7037037037037037,0.6078431372549019,0.2964324305999625,19,8,31,20,,78,0
TaskRes+SAM,clahe,1000,0,42,patient,0.625,0.7678571428571428,0.75,0.75,0.6666666666666666,0.5,1.0,1.0,0.6666666666666666,0.5773502691896258,2,0,4,2,,8,0
TaskRes+SAM,clahe,500,0,100,slice,0.7606837606837606,0.7171092101218818,0.6410256410256411,0.641025641025641,0.5757575757575758,0.48717948717948717,0.7948717948717948,0.7037037037037037,0.6078431372549019,0.2964324305999625,19,8,31,20,,78,0
TaskRes+SAM,clahe,500,0,100,patient,0.625,0.7678571428571428,0.75,0.75,0.6666666666666666,0.5,1.0,1.0,0.6666666666666666,0.5773502691896258,2,0,4,2,,8,0
TaskRes+SAM,clahe,1000,0,100,slice,0.7606837606837606,0.7134512556164697,0.6410256410256411,0.641025641025641,0.5757575757575758,0.48717948717948717,0.7948717948717948,0.7037037037037037,0.6078431372549019,0.2964324305999625,19,8,31,20,,78,0
TaskRes+SAM,clahe,1000,0,100,patient,0.625,0.7678571428571428,0.75,0.75,0.6666666666666666,0.5,1.0,1.0,0.6666666666666666,0.5773502691896258,2,0,4,2,,8,0
TaskRes+SAM,clahe,500,0,2024,slice,0.7606837606837606,0.7171092101218818,0.6410256410256411,0.641025641025641,0.5757575757575758,0.48717948717948717,0.7948717948717948,0.7037037037037037,0.6078431372549019,0.2964324305999625,19,8,31,20,,78,0
TaskRes+SAM,clahe,500,0,2024,patient,0.625,0.7678571428571428,0.75,0.75,0.6666666666666666,0.5,1.0,1.0,0.6666666666666666,0.5773502691896258,2,0,4,2,,8,0
TaskRes+SAM,clahe,1000,0,2024,slice,0.7606837606837606,0.7134512556164697,0.6410256410256411,0.641025641025641,0.5757575757575758,0.48717948717948717,0.7948717948717948,0.7037037037037037,0.6078431372549019,0.2964324305999625,19,8,31,20,,78,0
TaskRes+SAM,clahe,1000,0,2024,patient,0.625,0.7678571428571428,0.75,0.75,0.6666666666666666,0.5,1.0,1.0,0.6666666666666666,0.5773502691896258,2,0,4,2,,8,0
TaskRes+SAM,clahe,500,0,777,slice,0.7606837606837606,0.7171092101218818,0.6410256410256411,0.641025641025641,0.5757575757575758,0.48717948717948717,0.7948717948717948,0.7037037037037037,0.6078431372549019,0.2964324305999625,19,8,31,20,,78,0
TaskRes+SAM,clahe,500,0,777,patient,0.625,0.7678571428571428,0.75,0.75,0.6666666666666666,0.5,1.0,1.0,0.6666666666666666,0.5773502691896258,2,0,4,2,,8,0
TaskRes+SAM,clahe,1000,0,777,slice,0.7606837606837606,0.7134512556164697,0.6410256410256411,0.641025641025641,0.5757575757575758,0.48717948717948717,0.7948717948717948,0.7037037037037037,0.6078431372549019,0.2964324305999625,19,8,31,20,,78,0
TaskRes+SAM,clahe,1000,0,777,patient,0.625,0.7678571428571428,0.75,0.75,0.6666666666666666,0.5,1.0,1.0,0.6666666666666666,0.5773502691896258,2,0,4,2,,8,0
TaskRes+SAM,clahe,500,0,999,slice,0.7606837606837606,0.7171092101218818,0.6410256410256411,0.641025641025641,0.5757575757575758,0.48717948717948717,0.7948717948717948,0.7037037037037037,0.6078431372549019,0.2964324305999625,19,8,31,20,,78,0
TaskRes+SAM,clahe,500,0,999,patient,0.625,0.7678571428571428,0.75,0.75,0.6666666666666666,0.5,1.0,1.0,0.6666666666666666,0.5773502691896258,2,0,4,2,,8,0
TaskRes+SAM,clahe,1000,0,999,slice,0.7606837606837606,0.7134512556164697,0.6410256410256411,0.641025641025641,0.5757575757575758,0.48717948717948717,0.7948717948717948,0.7037037037037037,0.6078431372549019,0.2964324305999625,19,8,31,20,,78,0
TaskRes+SAM,clahe,1000,0,999,patient,0.625,0.7678571428571428,0.75,0.75,0.6666666666666666,0.5,1.0,1.0,0.6666666666666666,0.5773502691896258,2,0,4,2,,8,0
Tip-Adapter,raw,500,0,0,slice,0.6870479947403024,0.6713469371159708,0.6410256410256411,0.641025641025641,0.6,0.5384615384615384,0.7435897435897436,0.6774193548387096,0.6170212765957447,0.28817938438423535,21,10,29,18,,78,0
Tip-Adapter,raw,500,0,0,patient,0.625,0.7678571428571428,0.75,0.75,0.6666666666666666,0.5,1.0,1.0,0.6666666666666666,0.5773502691896258,2,0,4,2,,8,0
Tip-Adapter,raw,1000,0,0,slice,0.6870479947403024,0.6713469371159708,0.6410256410256411,0.641025641025641,0.6,0.5384615384615384,0.7435897435897436,0.6774193548387096,0.6170212765957447,0.28817938438423535,21,10,29,18,,78,0
Tip-Adapter,raw,1000,0,0,patient,0.625,0.7678571428571428,0.75,0.75,0.6666666666666666,0.5,1.0,1.0,0.6666666666666666,0.5773502691896258,2,0,4,2,,8,0
Zero-Shot,raw,1000,0,0,slice,0.6788297172912557,0.6541292274237855,0.6666666666666666,0.6666666666666666,0.6060606060606061,0.5128205128205128,0.8205128205128205,0.7407407407407407,0.6274509803921569,0.3503292361635921,20,7,32,19,,78,0
Zero-Shot,raw,1000,0,0,patient,0.625,0.7678571428571428,0.625,0.625,0.5714285714285714,0.5,0.75,0.6666666666666666,0.6,0.2581988897471611,2,1,3,2,,8,0
Zero-Shot,raw,500,0,0,slice,0.6788297172912557,0.6541292274237855,0.6666666666666666,0.6666666666666666,0.6060606060606061,0.5128205128205128,0.8205128205128205,0.7407407407407407,0.6274509803921569,0.3503292361635921,20,7,32,19,,78,0
Zero-Shot,raw,500,0,0,patient,0.625,0.7678571428571428,0.625,0.625,0.5714285714285714,0.5,0.75,0.6666666666666666,0.6,0.2581988897471611,2,1,3,2,,8,0
Tip-Adapter-F,raw,500,0,42,slice,0.6771860618014465,0.651306677977762,0.6794871794871795,0.6794871794871795,0.6268656716417911,0.5384615384615384,0.8205128205128205,0.75,0.64,0.3741657386773941,21,7,32,18,,78,0
Tip-Adapter-F,raw,500,0,42,patient,0.625,0.7678571428571428,0.625,0.625,0.5714285714285714,0.5,0.75,0.6666666666666666,0.6,0.2581988897471611,2,1,3,2,,8,0
Tip-Adapter-F,raw,1000,0,42,slice,0.678172255095332,0.6529061050502257,0.6538461538461539,0.6538461538461539,0.5846153846153846,0.48717948717948717,0.8205128205128205,0.7307692307692307,0.6153846153846154,0.3263569759322527,19,7,32,20,,78,0
Tip-Adapter-F,raw,1000,0,42,patient,0.625,0.7678571428571428,0.625,0.625,0.5714285714285714,0.5,0.75,0.6666666666666666,0.6,0.2581988897471611,2,1,3,2,,8,0
Tip-Adapter-F,raw,500,0,100,slice,0.6771860618014465,0.651306677977762,0.6794871794871795,0.6794871794871795,0.6268656716417911,0.5384615384615384,0.8205128205128205,0.75,0.64,0.3741657386773941,21,7,32,18,,78,0
Tip-Adapter-F,raw,500,0,100,patient,0.625,0.7678571428571428,0.625,0.625,0.5714285714285714,0.5,0.75,0.6666666666666666,0.6,0.2581988897471611,2,1,3,2,,8,0
Tip-Adapter-F,raw,1000,0,100,slice,0.678172255095332,0.6529061050502257,0.6538461538461539,0.6538461538461539,0.5846153846153846,0.48717948717948717,0.8205128205128205,0.7307692307692307,0.6153846153846154,0.3263569759322527,19,7,32,20,,78,0
Tip-Adapter-F,raw,1000,0,100,patient,0.625,0.7678571428571428,0.625,0.625,0.5714285714285714,0.5,0.75,0.6666666666666666,0.6,0.2581988897471611,2,1,3,2,,8,0
Tip-Adapter-F,raw,500,0,2024,slice,0.6771860618014465,0.651306677977762,0.6794871794871795,0.6794871794871795,0.6268656716417911,0.5384615384615384,0.8205128205128205,0.75,0.64,0.3741657386773941,21,7,32,18,,78,0
Tip-Adapter-F,raw,500,0,2024,patient,0.625,0.7678571428571428,0.625,0.625,0.5714285714285714,0.5,0.75,0.6666666666666666,0.6,0.2581988897471611,2,1,3,2,,8,0
Tip-Adapter-F,raw,1000,0,2024,slice,0.678172255095332,0.6529061050502257,0.6538461538461539,0.6538461538461539,0.5846153846153846,0.48717948717948717,0.8205128205128205,0.7307692307692307,0.6153846153846154,0.3263569759322527,19,7,32,20,,78,0
Tip-Adapter-F,raw,1000,0,2024,patient,0.625,0.7678571428571428,0.625,0.625,0.5714285714285714,0.5,0.75,0.6666666666666666,0.6,0.2581988897471611,2,1,3,2,,8,0
Tip-Adapter-F,raw,500,0,777,slice,0.6771860618014465,0.651306677977762,0.6794871794871795,0.6794871794871795,0.6268656716417911,0.5384615384615384,0.8205128205128205,0.75,0.64,0.3741657386773941,21,7,32,18,,78,0
Tip-Adapter-F,raw,500,0,777,patient,0.625,0.7678571428571428,0.625,0.625,0.5714285714285714,0.5,0.75,0.6666666666666666,0.6,0.2581988897471611,2,1,3,2,,8,0
Tip-Adapter-F,raw,1000,0,777,slice,0.678172255095332,0.6529061050502257,0.6538461538461539,0.6538461538461539,0.5846153846153846,0.48717948717948717,0.8205128205128205,0.7307692307692307,0.6153846153846154,0.3263569759322527,19,7,32,20,,78,0
Tip-Adapter-F,raw,1000,0,777,patient,0.625,0.7678571428571428,0.625,0.625,0.5714285714285714,0.5,0.75,0.6666666666666666,0.6,0.2581988897471611,2,1,3,2,,8,0
Tip-Adapter-F,raw,500,0,999,slice,0.6771860618014465,0.651306677977762,0.6794871794871795,0.6794871794871795,0.6268656716417911,0.5384615384615384,0.8205128205128205,0.75,0.64,0.3741657386773941,21,7,32,18,,78,0
Tip-Adapter-F,raw,500,0,999,patient,0.625,0.7678571428571428,0.625,0.625,0.5714285714285714,0.5,0.75,0.6666666666666666,0.6,0.2581988897471611,2,1,3,2,,8,0
Tip-Adapter-F,raw,1000,0,999,slice,0.678172255095332,0.6529061050502257,0.6538461538461539,0.6538461538461539,0.5846153846153846,0.48717948717948717,0.8205128205128205,0.7307692307692307,0.6153846153846154,0.3263569759322527,19,7,32,20,,78,0
Tip-Adapter-F,raw,1000,0,999,patient,0.625,0.7678571428571428,0.625,0.625,0.5714285714285714,0.5,0.75,0.6666666666666666,0.6,0.2581988897471611,2,1,3,2,,8,0
Tip-Adapter-F+SAM,raw,500,0,42,slice,0.6778435239973701,0.6527711983706025,0.6794871794871795,0.6794871794871795,0.6268656716417911,0.5384615384615384,0.8205128205128205,0.75,0.64,0.3741657386773941,21,7,32,18,,78,0
Tip-Adapter-F+SAM,raw,500,0,42,patient,0.625,0.7678571428571428,0.625,0.625,0.5714285714285714,0.5,0.75,0.6666666666666666,0.6,0.2581988897471611,2,1,3,2,,8,0
Tip-Adapter-F+SAM,raw,1000,0,42,slice,0.6768573307034845,0.6509233403851221,0.6794871794871795,0.6794871794871795,0.6268656716417911,0.5384615384615384,0.8205128205128205,0.75,0.64,0.3741657386773941,21,7,32,18,,78,0
Tip-Adapter-F+SAM,raw,1000,0,42,patient,0.625,0.7678571428571428,0.625,0.625,0.5714285714285714,0.5,0.75,0.6666666666666666,0.6,0.2581988897471611,2,1,3,2,,8,0
Tip-Adapter-F+SAM,raw,500,0,100,slice,0.6778435239973701,0.6527711983706025,0.6794871794871795,0.6794871794871795,0.6268656716417911,0.5384615384615384,0.8205128205128205,0.75,0.64,0.3741657386773941,21,7,32,18,,78,0
Tip-Adapter-F+SAM,raw,500,0,100,patient,0.625,0.7678571428571428,0.625,0.625,0.5714285714285714,0.5,0.75,0.6666666666666666,0.6,0.2581988897471611,2,1,3,2,,8,0
Tip-Adapter-F+SAM,raw,1000,0,100,slice,0.6768573307034845,0.6509233403851221,0.6794871794871795,0.6794871794871795,0.6268656716417911,0.5384615384615384,0.8205128205128205,0.75,0.64,0.3741657386773941,21,7,32,18,,78,0
Tip-Adapter-F+SAM,raw,1000,0,100,patient,0.625,0.7678571428571428,0.625,0.625,0.5714285714285714,0.5,0.75,0.6666666666666666,0.6,0.2581988897471611,2,1,3,2,,8,0
Tip-Adapter-F+SAM,raw,500,0,2024,slice,0.6778435239973701,0.6527711983706025,0.6794871794871795,0.6794871794871795,0.6268656716417911,0.5384615384615384,0.8205128205128205,0.75,0.64,0.3741657386773941,21,7,32,18,,78,0
Tip-Adapter-F+SAM,raw,500,0,2024,patient,0.625,0.7678571428571428,0.625,0.625,0.5714285714285714,0.5,0.75,0.6666666666666666,0.6,0.2581988897471611,2,1,3,2,,8,0
Tip-Adapter-F+SAM,raw,1000,0,2024,slice,0.6768573307034845,0.6509233403851221,0.6794871794871795,0.6794871794871795,0.6268656716417911,0.5384615384615384,0.8205128205128205,0.75,0.64,0.3741657386773941,21,7,32,18,,78,0
Tip-Adapter-F+SAM,raw,1000,0,2024,patient,0.625,0.7678571428571428,0.625,0.625,0.5714285714285714,0.5,0.75,0.6666666666666666,0.6,0.2581988897471611,2,1,3,2,,8,0
Tip-Adapter-F+SAM,raw,500,0,777,slice,0.6778435239973701,0.6527711983706025,0.6794871794871795,0.6794871794871795,0.6268656716417911,0.5384615384615384,0.8205128205128205,0.75,0.64,0.3741657386773941,21,7,32,18,,78,0
Tip-Adapter-F+SAM,raw,500,0,777,patient,0.625,0.7678571428571428,0.625,0.625,0.5714285714285714,0.5,0.75,0.6666666666666666,0.6,0.2581988897471611,2,1,3,2,,8,0
Tip-Adapter-F+SAM,raw,1000,0,777,slice,0.6768573307034845,0.6509233403851221,0.6794871794871795,0.6794871794871795,0.6268656716417911,0.5384615384615384,0.8205128205128205,0.75,0.64,0.3741657386773941,21,7,32,18,,78,0
Tip-Adapter-F+SAM,raw,1000,0,777,patient,0.625,0.7678571428571428,0.625,0.625,0.5714285714285714,0.5,0.75,0.6666666666666666,0.6,0.2581988897471611,2,1,3,2,,8,0
Tip-Adapter-F+SAM,raw,500,0,999,slice,0.6778435239973701,0.6527711983706025,0.6794871794871795,0.6794871794871795,0.6268656716417911,0.5384615384615384,0.8205128205128205,0.75,0.64,0.3741657386773941,21,7,32,18,,78,0
Tip-Adapter-F+SAM,raw,500,0,999,patient,0.625,0.7678571428571428,0.625,0.625,0.5714285714285714,0.5,0.75,0.6666666666666666,0.6,0.2581988897471611,2,1,3,2,,8,0
Tip-Adapter-F+SAM,raw,1000,0,999,slice,0.6768573307034845,0.6509233403851221,0.6794871794871795,0.6794871794871795,0.6268656716417911,0.5384615384615384,0.8205128205128205,0.75,0.64,0.3741657386773941,21,7,32,18,,78,0
Tip-Adapter-F+SAM,raw,1000,0,999,patient,0.625,0.7678571428571428,0.625,0.625,0.5714285714285714,0.5,0.75,0.6666666666666666,0.6,0.2581988897471611,2,1,3,2,,8,0
CLIP-Adapter,raw,500,0,42,slice,0.6909927679158449,0.6726382662302755,0.5897435897435898,0.5897435897435898,0.42857142857142855,0.3076923076923077,0.8717948717948718,0.7058823529411765,0.5573770491803278,0.21737453291558792,12,5,34,27,,78,0
CLIP-Adapter,raw,500,0,42,patient,0.625,0.7678571428571428,0.75,0.75,0.6666666666666666,0.5,1.0,1.0,0.6666666666666666,0.5773502691896258,2,0,4,2,,8,0
CLIP-Adapter,raw,1000,0,42,slice,0.6942800788954635,0.675658842213977,0.5897435897435898,0.5897435897435898,0.42857142857142855,0.3076923076923077,0.8717948717948718,0.7058823529411765,0.5573770491803278,0.21737453291558792,12,5,34,27,,78,0
CLIP-Adapter,raw,1000,0,42,patient,0.625,0.7678571428571428,0.625,0.625,0.5714285714285714,0.5,0.75,0.6666666666666666,0.6,0.2581988897471611,2,1,3,2,,8,0
CLIP-Adapter,raw,500,0,100,slice,0.6916502301117686,0.6729678716130724,0.5641025641025641,0.5641025641025641,0.43333333333333335,0.3333333333333333,0.7948717948717948,0.6190476190476191,0.543859649122807,0.14451832825402,13,8,31,26,,78,0
CLIP-Adapter,raw,500,0,100,patient,0.625,0.7678571428571428,0.75,0.75,0.6666666666666666,0.5,1.0,1.0,0.6666666666666666,0.5773502691896258,2,0,4,2,,8,0
CLIP-Adapter,raw,1000,0,100,slice,0.6936226166995397,0.6680911824395174,0.5769230769230769,0.5769230769230769,0.37735849056603776,0.2564102564102564,0.8974358974358975,0.7142857142857143,0.546875,0.20044593143431827,10,4,35,29,,78,0
CLIP-Adapter,raw,1000,0,100,patient,0.625,0.7678571428571428,0.75,0.75,0.6666666666666666,0.5,1.0,1.0,0.6666666666666666,0.5773502691896258,2,0,4,2,,8,0
CLIP-Adapter,raw,500,0,2024,slice,0.6916502301117686,0.6726937690222706,0.6282051282051282,0.6282051282051282,0.5538461538461539,0.46153846153846156,0.7948717948717948,0.6923076923076923,0.5961538461538461,0.27196414661021057,18,8,31,21,,78,0
CLIP-Adapter,raw,500,0,2024,patient,0.625,0.7678571428571428,0.75,0.75,0.6666666666666666,0.5,1.0,1.0,0.6666666666666666,0.5773502691896258,2,0,4,2,,8,0
CLIP-Adapter,raw,1000,0,2024,slice,0.6936226166995397,0.6754572423860251,0.6153846153846154,0.6153846153846154,0.7222222222222222,1.0,0.23076923076923078,0.5652173913043478,1.0,0.36115755925730764,39,30,9,0,,78,0
CLIP-Adapter,raw,1000,0,2024,patient,0.5625,0.6845238095238095,0.5,0.5,0.3333333333333333,0.25,0.75,0.5,0.5,0.0,1,1,3,3,,8,0
CLIP-Adapter,raw,500,0,777,slice,0.6903353057199211,0.6720574265620288,0.5,0.5,0.6666666666666666,1.0,0.0,0.5,,0.0,39,39,0,0,,78,1
CLIP-Adapter,raw,500,0,777,patient,0.625,0.7678571428571428,0.625,0.625,0.4,0.25,1.0,1.0,0.5714285714285714,0.3779644730092272,1,0,4,3,,8,0
CLIP-Adapter,raw,1000,0,777,slice,0.6942800788954635,0.6740504888814858,0.5897435897435898,0.5897435897435898,0.42857142857142855,0.3076923076923077,0.8717948717948718,0.7058823529411765,0.5573770491803278,0.21737453291558792,12,5,34,27,,78,0
CLIP-Adapter,raw,1000,0,777,patient,0.625,0.7678571428571428,0.75,0.75,0.6666666666666666,0.5,1.0,1.0,0.6666666666666666,0.5773502691896258,2,0,4,2,,8,0
CLIP-Adapter,raw,500,0,999,slice,0.6923076923076923,0.6731821695106711,0.6153846153846154,0.6153846153846154,0.625,0.6410256410256411,0.5897435897435898,0.6097560975609756,0.6216216216216216,0.23107327468339356,25,16,23,14,,78,0
CLIP-Adapter,raw,500,0,999,patient,0.625,0.7678571428571428,0.75,0.75,0.6666666666666666,0.5,1.0,1.0,0.6666666666666666,0.5773502691896258,2,0,4,2,,8,0
CLIP-Adapter,raw,1000,0,999,slice,0.6982248520710059,0.6704849212397482,0.5641025641025641,0.5641025641025641,0.34615384615384615,0.23076923076923078,0.8974358974358975,0.6923076923076923,0.5384615384615384,0.17200522903844537,9,4,35,30,,78,0
CLIP-Adapter,raw,1000,0,999,patient,0.625,0.7678571428571428,0.5,0.5,0.5,0.5,0.5,0.5,0.5,0.0,2,2,2,2,,8,0
CoOp,raw,500,0,42,slice,0.6982248520710059,0.6737526175403838,0.5897435897435898,0.5897435897435898,0.5,0.41025641025641024,0.7692307692307693,0.64,0.5660377358490566,0.19230478952816463,16,9,30,23,,78,0
CoOp,raw,500,0,42,patient,0.625,0.7678571428571428,0.75,0.75,0.6666666666666666,0.5,1.0,1.0,0.6666666666666666,0.5773502691896258,2,0,4,2,,8,0
CoOp,raw,1000,0,42,slice,0.6995397764628534,0.672818410284771,0.6153846153846154,0.6153846153846154,0.5588235294117647,0.48717948717948717,0.7435897435897436,0.6551724137931034,0.5918367346938775,0.23875114908478098,19,10,29,20,,78,0
CoOp,raw,1000,0,42,patient,0.625,0.7678571428571428,0.75,0.75,0.6666666666666666,0.5,1.0,1.0,0.6666666666666666,0.5773502691896258,2,0,4,2,,8,0
CoOp,raw,500,0,100,slice,0.7143326758711374,0.6836924520868711,0.6923076923076923,0.6923076923076923,0.7391304347826086,0.8717948717948718,0.5128205128205128,0.6415094339622641,0.8,0.4120816918460671,34,19,20,5,,78,0
CoOp,raw,500,0,100,patient,0.625,0.7678571428571428,0.75,0.75,0.6666666666666666,0.5,1.0,1.0,0.6666666666666666,0.5773502691896258,2,0,4,2,,8,0
CoOp,raw,1000,0,100,slice,0.717948717948718,0.6766152300351667,0.6410256410256411,0.641025641025641,0.6,0.5384615384615384,0.7435897435897436,0.6774193548387096,0.6170212765957447,0.28817938438423535,21,10,29,18,,78,0
CoOp,raw,1000,0,100,patient,0.625,0.7678571428571428,0.75,0.75,0.6666666666666666,0.5,1.0,1.0,0.6666666666666666,0.5773502691896258,2,0,4,2,,8,0
CoOp,raw,500,0,2024,slice,0.6837606837606838,0.6621190200340312,0.6538461538461539,0.6538461538461539,0.6086956521739131,0.5384615384615384,0.7692307692307693,0.7,0.625,0.31622776601683794,21,9,30,18,,78,0
CoOp,raw,500,0,2024,patient,0.625,0.7678571428571428,0.75,0.75,0.6666666666666666,0.5,1.0,1.0,0.6666666666666666,0.5773502691896258,2,0,4,2,,8,0
CoOp,raw,1000,0,2024,slice,0.6844181459566075,0.6613970540062875,0.6410256410256411,0.641025641025641,0.6,0.5384615384615384,0.7435897435897436,0.6774193548387096,0.6170212765957447,0.28817938438423535,21,10,29,18,,78,0
CoOp,raw,1000,0,2024,patient,0.625,0.7678571428571428,0.75,0.75,0.6666666666666666,0.5,1.0,1.0,0.6666666666666666,0.5773502691896258,2,0,4,2,,8,0
CoOp,raw,500,0,777,slice,0.6758711374095989,0.6569916649357769,0.6538461538461539,0.6538461538461539,0.6197183098591549,0.5641025641025641,0.7435897435897436,0.6875,0.6304347826086957,0.3127716210856122,22,10,29,17,,78,0
CoOp,raw,500,0,777,patient,0.625,0.7678571428571428,0.75,0.75,0.6666666666666666,0.5,1.0,1.0,0.6666666666666666,0.5773502691896258,2,0,4,2,,8,0
CoOp,raw,1000,0,777,slice,0.6811308349769888,0.6653975590419875,0.6538461538461539,0.6538461538461539,0.6197183098591549,0.5641025641025641,0.7435897435897436,0.6875,0.6304347826086957,0.3127716210856122,22,10,29,17,,78,0
CoOp,raw,1000,0,777,patient,0.625,0.7678571428571428,0.75,0.75,0.6666666666666666,0.5,1.0,1.0,0.6666666666666666,0.5773502691896258,2,0,4,2,,8,0
CoOp,raw,500,0,999,slice,0.6949375410913873,0.676623314191719,0.6538461538461539,0.6538461538461539,0.6086956521739131,0.5384615384615384,0.7692307692307693,0.7,0.625,0.31622776601683794,21,9,30,18,,78,0
CoOp,raw,500,0,999,patient,0.625,0.7678571428571428,0.75,0.75,0.6666666666666666,0.5,1.0,1.0,0.6666666666666666,0.5773502691896258,2,0,4,2,,8,0
Nearest Centroid,raw,1000,0,0,slice,0.6811308349769888,0.6597514901592945,0.6410256410256411,0.641025641025641,0.5882352941176471,0.5128205128205128,0.7692307692307693,0.6896551724137931,0.6122448979591837,0.2918069599925101,20,9,30,19,,78,0
Nearest Centroid,raw,1000,0,0,patient,0.625,0.7678571428571428,0.625,0.625,0.4,0.25,1.0,1.0,0.5714285714285714,0.3779644730092272,1,0,4,3,,8,0
Nearest Centroid,raw,500,0,0,slice,0.6824457593688363,0.6592597810228372,0.6410256410256411,0.641025641025641,0.5882352941176471,0.5128205128205128,0.7692307692307693,0.6896551724137931,0.6122448979591837,0.2918069599925101,20,9,30,19,,78,0
Nearest Centroid,raw,500,0,0,patient,0.625,0.7678571428571428,0.625,0.625,0.4,0.25,1.0,1.0,0.5714285714285714,0.3779644730092272,1,0,4,3,,8,0
CoOp,raw,1000,0,999,slice,0.6666666666666666,0.6605352321656677,0.6538461538461539,0.6538461538461539,0.6086956521739131,0.5384615384615384,0.7692307692307693,0.7,0.625,0.31622776601683794,21,9,30,18,,78,0
CoOp,raw,1000,0,999,patient,0.625,0.7678571428571428,0.75,0.75,0.6666666666666666,0.5,1.0,1.0,0.6666666666666666,0.5773502691896258,2,0,4,2,,8,0
Proto-Adapter,raw,500,0,42,slice,0.6811308349769888,0.6594740729037958,0.6410256410256411,0.641025641025641,0.5882352941176471,0.5128205128205128,0.7692307692307693,0.6896551724137931,0.6122448979591837,0.2918069599925101,20,9,30,19,,78,0
Proto-Adapter,raw,500,0,42,patient,0.625,0.7678571428571428,0.625,0.625,0.4,0.25,1.0,1.0,0.5714285714285714,0.3779644730092272,1,0,4,3,,8,0
Proto-Adapter,raw,1000,0,42,slice,0.680802103879027,0.6592897782279757,0.6410256410256411,0.641025641025641,0.5882352941176471,0.5128205128205128,0.7692307692307693,0.6896551724137931,0.6122448979591837,0.2918069599925101,20,9,30,19,,78,0
Proto-Adapter,raw,1000,0,42,patient,0.625,0.7678571428571428,0.625,0.625,0.4,0.25,1.0,1.0,0.5714285714285714,0.3779644730092272,1,0,4,3,,8,0
Proto-Adapter,raw,500,0,100,slice,0.6811308349769888,0.6594740729037958,0.6410256410256411,0.641025641025641,0.5882352941176471,0.5128205128205128,0.7692307692307693,0.6896551724137931,0.6122448979591837,0.2918069599925101,20,9,30,19,,78,0
Proto-Adapter,raw,500,0,100,patient,0.625,0.7678571428571428,0.625,0.625,0.4,0.25,1.0,1.0,0.5714285714285714,0.3779644730092272,1,0,4,3,,8,0
Proto-Adapter,raw,1000,0,100,slice,0.680802103879027,0.6592897782279757,0.6410256410256411,0.641025641025641,0.5882352941176471,0.5128205128205128,0.7692307692307693,0.6896551724137931,0.6122448979591837,0.2918069599925101,20,9,30,19,,78,0
Proto-Adapter,raw,1000,0,100,patient,0.625,0.7678571428571428,0.625,0.625,0.4,0.25,1.0,1.0,0.5714285714285714,0.3779644730092272,1,0,4,3,,8,0
Proto-Adapter,raw,500,0,2024,slice,0.6811308349769888,0.6594740729037958,0.6410256410256411,0.641025641025641,0.5882352941176471,0.5128205128205128,0.7692307692307693,0.6896551724137931,0.6122448979591837,0.2918069599925101,20,9,30,19,,78,0
Proto-Adapter,raw,500,0,2024,patient,0.625,0.7678571428571428,0.625,0.625,0.4,0.25,1.0,1.0,0.5714285714285714,0.3779644730092272,1,0,4,3,,8,0
Proto-Adapter,raw,1000,0,2024,slice,0.680802103879027,0.6592897782279757,0.6410256410256411,0.641025641025641,0.5882352941176471,0.5128205128205128,0.7692307692307693,0.6896551724137931,0.6122448979591837,0.2918069599925101,20,9,30,19,,78,0
Proto-Adapter,raw,1000,0,2024,patient,0.625,0.7678571428571428,0.625,0.625,0.4,0.25,1.0,1.0,0.5714285714285714,0.3779644730092272,1,0,4,3,,8,0
Proto-Adapter,raw,500,0,777,slice,0.6811308349769888,0.6594740729037958,0.6410256410256411,0.641025641025641,0.5882352941176471,0.5128205128205128,0.7692307692307693,0.6896551724137931,0.6122448979591837,0.2918069599925101,20,9,30,19,,78,0
Proto-Adapter,raw,500,0,777,patient,0.625,0.7678571428571428,0.625,0.625,0.4,0.25,1.0,1.0,0.5714285714285714,0.3779644730092272,1,0,4,3,,8,0
Proto-Adapter,raw,1000,0,777,slice,0.680802103879027,0.6592897782279757,0.6410256410256411,0.641025641025641,0.5882352941176471,0.5128205128205128,0.7692307692307693,0.6896551724137931,0.6122448979591837,0.2918069599925101,20,9,30,19,,78,0
Proto-Adapter,raw,1000,0,777,patient,0.625,0.7678571428571428,0.625,0.625,0.4,0.25,1.0,1.0,0.5714285714285714,0.3779644730092272,1,0,4,3,,8,0
Proto-Adapter,raw,500,0,999,slice,0.6811308349769888,0.6594740729037958,0.6410256410256411,0.641025641025641,0.5882352941176471,0.5128205128205128,0.7692307692307693,0.6896551724137931,0.6122448979591837,0.2918069599925101,20,9,30,19,,78,0
Proto-Adapter,raw,500,0,999,patient,0.625,0.7678571428571428,0.625,0.625,0.4,0.25,1.0,1.0,0.5714285714285714,0.3779644730092272,1,0,4,3,,8,0
Proto-Adapter,raw,1000,0,999,slice,0.680802103879027,0.6592897782279757,0.6410256410256411,0.641025641025641,0.5882352941176471,0.5128205128205128,0.7692307692307693,0.6896551724137931,0.6122448979591837,0.2918069599925101,20,9,30,19,,78,0
Proto-Adapter,raw,1000,0,999,patient,0.625,0.7678571428571428,0.625,0.625,0.4,0.25,1.0,1.0,0.5714285714285714,0.3779644730092272,1,0,4,3,,8,0
TaskRes,raw,500,0,42,slice,0.6909927679158449,0.6748637353085669,0.6410256410256411,0.641025641025641,0.6,0.5384615384615384,0.7435897435897436,0.6774193548387096,0.6170212765957447,0.28817938438423535,21,10,29,18,,78,0
TaskRes,raw,500,0,42,patient,0.625,0.7678571428571428,0.75,0.75,0.6666666666666666,0.5,1.0,1.0,0.6666666666666666,0.5773502691896258,2,0,4,2,,8,0
TaskRes,raw,500,0,100,slice,0.6909927679158449,0.6748637353085669,0.6410256410256411,0.641025641025641,0.6,0.5384615384615384,0.7435897435897436,0.6774193548387096,0.6170212765957447,0.28817938438423535,21,10,29,18,,78,0
TaskRes,raw,500,0,100,patient,0.625,0.7678571428571428,0.75,0.75,0.6666666666666666,0.5,1.0,1.0,0.6666666666666666,0.5773502691896258,2,0,4,2,,8,0
TaskRes,raw,1000,0,42,slice,0.6909927679158449,0.6748637353085669,0.6282051282051282,0.6282051282051282,0.5797101449275363,0.5128205128205128,0.7435897435897436,0.6666666666666666,0.6041666666666666,0.26352313834736496,20,10,29,19,,78,0
TaskRes,raw,1000,0,42,patient,0.625,0.7678571428571428,0.75,0.75,0.6666666666666666,0.5,1.0,1.0,0.6666666666666666,0.5773502691896258,2,0,4,2,,8,0
TaskRes,raw,1000,0,100,slice,0.6909927679158449,0.6748637353085669,0.6282051282051282,0.6282051282051282,0.5797101449275363,0.5128205128205128,0.7435897435897436,0.6666666666666666,0.6041666666666666,0.26352313834736496,20,10,29,19,,78,0
TaskRes,raw,1000,0,100,patient,0.625,0.7678571428571428,0.75,0.75,0.6666666666666666,0.5,1.0,1.0,0.6666666666666666,0.5773502691896258,2,0,4,2,,8,0
TaskRes,raw,500,0,2024,slice,0.6909927679158449,0.6748637353085669,0.6410256410256411,0.641025641025641,0.6,0.5384615384615384,0.7435897435897436,0.6774193548387096,0.6170212765957447,0.28817938438423535,21,10,29,18,,78,0
TaskRes,raw,500,0,2024,patient,0.625,0.7678571428571428,0.75,0.75,0.6666666666666666,0.5,1.0,1.0,0.6666666666666666,0.5773502691896258,2,0,4,2,,8,0
TaskRes,raw,500,0,777,slice,0.6909927679158449,0.6748637353085669,0.6410256410256411,0.641025641025641,0.6,0.5384615384615384,0.7435897435897436,0.6774193548387096,0.6170212765957447,0.28817938438423535,21,10,29,18,,78,0
TaskRes,raw,500,0,777,patient,0.625,0.7678571428571428,0.75,0.75,0.6666666666666666,0.5,1.0,1.0,0.6666666666666666,0.5773502691896258,2,0,4,2,,8,0
TaskRes,raw,1000,0,2024,slice,0.6909927679158449,0.6748637353085669,0.6282051282051282,0.6282051282051282,0.5797101449275363,0.5128205128205128,0.7435897435897436,0.6666666666666666,0.6041666666666666,0.26352313834736496,20,10,29,19,,78,0
TaskRes,raw,1000,0,2024,patient,0.625,0.7678571428571428,0.75,0.75,0.6666666666666666,0.5,1.0,1.0,0.6666666666666666,0.5773502691896258,2,0,4,2,,8,0
TaskRes,raw,1000,0,777,slice,0.6909927679158449,0.6748637353085669,0.6282051282051282,0.6282051282051282,0.5797101449275363,0.5128205128205128,0.7435897435897436,0.6666666666666666,0.6041666666666666,0.26352313834736496,20,10,29,19,,78,0
TaskRes,raw,1000,0,777,patient,0.625,0.7678571428571428,0.75,0.75,0.6666666666666666,0.5,1.0,1.0,0.6666666666666666,0.5773502691896258,2,0,4,2,,8,0
TaskRes,raw,1000,0,999,slice,0.6909927679158449,0.6748637353085669,0.6282051282051282,0.6282051282051282,0.5797101449275363,0.5128205128205128,0.7435897435897436,0.6666666666666666,0.6041666666666666,0.26352313834736496,20,10,29,19,,78,0
TaskRes,raw,1000,0,999,patient,0.625,0.7678571428571428,0.75,0.75,0.6666666666666666,0.5,1.0,1.0,0.6666666666666666,0.5773502691896258,2,0,4,2,,8,0
TaskRes,raw,500,0,999,slice,0.6909927679158449,0.6748637353085669,0.6410256410256411,0.641025641025641,0.6,0.5384615384615384,0.7435897435897436,0.6774193548387096,0.6170212765957447,0.28817938438423535,21,10,29,18,,78,0
TaskRes,raw,500,0,999,patient,0.625,0.7678571428571428,0.75,0.75,0.6666666666666666,0.5,1.0,1.0,0.6666666666666666,0.5773502691896258,2,0,4,2,,8,0
TaskRes+SAM,raw,500,0,42,slice,0.6909927679158449,0.6748637353085669,0.6282051282051282,0.6282051282051282,0.5797101449275363,0.5128205128205128,0.7435897435897436,0.6666666666666666,0.6041666666666666,0.26352313834736496,20,10,29,19,,78,0
TaskRes+SAM,raw,500,0,42,patient,0.625,0.7678571428571428,0.75,0.75,0.6666666666666666,0.5,1.0,1.0,0.6666666666666666,0.5773502691896258,2,0,4,2,,8,0
TaskRes+SAM,raw,1000,0,42,slice,0.6909927679158449,0.6748637353085669,0.6282051282051282,0.6282051282051282,0.5797101449275363,0.5128205128205128,0.7435897435897436,0.6666666666666666,0.6041666666666666,0.26352313834736496,20,10,29,19,,78,0
TaskRes+SAM,raw,1000,0,42,patient,0.625,0.7678571428571428,0.75,0.75,0.6666666666666666,0.5,1.0,1.0,0.6666666666666666,0.5773502691896258,2,0,4,2,,8,0
TaskRes+SAM,raw,500,0,100,slice,0.6909927679158449,0.6748637353085669,0.6282051282051282,0.6282051282051282,0.5797101449275363,0.5128205128205128,0.7435897435897436,0.6666666666666666,0.6041666666666666,0.26352313834736496,20,10,29,19,,78,0
TaskRes+SAM,raw,500,0,100,patient,0.625,0.7678571428571428,0.75,0.75,0.6666666666666666,0.5,1.0,1.0,0.6666666666666666,0.5773502691896258,2,0,4,2,,8,0
TaskRes+SAM,raw,1000,0,100,slice,0.6909927679158449,0.6748637353085669,0.6282051282051282,0.6282051282051282,0.5797101449275363,0.5128205128205128,0.7435897435897436,0.6666666666666666,0.6041666666666666,0.26352313834736496,20,10,29,19,,78,0
TaskRes+SAM,raw,1000,0,100,patient,0.625,0.7678571428571428,0.75,0.75,0.6666666666666666,0.5,1.0,1.0,0.6666666666666666,0.5773502691896258,2,0,4,2,,8,0
TaskRes+SAM,raw,500,0,2024,slice,0.6909927679158449,0.6748637353085669,0.6282051282051282,0.6282051282051282,0.5797101449275363,0.5128205128205128,0.7435897435897436,0.6666666666666666,0.6041666666666666,0.26352313834736496,20,10,29,19,,78,0
TaskRes+SAM,raw,500,0,2024,patient,0.625,0.7678571428571428,0.75,0.75,0.6666666666666666,0.5,1.0,1.0,0.6666666666666666,0.5773502691896258,2,0,4,2,,8,0
TaskRes+SAM,raw,1000,0,2024,slice,0.6909927679158449,0.6748637353085669,0.6282051282051282,0.6282051282051282,0.5797101449275363,0.5128205128205128,0.7435897435897436,0.6666666666666666,0.6041666666666666,0.26352313834736496,20,10,29,19,,78,0
TaskRes+SAM,raw,1000,0,2024,patient,0.625,0.7678571428571428,0.75,0.75,0.6666666666666666,0.5,1.0,1.0,0.6666666666666666,0.5773502691896258,2,0,4,2,,8,0
TaskRes+SAM,raw,500,0,777,slice,0.6909927679158449,0.6748637353085669,0.6282051282051282,0.6282051282051282,0.5797101449275363,0.5128205128205128,0.7435897435897436,0.6666666666666666,0.6041666666666666,0.26352313834736496,20,10,29,19,,78,0
TaskRes+SAM,raw,500,0,777,patient,0.625,0.7678571428571428,0.75,0.75,0.6666666666666666,0.5,1.0,1.0,0.6666666666666666,0.5773502691896258,2,0,4,2,,8,0
TaskRes+SAM,raw,1000,0,777,slice,0.6909927679158449,0.6748637353085669,0.6282051282051282,0.6282051282051282,0.5797101449275363,0.5128205128205128,0.7435897435897436,0.6666666666666666,0.6041666666666666,0.26352313834736496,20,10,29,19,,78,0
TaskRes+SAM,raw,1000,0,777,patient,0.625,0.7678571428571428,0.75,0.75,0.6666666666666666,0.5,1.0,1.0,0.6666666666666666,0.5773502691896258,2,0,4,2,,8,0
TaskRes+SAM,raw,500,0,999,slice,0.6909927679158449,0.6748637353085669,0.6282051282051282,0.6282051282051282,0.5797101449275363,0.5128205128205128,0.7435897435897436,0.6666666666666666,0.6041666666666666,0.26352313834736496,20,10,29,19,,78,0
TaskRes+SAM,raw,500,0,999,patient,0.625,0.7678571428571428,0.75,0.75,0.6666666666666666,0.5,1.0,1.0,0.6666666666666666,0.5773502691896258,2,0,4,2,,8,0
TaskRes+SAM,raw,1000,0,999,slice,0.6909927679158449,0.6748637353085669,0.6282051282051282,0.6282051282051282,0.5797101449275363,0.5128205128205128,0.7435897435897436,0.6666666666666666,0.6041666666666666,0.26352313834736496,20,10,29,19,,78,0
TaskRes+SAM,raw,1000,0,999,patient,0.625,0.7678571428571428,0.75,0.75,0.6666666666666666,0.5,1.0,1.0,0.6666666666666666,0.5773502691896258,2,0,4,2,,8,0
Tip-Adapter,clahe,500,1,0,slice,0.6657894736842105,0.6765638269956473,0.5897435897435898,0.5894736842105264,0.6,0.6,0.5789473684210527,0.6,0.5789473684210527,0.17894736842105263,24,16,22,16,,78,0
Tip-Adapter,clahe,500,1,0,patient,0.8125,0.8928571428571428,0.75,0.75,0.75,0.75,0.75,0.75,0.75,0.5,3,1,3,1,,8,0
Tip-Adapter,clahe,1000,1,0,slice,0.6657894736842105,0.6765638269956473,0.5897435897435898,0.5894736842105264,0.6,0.6,0.5789473684210527,0.6,0.5789473684210527,0.17894736842105263,24,16,22,16,,78,0
Tip-Adapter,clahe,1000,1,0,patient,0.8125,0.8928571428571428,0.75,0.75,0.75,0.75,0.75,0.75,0.75,0.5,3,1,3,1,,8,0
Zero-Shot,clahe,1000,1,0,slice,0.6463815789473685,0.6862190848721555,0.5641025641025641,0.5638157894736842,0.575,0.575,0.5526315789473685,0.575,0.5526315789473685,0.12763157894736843,23,17,21,17,,78,0
Zero-Shot,clahe,1000,1,0,patient,0.8125,0.8928571428571428,0.75,0.75,0.75,0.75,0.75,0.75,0.75,0.5,3,1,3,1,,8,0
Zero-Shot,clahe,500,1,0,slice,0.6463815789473685,0.6862190848721555,0.5641025641025641,0.5638157894736842,0.575,0.575,0.5526315789473685,0.575,0.5526315789473685,0.12763157894736843,23,17,21,17,,78,0
Zero-Shot,clahe,500,1,0,patient,0.8125,0.8928571428571428,0.75,0.75,0.75,0.75,0.75,0.75,0.75,0.5,3,1,3,1,,8,0
Tip-Adapter-F,clahe,500,1,42,slice,0.6453947368421052,0.6843627536669046,0.5641025641025641,0.5638157894736842,0.575,0.575,0.5526315789473685,0.575,0.5526315789473685,0.12763157894736843,23,17,21,17,,78,0
Tip-Adapter-F,clahe,500,1,42,patient,0.8125,0.8928571428571428,0.75,0.75,0.75,0.75,0.75,0.75,0.75,0.5,3,1,3,1,,8,0
Tip-Adapter-F,clahe,1000,1,42,slice,0.6657894736842105,0.6762964155309076,0.6410256410256411,0.6342105263157894,0.72,0.9,0.3684210526315789,0.6,0.7777777777777778,0.318439175937776,36,24,14,4,,78,0
Tip-Adapter-F,clahe,1000,1,42,patient,0.8125,0.8928571428571428,0.75,0.75,0.75,0.75,0.75,0.75,0.75,0.5,3,1,3,1,,8,0
Tip-Adapter-F,clahe,500,1,100,slice,0.6453947368421052,0.6843627536669046,0.5641025641025641,0.5638157894736842,0.575,0.575,0.5526315789473685,0.575,0.5526315789473685,0.12763157894736843,23,17,21,17,,78,0
Tip-Adapter-F,clahe,500,1,100,patient,0.8125,0.8928571428571428,0.75,0.75,0.75,0.75,0.75,0.75,0.75,0.5,3,1,3,1,,8,0
Tip-Adapter-F,clahe,1000,1,100,slice,0.6657894736842105,0.6762964155309076,0.6410256410256411,0.6342105263157894,0.72,0.9,0.3684210526315789,0.6,0.7777777777777778,0.318439175937776,36,24,14,4,,78,0
Tip-Adapter-F,clahe,1000,1,100,patient,0.8125,0.8928571428571428,0.75,0.75,0.75,0.75,0.75,0.75,0.75,0.5,3,1,3,1,,8,0
Tip-Adapter-F,clahe,500,1,2024,slice,0.6453947368421052,0.6843627536669046,0.5641025641025641,0.5638157894736842,0.575,0.575,0.5526315789473685,0.575,0.5526315789473685,0.12763157894736843,23,17,21,17,,78,0
Tip-Adapter-F,clahe,500,1,2024,patient,0.8125,0.8928571428571428,0.75,0.75,0.75,0.75,0.75,0.75,0.75,0.5,3,1,3,1,,8,0
Tip-Adapter-F,clahe,1000,1,2024,slice,0.6657894736842105,0.6762964155309076,0.6410256410256411,0.6342105263157894,0.72,0.9,0.3684210526315789,0.6,0.7777777777777778,0.318439175937776,36,24,14,4,,78,0
Tip-Adapter-F,clahe,1000,1,2024,patient,0.8125,0.8928571428571428,0.75,0.75,0.75,0.75,0.75,0.75,0.75,0.5,3,1,3,1,,8,0
Tip-Adapter-F,clahe,500,1,777,slice,0.6453947368421052,0.6843627536669046,0.5641025641025641,0.5638157894736842,0.575,0.575,0.5526315789473685,0.575,0.5526315789473685,0.12763157894736843,23,17,21,17,,78,0
Tip-Adapter-F,clahe,500,1,777,patient,0.8125,0.8928571428571428,0.75,0.75,0.75,0.75,0.75,0.75,0.75,0.5,3,1,3,1,,8,0
Tip-Adapter-F,clahe,1000,1,777,slice,0.6657894736842105,0.6762964155309076,0.6410256410256411,0.6342105263157894,0.72,0.9,0.3684210526315789,0.6,0.7777777777777778,0.318439175937776,36,24,14,4,,78,0
Tip-Adapter-F,clahe,1000,1,777,patient,0.8125,0.8928571428571428,0.75,0.75,0.75,0.75,0.75,0.75,0.75,0.5,3,1,3,1,,8,0
Tip-Adapter-F,clahe,500,1,999,slice,0.6453947368421052,0.6843627536669046,0.5641025641025641,0.5638157894736842,0.575,0.575,0.5526315789473685,0.575,0.5526315789473685,0.12763157894736843,23,17,21,17,,78,0
Tip-Adapter-F,clahe,500,1,999,patient,0.8125,0.8928571428571428,0.75,0.75,0.75,0.75,0.75,0.75,0.75,0.5,3,1,3,1,,8,0
Tip-Adapter-F,clahe,1000,1,999,slice,0.6657894736842105,0.6762964155309076,0.6410256410256411,0.6342105263157894,0.72,0.9,0.3684210526315789,0.6,0.7777777777777778,0.318439175937776,36,24,14,4,,78,0
Tip-Adapter-F,clahe,1000,1,999,patient,0.8125,0.8928571428571428,0.75,0.75,0.75,0.75,0.75,0.75,0.75,0.5,3,1,3,1,,8,0
Tip-Adapter-F+SAM,clahe,500,1,42,slice,0.6460526315789473,0.6821354890005499,0.5897435897435898,0.5894736842105264,0.6,0.6,0.5789473684210527,0.6,0.5789473684210527,0.17894736842105263,24,16,22,16,,78,0
Tip-Adapter-F+SAM,clahe,500,1,42,patient,0.8125,0.8928571428571428,0.75,0.75,0.75,0.75,0.75,0.75,0.75,0.5,3,1,3,1,,8,0
Tip-Adapter-F+SAM,clahe,1000,1,42,slice,0.6457236842105263,0.6851529084015673,0.5769230769230769,0.5769736842105263,0.5822784810126582,0.575,0.5789473684210527,0.5897435897435898,0.5641025641025641,0.1538967528127731,23,16,22,17,,78,0
Tip-Adapter-F+SAM,clahe,1000,1,42,patient,0.8125,0.8928571428571428,0.75,0.75,0.75,0.75,0.75,0.75,0.75,0.5,3,1,3,1,,8,0
Tip-Adapter-F+SAM,clahe,500,1,100,slice,0.6460526315789473,0.6821354890005499,0.5897435897435898,0.5894736842105264,0.6,0.6,0.5789473684210527,0.6,0.5789473684210527,0.17894736842105263,24,16,22,16,,78,0
Tip-Adapter-F+SAM,clahe,500,1,100,patient,0.8125,0.8928571428571428,0.75,0.75,0.75,0.75,0.75,0.75,0.75,0.5,3,1,3,1,,8,0
Tip-Adapter-F+SAM,clahe,1000,1,100,slice,0.6457236842105263,0.6851529084015673,0.5769230769230769,0.5769736842105263,0.5822784810126582,0.575,0.5789473684210527,0.5897435897435898,0.5641025641025641,0.1538967528127731,23,16,22,17,,78,0
Tip-Adapter-F+SAM,clahe,1000,1,100,patient,0.8125,0.8928571428571428,0.75,0.75,0.75,0.75,0.75,0.75,0.75,0.5,3,1,3,1,,8,0
Tip-Adapter-F+SAM,clahe,500,1,2024,slice,0.6460526315789473,0.6821354890005499,0.5897435897435898,0.5894736842105264,0.6,0.6,0.5789473684210527,0.6,0.5789473684210527,0.17894736842105263,24,16,22,16,,78,0
Tip-Adapter-F+SAM,clahe,500,1,2024,patient,0.8125,0.8928571428571428,0.75,0.75,0.75,0.75,0.75,0.75,0.75,0.5,3,1,3,1,,8,0
Tip-Adapter-F+SAM,clahe,1000,1,2024,slice,0.6457236842105263,0.6851529084015673,0.5769230769230769,0.5769736842105263,0.5822784810126582,0.575,0.5789473684210527,0.5897435897435898,0.5641025641025641,0.1538967528127731,23,16,22,17,,78,0
Tip-Adapter-F+SAM,clahe,1000,1,2024,patient,0.8125,0.8928571428571428,0.75,0.75,0.75,0.75,0.75,0.75,0.75,0.5,3,1,3,1,,8,0
Tip-Adapter-F+SAM,clahe,500,1,777,slice,0.6460526315789473,0.6821354890005499,0.5897435897435898,0.5894736842105264,0.6,0.6,0.5789473684210527,0.6,0.5789473684210527,0.17894736842105263,24,16,22,16,,78,0
Tip-Adapter-F+SAM,clahe,500,1,777,patient,0.8125,0.8928571428571428,0.75,0.75,0.75,0.75,0.75,0.75,0.75,0.5,3,1,3,1,,8,0
Tip-Adapter-F+SAM,clahe,1000,1,777,slice,0.6457236842105263,0.6851529084015673,0.5769230769230769,0.5769736842105263,0.5822784810126582,0.575,0.5789473684210527,0.5897435897435898,0.5641025641025641,0.1538967528127731,23,16,22,17,,78,0
Tip-Adapter-F+SAM,clahe,1000,1,777,patient,0.8125,0.8928571428571428,0.75,0.75,0.75,0.75,0.75,0.75,0.75,0.5,3,1,3,1,,8,0
Tip-Adapter-F+SAM,clahe,500,1,999,slice,0.6460526315789473,0.6821354890005499,0.5897435897435898,0.5894736842105264,0.6,0.6,0.5789473684210527,0.6,0.5789473684210527,0.17894736842105263,24,16,22,16,,78,0
Tip-Adapter-F+SAM,clahe,500,1,999,patient,0.8125,0.8928571428571428,0.75,0.75,0.75,0.75,0.75,0.75,0.75,0.5,3,1,3,1,,8,0
Tip-Adapter-F+SAM,clahe,1000,1,999,slice,0.6457236842105263,0.6851529084015673,0.5769230769230769,0.5769736842105263,0.5822784810126582,0.575,0.5789473684210527,0.5897435897435898,0.5641025641025641,0.1538967528127731,23,16,22,17,,78,0
Tip-Adapter-F+SAM,clahe,1000,1,999,patient,0.8125,0.8928571428571428,0.75,0.75,0.75,0.75,0.75,0.75,0.75,0.5,3,1,3,1,,8,0
CLIP-Adapter,clahe,500,1,42,slice,0.6625,0.677214073020709,0.5897435897435898,0.5907894736842105,0.5789473684210527,0.55,0.631578947368421,0.6111111111111112,0.5714285714285714,0.18205868122262478,22,14,24,18,,78,0
CLIP-Adapter,clahe,500,1,42,patient,0.8125,0.8928571428571428,0.5,0.5,0.6,0.75,0.25,0.5,0.5,0.0,3,3,1,1,,8,0
CLIP-Adapter,clahe,1000,1,42,slice,0.6513157894736842,0.675073350334521,0.5128205128205128,0.5,0.6779661016949152,1.0,0.0,0.5128205128205128,,0.0,40,38,0,0,,78,1
CLIP-Adapter,clahe,1000,1,42,patient,0.8125,0.8928571428571428,0.5,0.5,0.6666666666666666,1.0,0.0,0.5,,0.0,4,4,0,0,,8,1
CLIP-Adapter,clahe,500,1,100,slice,0.6657894736842105,0.6780654170931234,0.5128205128205128,0.5,0.6779661016949152,1.0,0.0,0.5128205128205128,,0.0,40,38,0,0,,78,1
CLIP-Adapter,clahe,500,1,100,patient,0.8125,0.8928571428571428,0.5,0.5,0.6666666666666666,1.0,0.0,0.5,,0.0,4,4,0,0,,8,1
CLIP-Adapter,clahe,1000,1,100,slice,0.6526315789473685,0.6724088632787402,0.5128205128205128,0.5,0.6779661016949152,1.0,0.0,0.5128205128205128,,0.0,40,38,0,0,,78,1
CLIP-Adapter,clahe,1000,1,100,patient,0.8125,0.8928571428571428,0.5,0.5,0.6666666666666666,1.0,0.0,0.5,,0.0,4,4,0,0,,8,1
CLIP-Adapter,clahe,500,1,2024,slice,0.6684210526315789,0.680281883389922,0.5128205128205128,0.5,0.6779661016949152,1.0,0.0,0.5128205128205128,,0.0,40,38,0,0,,78,1
CLIP-Adapter,clahe,500,1,2024,patient,0.8125,0.8928571428571428,0.5,0.5,0.6,0.75,0.25,0.5,0.5,0.0,3,3,1,1,,8,0
CLIP-Adapter,clahe,1000,1,2024,slice,0.6657894736842105,0.6787384833668275,0.5128205128205128,0.5,0.6779661016949152,1.0,0.0,0.5128205128205128,,0.0,40,38,0,0,,78,1
CLIP-Adapter,clahe,1000,1,2024,patient,0.8125,0.8928571428571428,0.625,0.625,0.6666666666666666,0.75,0.5,0.6,0.6666666666666666,0.2581988897471611,3,2,2,1,,8,0
CLIP-Adapter,clahe,500,1,777,slice,0.6644736842105263,0.6781314371323891,0.5769230769230769,0.5782894736842106,0.56,0.525,0.631578947368421,0.6,0.5581395348837209,0.15735730650155627,21,14,24,19,,78,0
CLIP-Adapter,clahe,500,1,777,patient,0.8125,0.8928571428571428,0.75,0.75,0.75,0.75,0.75,0.75,0.75,0.5,3,1,3,1,,8,0
CLIP-Adapter,clahe,1000,1,777,slice,0.5506578947368421,0.6272313428054123,0.5128205128205128,0.5,0.6779661016949152,1.0,0.0,0.5128205128205128,,0.0,40,38,0,0,,78,1
CLIP-Adapter,clahe,1000,1,777,patient,0.8125,0.8928571428571428,0.5,0.5,0.6666666666666666,1.0,0.0,0.5,,0.0,4,4,0,0,,8,1
CLIP-Adapter,clahe,500,1,999,slice,0.6638157894736842,0.6775028465894448,0.6153846153846154,0.6098684210526315,0.6875,0.825,0.39473684210526316,0.5892857142857143,0.6818181818181818,0.24407276376585627,33,23,15,7,,78,0
CLIP-Adapter,clahe,500,1,999,patient,0.8125,0.8928571428571428,0.5,0.5,0.6,0.75,0.25,0.5,0.5,0.0,3,3,1,1,,8,0
CLIP-Adapter,clahe,1000,1,999,slice,0.6493421052631579,0.6739635624689031,0.5128205128205128,0.5,0.6779661016949152,1.0,0.0,0.5128205128205128,,0.0,40,38,0,0,,78,1
CLIP-Adapter,clahe,1000,1,999,patient,0.8125,0.8928571428571428,0.5,0.5,0.6666666666666666,1.0,0.0,0.5,,0.0,4,4,0,0,,8,1
CoOp,clahe,500,1,42,slice,0.6713815789473684,0.6746884201401818,0.5897435897435898,0.5881578947368421,0.6190476190476191,0.65,0.5263157894736842,0.5909090909090909,0.5882352941176471,0.17772445998164393,26,18,20,14,,78,0
CoOp,clahe,500,1,42,patient,0.75,0.8303571428571428,0.75,0.75,0.75,0.75,0.75,0.75,0.75,0.5,3,1,3,1,,8,0
CoOp,clahe,1000,1,42,slice,0.6697368421052632,0.6753515104723282,0.5897435897435898,0.5907894736842105,0.5789473684210527,0.55,0.631578947368421,0.6111111111111112,0.5714285714285714,0.18205868122262478,22,14,24,18,,78,0
CoOp,clahe,1000,1,42,patient,0.6875,0.7470238095238095,0.75,0.75,0.75,0.75,0.75,0.75,0.75,0.5,3,1,3,1,,8,0
CoOp,clahe,500,1,100,slice,0.6605263157894737,0.6910377890204333,0.5897435897435898,0.5901315789473685,0.5897435897435898,0.575,0.6052631578947368,0.6052631578947368,0.575,0.18026315789473685,23,15,23,17,,78,0
CoOp,clahe,500,1,100,patient,0.8125,0.8928571428571428,0.75,0.75,0.75,0.75,0.75,0.75,0.75,0.5,3,1,3,1,,8,0
CoOp,clahe,1000,1,100,slice,0.6625,0.6837157561486993,0.5897435897435898,0.5894736842105264,0.6,0.6,0.5789473684210527,0.6,0.5789473684210527,0.17894736842105263,24,16,22,16,,78,0
CoOp,clahe,1000,1,100,patient,0.8125,0.8928571428571428,0.75,0.75,0.75,0.75,0.75,0.75,0.75,0.5,3,1,3,1,,8,0
CoOp,clahe,500,1,2024,slice,0.6664473684210527,0.6752732287778135,0.5641025641025641,0.5625,0.5952380952380952,0.625,0.5,0.5681818181818182,0.5588235294117647,0.12599868431534458,25,19,19,15,,78,0
CoOp,clahe,500,1,2024,patient,0.8125,0.8928571428571428,0.75,0.75,0.75,0.75,0.75,0.75,0.75,0.5,3,1,3,1,,8,0
CoOp,clahe,1000,1,2024,slice,0.6651315789473684,0.6743981612577045,0.5512820512820513,0.55,0.5783132530120482,0.6,0.5,0.5581395348837209,0.5428571428571428,0.1004971033119183,24,19,19,16,,78,0
CoOp,clahe,1000,1,2024,patient,0.8125,0.8928571428571428,0.75,0.75,0.75,0.75,0.75,0.75,0.75,0.5,3,1,3,1,,8,0
CoOp,clahe,500,1,777,slice,0.6644736842105263,0.6728666615128951,0.5897435897435898,0.5894736842105264,0.6,0.6,0.5789473684210527,0.6,0.5789473684210527,0.17894736842105263,24,16,22,16,,78,0
CoOp,clahe,500,1,777,patient,0.8125,0.8928571428571428,0.75,0.75,0.75,0.75,0.75,0.75,0.75,0.5,3,1,3,1,,8,0
CoOp,clahe,1000,1,777,slice,0.6684210526315789,0.6748188964542627,0.5769230769230769,0.5782894736842106,0.56,0.525,0.631578947368421,0.6,0.5581395348837209,0.15735730650155627,21,14,24,19,,78,0
CoOp,clahe,1000,1,777,patient,0.8125,0.8928571428571428,0.75,0.75,0.75,0.75,0.75,0.75,0.75,0.5,3,1,3,1,,8,0
CoOp,clahe,500,1,999,slice,0.6703947368421053,0.6792709739948867,0.5769230769230769,0.5743421052631579,0.6206896551724138,0.675,0.47368421052631576,0.574468085106383,0.5806451612903226,0.15186471144630032,27,20,18,13,,78,0
CoOp,clahe,500,1,999,patient,0.8125,0.8928571428571428,0.75,0.75,0.75,0.75,0.75,0.75,0.75,0.5,3,1,3,1,,8,0
Nearest Centroid,clahe,500,1,0,slice,0.6690789473684211,0.6746690862095238,0.5769230769230769,0.5763157894736842,0.5925925925925926,0.6,0.5526315789473685,0.5853658536585366,0.5675675675675675,0.15278242554549024,24,17,21,16,,78,0
Nearest Centroid,clahe,500,1,0,patient,0.6875,0.7470238095238095,0.75,0.75,0.75,0.75,0.75,0.75,0.75,0.5,3,1,3,1,,8,0
Nearest Centroid,clahe,1000,1,0,slice,0.6684210526315789,0.6744734680561593,0.5769230769230769,0.5763157894736842,0.5925925925925926,0.6,0.5526315789473685,0.5853658536585366,0.5675675675675675,0.15278242554549024,24,17,21,16,,78,0
Nearest Centroid,clahe,1000,1,0,patient,0.6875,0.7470238095238095,0.75,0.75,0.75,0.75,0.75,0.75,0.75,0.5,3,1,3,1,,8,0
CoOp,clahe,1000,1,999,slice,0.6776315789473685,0.680660216492667,0.5769230769230769,0.5743421052631579,0.6206896551724138,0.675,0.47368421052631576,0.574468085106383,0.5806451612903226,0.15186471144630032,27,20,18,13,,78,0
CoOp,clahe,1000,1,999,patient,0.8125,0.8928571428571428,0.75,0.75,0.75,0.75,0.75,0.75,0.75,0.5,3,1,3,1,,8,0
Proto-Adapter,clahe,1000,1,42,slice,0.6690789473684211,0.6746690862095238,0.5769230769230769,0.5763157894736842,0.5925925925925926,0.6,0.5526315789473685,0.5853658536585366,0.5675675675675675,0.15278242554549024,24,17,21,16,,78,0
Proto-Adapter,clahe,1000,1,42,patient,0.6875,0.7470238095238095,0.75,0.75,0.75,0.75,0.75,0.75,0.75,0.5,3,1,3,1,,8,0
Proto-Adapter,clahe,500,1,42,slice,0.6690789473684211,0.6746690862095238,0.5769230769230769,0.5763157894736842,0.5925925925925926,0.6,0.5526315789473685,0.5853658536585366,0.5675675675675675,0.15278242554549024,24,17,21,16,,78,0
Proto-Adapter,clahe,500,1,42,patient,0.6875,0.7470238095238095,0.75,0.75,0.75,0.75,0.75,0.75,0.75,0.5,3,1,3,1,,8,0
Proto-Adapter,clahe,500,1,100,slice,0.6690789473684211,0.6746690862095238,0.5769230769230769,0.5763157894736842,0.5925925925925926,0.6,0.5526315789473685,0.5853658536585366,0.5675675675675675,0.15278242554549024,24,17,21,16,,78,0
Proto-Adapter,clahe,500,1,100,patient,0.6875,0.7470238095238095,0.75,0.75,0.75,0.75,0.75,0.75,0.75,0.5,3,1,3,1,,8,0
Proto-Adapter,clahe,500,1,2024,slice,0.6690789473684211,0.6746690862095238,0.5769230769230769,0.5763157894736842,0.5925925925925926,0.6,0.5526315789473685,0.5853658536585366,0.5675675675675675,0.15278242554549024,24,17,21,16,,78,0
Proto-Adapter,clahe,500,1,2024,patient,0.6875,0.7470238095238095,0.75,0.75,0.75,0.75,0.75,0.75,0.75,0.5,3,1,3,1,,8,0
Proto-Adapter,clahe,1000,1,100,slice,0.6690789473684211,0.6746690862095238,0.5769230769230769,0.5763157894736842,0.5925925925925926,0.6,0.5526315789473685,0.5853658536585366,0.5675675675675675,0.15278242554549024,24,17,21,16,,78,0
Proto-Adapter,clahe,1000,1,100,patient,0.6875,0.7470238095238095,0.75,0.75,0.75,0.75,0.75,0.75,0.75,0.5,3,1,3,1,,8,0
Proto-Adapter,clahe,500,1,777,slice,0.6690789473684211,0.6746690862095238,0.5769230769230769,0.5763157894736842,0.5925925925925926,0.6,0.5526315789473685,0.5853658536585366,0.5675675675675675,0.15278242554549024,24,17,21,16,,78,0
Proto-Adapter,clahe,500,1,777,patient,0.6875,0.7470238095238095,0.75,0.75,0.75,0.75,0.75,0.75,0.75,0.5,3,1,3,1,,8,0
Proto-Adapter,clahe,1000,1,2024,slice,0.6690789473684211,0.6746690862095238,0.5769230769230769,0.5763157894736842,0.5925925925925926,0.6,0.5526315789473685,0.5853658536585366,0.5675675675675675,0.15278242554549024,24,17,21,16,,78,0
Proto-Adapter,clahe,1000,1,2024,patient,0.6875,0.7470238095238095,0.75,0.75,0.75,0.75,0.75,0.75,0.75,0.5,3,1,3,1,,8,0
Proto-Adapter,clahe,1000,1,777,slice,0.6690789473684211,0.6746690862095238,0.5769230769230769,0.5763157894736842,0.5925925925925926,0.6,0.5526315789473685,0.5853658536585366,0.5675675675675675,0.15278242554549024,24,17,21,16,,78,0
Proto-Adapter,clahe,1000,1,777,patient,0.6875,0.7470238095238095,0.75,0.75,0.75,0.75,0.75,0.75,0.75,0.5,3,1,3,1,,8,0
Proto-Adapter,clahe,500,1,999,slice,0.6690789473684211,0.6746690862095238,0.5769230769230769,0.5763157894736842,0.5925925925925926,0.6,0.5526315789473685,0.5853658536585366,0.5675675675675675,0.15278242554549024,24,17,21,16,,78,0
Proto-Adapter,clahe,500,1,999,patient,0.6875,0.7470238095238095,0.75,0.75,0.75,0.75,0.75,0.75,0.75,0.5,3,1,3,1,,8,0
TaskRes,clahe,500,1,42,slice,0.6664473684210527,0.6764535464493203,0.5897435897435898,0.5894736842105264,0.6,0.6,0.5789473684210527,0.6,0.5789473684210527,0.17894736842105263,24,16,22,16,,78,0
TaskRes,clahe,500,1,42,patient,0.8125,0.8928571428571428,0.75,0.75,0.75,0.75,0.75,0.75,0.75,0.5,3,1,3,1,,8,0
Proto-Adapter,clahe,1000,1,999,slice,0.6690789473684211,0.6746690862095238,0.5769230769230769,0.5763157894736842,0.5925925925925926,0.6,0.5526315789473685,0.5853658536585366,0.5675675675675675,0.15278242554549024,24,17,21,16,,78,0
Proto-Adapter,clahe,1000,1,999,patient,0.6875,0.7470238095238095,0.75,0.75,0.75,0.75,0.75,0.75,0.75,0.5,3,1,3,1,,8,0
TaskRes,clahe,1000,1,42,slice,0.6657894736842105,0.6761074777892981,0.5897435897435898,0.5894736842105264,0.6,0.6,0.5789473684210527,0.6,0.5789473684210527,0.17894736842105263,24,16,22,16,,78,0
TaskRes,clahe,1000,1,42,patient,0.8125,0.8928571428571428,0.75,0.75,0.75,0.75,0.75,0.75,0.75,0.5,3,1,3,1,,8,0
TaskRes,clahe,1000,1,100,slice,0.6657894736842105,0.6761074777892981,0.5897435897435898,0.5894736842105264,0.6,0.6,0.5789473684210527,0.6,0.5789473684210527,0.17894736842105263,24,16,22,16,,78,0
TaskRes,clahe,1000,1,100,patient,0.8125,0.8928571428571428,0.75,0.75,0.75,0.75,0.75,0.75,0.75,0.5,3,1,3,1,,8,0
TaskRes,clahe,500,1,100,slice,0.6664473684210527,0.6764535464493203,0.5897435897435898,0.5894736842105264,0.6,0.6,0.5789473684210527,0.6,0.5789473684210527,0.17894736842105263,24,16,22,16,,78,0
TaskRes,clahe,500,1,100,patient,0.8125,0.8928571428571428,0.75,0.75,0.75,0.75,0.75,0.75,0.75,0.5,3,1,3,1,,8,0
TaskRes,clahe,500,1,2024,slice,0.6664473684210527,0.6764535464493203,0.5897435897435898,0.5894736842105264,0.6,0.6,0.5789473684210527,0.6,0.5789473684210527,0.17894736842105263,24,16,22,16,,78,0
TaskRes,clahe,500,1,2024,patient,0.8125,0.8928571428571428,0.75,0.75,0.75,0.75,0.75,0.75,0.75,0.5,3,1,3,1,,8,0
TaskRes,clahe,1000,1,2024,slice,0.6657894736842105,0.6761074777892981,0.5897435897435898,0.5894736842105264,0.6,0.6,0.5789473684210527,0.6,0.5789473684210527,0.17894736842105263,24,16,22,16,,78,0
TaskRes,clahe,1000,1,2024,patient,0.8125,0.8928571428571428,0.75,0.75,0.75,0.75,0.75,0.75,0.75,0.5,3,1,3,1,,8,0
TaskRes,clahe,1000,1,777,slice,0.6657894736842105,0.6761074777892981,0.5897435897435898,0.5894736842105264,0.6,0.6,0.5789473684210527,0.6,0.5789473684210527,0.17894736842105263,24,16,22,16,,78,0
TaskRes,clahe,1000,1,777,patient,0.8125,0.8928571428571428,0.75,0.75,0.75,0.75,0.75,0.75,0.75,0.5,3,1,3,1,,8,0
TaskRes,clahe,500,1,777,slice,0.6664473684210527,0.6764535464493203,0.5897435897435898,0.5894736842105264,0.6,0.6,0.5789473684210527,0.6,0.5789473684210527,0.17894736842105263,24,16,22,16,,78,0
TaskRes,clahe,500,1,777,patient,0.8125,0.8928571428571428,0.75,0.75,0.75,0.75,0.75,0.75,0.75,0.5,3,1,3,1,,8,0
TaskRes,clahe,500,1,999,slice,0.6664473684210527,0.6764535464493203,0.5897435897435898,0.5894736842105264,0.6,0.6,0.5789473684210527,0.6,0.5789473684210527,0.17894736842105263,24,16,22,16,,78,0
TaskRes,clahe,500,1,999,patient,0.8125,0.8928571428571428,0.75,0.75,0.75,0.75,0.75,0.75,0.75,0.5,3,1,3,1,,8,0
TaskRes,clahe,1000,1,999,slice,0.6657894736842105,0.6761074777892981,0.5897435897435898,0.5894736842105264,0.6,0.6,0.5789473684210527,0.6,0.5789473684210527,0.17894736842105263,24,16,22,16,,78,0
TaskRes,clahe,1000,1,999,patient,0.8125,0.8928571428571428,0.75,0.75,0.75,0.75,0.75,0.75,0.75,0.5,3,1,3,1,,8,0
TaskRes+SAM,clahe,500,1,42,slice,0.6651315789473684,0.6758828768868851,0.5897435897435898,0.5894736842105264,0.6,0.6,0.5789473684210527,0.6,0.5789473684210527,0.17894736842105263,24,16,22,16,,78,0
TaskRes+SAM,clahe,500,1,42,patient,0.8125,0.8928571428571428,0.75,0.75,0.75,0.75,0.75,0.75,0.75,0.5,3,1,3,1,,8,0
TaskRes+SAM,clahe,1000,1,42,slice,0.6644736842105263,0.6755368082268629,0.5897435897435898,0.5894736842105264,0.6,0.6,0.5789473684210527,0.6,0.5789473684210527,0.17894736842105263,24,16,22,16,,78,0
TaskRes+SAM,clahe,1000,1,42,patient,0.8125,0.8928571428571428,0.75,0.75,0.75,0.75,0.75,0.75,0.75,0.5,3,1,3,1,,8,0
TaskRes+SAM,clahe,500,1,100,slice,0.6651315789473684,0.6758828768868851,0.5897435897435898,0.5894736842105264,0.6,0.6,0.5789473684210527,0.6,0.5789473684210527,0.17894736842105263,24,16,22,16,,78,0
TaskRes+SAM,clahe,500,1,100,patient,0.8125,0.8928571428571428,0.75,0.75,0.75,0.75,0.75,0.75,0.75,0.5,3,1,3,1,,8,0
TaskRes+SAM,clahe,1000,1,100,slice,0.6644736842105263,0.6755368082268629,0.5897435897435898,0.5894736842105264,0.6,0.6,0.5789473684210527,0.6,0.5789473684210527,0.17894736842105263,24,16,22,16,,78,0
TaskRes+SAM,clahe,1000,1,100,patient,0.8125,0.8928571428571428,0.75,0.75,0.75,0.75,0.75,0.75,0.75,0.5,3,1,3,1,,8,0
TaskRes+SAM,clahe,500,1,2024,slice,0.6651315789473684,0.6758828768868851,0.5897435897435898,0.5894736842105264,0.6,0.6,0.5789473684210527,0.6,0.5789473684210527,0.17894736842105263,24,16,22,16,,78,0
TaskRes+SAM,clahe,500,1,2024,patient,0.8125,0.8928571428571428,0.75,0.75,0.75,0.75,0.75,0.75,0.75,0.5,3,1,3,1,,8,0
TaskRes+SAM,clahe,1000,1,2024,slice,0.6644736842105263,0.6755368082268629,0.5897435897435898,0.5894736842105264,0.6,0.6,0.5789473684210527,0.6,0.5789473684210527,0.17894736842105263,24,16,22,16,,78,0
TaskRes+SAM,clahe,1000,1,2024,patient,0.8125,0.8928571428571428,0.75,0.75,0.75,0.75,0.75,0.75,0.75,0.5,3,1,3,1,,8,0
TaskRes+SAM,clahe,500,1,777,slice,0.6651315789473684,0.6758828768868851,0.5897435897435898,0.5894736842105264,0.6,0.6,0.5789473684210527,0.6,0.5789473684210527,0.17894736842105263,24,16,22,16,,78,0
TaskRes+SAM,clahe,500,1,777,patient,0.8125,0.8928571428571428,0.75,0.75,0.75,0.75,0.75,0.75,0.75,0.5,3,1,3,1,,8,0
TaskRes+SAM,clahe,1000,1,777,slice,0.6644736842105263,0.6755368082268629,0.5897435897435898,0.5894736842105264,0.6,0.6,0.5789473684210527,0.6,0.5789473684210527,0.17894736842105263,24,16,22,16,,78,0
TaskRes+SAM,clahe,1000,1,777,patient,0.8125,0.8928571428571428,0.75,0.75,0.75,0.75,0.75,0.75,0.75,0.5,3,1,3,1,,8,0
TaskRes+SAM,clahe,500,1,999,slice,0.6651315789473684,0.6758828768868851,0.5897435897435898,0.5894736842105264,0.6,0.6,0.5789473684210527,0.6,0.5789473684210527,0.17894736842105263,24,16,22,16,,78,0
TaskRes+SAM,clahe,500,1,999,patient,0.8125,0.8928571428571428,0.75,0.75,0.75,0.75,0.75,0.75,0.75,0.5,3,1,3,1,,8,0
TaskRes+SAM,clahe,1000,1,999,slice,0.6644736842105263,0.6755368082268629,0.5897435897435898,0.5894736842105264,0.6,0.6,0.5789473684210527,0.6,0.5789473684210527,0.17894736842105263,24,16,22,16,,78,0
TaskRes+SAM,clahe,1000,1,999,patient,0.8125,0.8928571428571428,0.75,0.75,0.75,0.75,0.75,0.75,0.75,0.5,3,1,3,1,,8,0
Tip-Adapter,raw,500,1,0,slice,0.6555921052631579,0.6753437814670811,0.6153846153846154,0.6144736842105263,0.6341463414634146,0.65,0.5789473684210527,0.6190476190476191,0.6111111111111112,0.22955225023722253,26,16,22,14,,78,0
Tip-Adapter,raw,500,1,0,patient,0.8125,0.8928571428571428,0.75,0.75,0.75,0.75,0.75,0.75,0.75,0.5,3,1,3,1,,8,0
Tip-Adapter,raw,1000,1,0,slice,0.6552631578947369,0.6753437814670811,0.6153846153846154,0.6144736842105263,0.6341463414634146,0.65,0.5789473684210527,0.6190476190476191,0.6111111111111112,0.22955225023722253,26,16,22,14,,78,0
Tip-Adapter,raw,1000,1,0,patient,0.8125,0.8928571428571428,0.75,0.75,0.75,0.75,0.75,0.75,0.75,0.5,3,1,3,1,,8,0
Zero-Shot,raw,1000,1,0,slice,0.5967105263157895,0.6674042013024555,0.5897435897435898,0.5888157894736843,0.6097560975609756,0.625,0.5526315789473685,0.5952380952380952,0.5833333333333334,0.17810088380474162,25,17,21,15,,78,0
Zero-Shot,raw,1000,1,0,patient,0.75,0.875,0.625,0.625,0.6666666666666666,0.75,0.5,0.6,0.6666666666666666,0.2581988897471611,3,2,2,1,,8,0
Zero-Shot,raw,500,1,0,slice,0.5967105263157895,0.6674042013024555,0.5897435897435898,0.5888157894736843,0.6097560975609756,0.625,0.5526315789473685,0.5952380952380952,0.5833333333333334,0.17810088380474162,25,17,21,15,,78,0
Zero-Shot,raw,500,1,0,patient,0.75,0.875,0.625,0.625,0.6666666666666666,0.75,0.5,0.6,0.6666666666666666,0.2581988897471611,3,2,2,1,,8,0
Tip-Adapter-F,raw,500,1,42,slice,0.5970394736842105,0.6668528456650891,0.5897435897435898,0.5888157894736843,0.6097560975609756,0.625,0.5526315789473685,0.5952380952380952,0.5833333333333334,0.17810088380474162,25,17,21,15,,78,0
Tip-Adapter-F,raw,500,1,42,patient,0.75,0.875,0.75,0.75,0.75,0.75,0.75,0.75,0.75,0.5,3,1,3,1,,8,0
Tip-Adapter-F,raw,1000,1,42,slice,0.5960526315789474,0.6666189753165624,0.5897435897435898,0.5888157894736843,0.6097560975609756,0.625,0.5526315789473685,0.5952380952380952,0.5833333333333334,0.17810088380474162,25,17,21,15,,78,0
Tip-Adapter-F,raw,1000,1,42,patient,0.75,0.875,0.625,0.625,0.6666666666666666,0.75,0.5,0.6,0.6666666666666666,0.2581988897471611,3,2,2,1,,8,0
Tip-Adapter-F,raw,500,1,100,slice,0.5970394736842105,0.6668528456650891,0.5897435897435898,0.5888157894736843,0.6097560975609756,0.625,0.5526315789473685,0.5952380952380952,0.5833333333333334,0.17810088380474162,25,17,21,15,,78,0
Tip-Adapter-F,raw,500,1,100,patient,0.75,0.875,0.75,0.75,0.75,0.75,0.75,0.75,0.75,0.5,3,1,3,1,,8,0
Tip-Adapter-F,raw,1000,1,100,slice,0.5960526315789474,0.6666189753165624,0.5897435897435898,0.5888157894736843,0.6097560975609756,0.625,0.5526315789473685,0.5952380952380952,0.5833333333333334,0.17810088380474162,25,17,21,15,,78,0
Tip-Adapter-F,raw,1000,1,100,patient,0.75,0.875,0.625,0.625,0.6666666666666666,0.75,0.5,0.6,0.6666666666666666,0.2581988897471611,3,2,2,1,,8,0
Tip-Adapter-F,raw,500,1,2024,slice,0.5970394736842105,0.6668528456650891,0.5897435897435898,0.5888157894736843,0.6097560975609756,0.625,0.5526315789473685,0.5952380952380952,0.5833333333333334,0.17810088380474162,25,17,21,15,,78,0
Tip-Adapter-F,raw,500,1,2024,patient,0.75,0.875,0.75,0.75,0.75,0.75,0.75,0.75,0.75,0.5,3,1,3,1,,8,0
Tip-Adapter-F,raw,1000,1,2024,slice,0.5960526315789474,0.6666189753165624,0.5897435897435898,0.5888157894736843,0.6097560975609756,0.625,0.5526315789473685,0.5952380952380952,0.5833333333333334,0.17810088380474162,25,17,21,15,,78,0
Tip-Adapter-F,raw,1000,1,2024,patient,0.75,0.875,0.625,0.625,0.6666666666666666,0.75,0.5,0.6,0.6666666666666666,0.2581988897471611,3,2,2,1,,8,0
Tip-Adapter-F,raw,500,1,777,slice,0.5970394736842105,0.6668528456650891,0.5897435897435898,0.5888157894736843,0.6097560975609756,0.625,0.5526315789473685,0.5952380952380952,0.5833333333333334,0.17810088380474162,25,17,21,15,,78,0
Tip-Adapter-F,raw,500,1,777,patient,0.75,0.875,0.75,0.75,0.75,0.75,0.75,0.75,0.75,0.5,3,1,3,1,,8,0
Tip-Adapter-F,raw,1000,1,777,slice,0.5960526315789474,0.6666189753165624,0.5897435897435898,0.5888157894736843,0.6097560975609756,0.625,0.5526315789473685,0.5952380952380952,0.5833333333333334,0.17810088380474162,25,17,21,15,,78,0
Tip-Adapter-F,raw,1000,1,777,patient,0.75,0.875,0.625,0.625,0.6666666666666666,0.75,0.5,0.6,0.6666666666666666,0.2581988897471611,3,2,2,1,,8,0
Tip-Adapter-F,raw,500,1,999,slice,0.5970394736842105,0.6668528456650891,0.5897435897435898,0.5888157894736843,0.6097560975609756,0.625,0.5526315789473685,0.5952380952380952,0.5833333333333334,0.17810088380474162,25,17,21,15,,78,0
Tip-Adapter-F,raw,500,1,999,patient,0.75,0.875,0.75,0.75,0.75,0.75,0.75,0.75,0.75,0.5,3,1,3,1,,8,0
Tip-Adapter-F,raw,1000,1,999,slice,0.5960526315789474,0.6666189753165624,0.5897435897435898,0.5888157894736843,0.6097560975609756,0.625,0.5526315789473685,0.5952380952380952,0.5833333333333334,0.17810088380474162,25,17,21,15,,78,0
Tip-Adapter-F,raw,1000,1,999,patient,0.75,0.875,0.625,0.625,0.6666666666666666,0.75,0.5,0.6,0.6666666666666666,0.2581988897471611,3,2,2,1,,8,0
Tip-Adapter-F+SAM,raw,500,1,42,slice,0.6572368421052631,0.6775823251156016,0.5897435897435898,0.5875,0.627906976744186,0.675,0.5,0.5869565217391305,0.59375,0.17783037227748197,27,19,19,13,,78,0
Tip-Adapter-F+SAM,raw,500,1,42,patient,0.8125,0.8928571428571428,0.625,0.625,0.6666666666666666,0.75,0.5,0.6,0.6666666666666666,0.2581988897471611,3,2,2,1,,8,0
Tip-Adapter-F+SAM,raw,1000,1,42,slice,0.5976973684210526,0.6670287064573882,0.5897435897435898,0.5888157894736843,0.6097560975609756,0.625,0.5526315789473685,0.5952380952380952,0.5833333333333334,0.17810088380474162,25,17,21,15,,78,0
Tip-Adapter-F+SAM,raw,1000,1,42,patient,0.75,0.875,0.625,0.625,0.6666666666666666,0.75,0.5,0.6,0.6666666666666666,0.2581988897471611,3,2,2,1,,8,0
Tip-Adapter-F+SAM,raw,500,1,100,slice,0.6572368421052631,0.6775823251156016,0.5897435897435898,0.5875,0.627906976744186,0.675,0.5,0.5869565217391305,0.59375,0.17783037227748197,27,19,19,13,,78,0
Tip-Adapter-F+SAM,raw,500,1,100,patient,0.8125,0.8928571428571428,0.625,0.625,0.6666666666666666,0.75,0.5,0.6,0.6666666666666666,0.2581988897471611,3,2,2,1,,8,0
Tip-Adapter-F+SAM,raw,1000,1,100,slice,0.5976973684210526,0.6670287064573882,0.5897435897435898,0.5888157894736843,0.6097560975609756,0.625,0.5526315789473685,0.5952380952380952,0.5833333333333334,0.17810088380474162,25,17,21,15,,78,0
Tip-Adapter-F+SAM,raw,1000,1,100,patient,0.75,0.875,0.625,0.625,0.6666666666666666,0.75,0.5,0.6,0.6666666666666666,0.2581988897471611,3,2,2,1,,8,0
Tip-Adapter-F+SAM,raw,500,1,2024,slice,0.6572368421052631,0.6775823251156016,0.5897435897435898,0.5875,0.627906976744186,0.675,0.5,0.5869565217391305,0.59375,0.17783037227748197,27,19,19,13,,78,0
Tip-Adapter-F+SAM,raw,500,1,2024,patient,0.8125,0.8928571428571428,0.625,0.625,0.6666666666666666,0.75,0.5,0.6,0.6666666666666666,0.2581988897471611,3,2,2,1,,8,0
Tip-Adapter-F+SAM,raw,1000,1,2024,slice,0.5976973684210526,0.6670287064573882,0.5897435897435898,0.5888157894736843,0.6097560975609756,0.625,0.5526315789473685,0.5952380952380952,0.5833333333333334,0.17810088380474162,25,17,21,15,,78,0
Tip-Adapter-F+SAM,raw,1000,1,2024,patient,0.75,0.875,0.625,0.625,0.6666666666666666,0.75,0.5,0.6,0.6666666666666666,0.2581988897471611,3,2,2,1,,8,0
Tip-Adapter-F+SAM,raw,500,1,777,slice,0.6572368421052631,0.6775823251156016,0.5897435897435898,0.5875,0.627906976744186,0.675,0.5,0.5869565217391305,0.59375,0.17783037227748197,27,19,19,13,,78,0
Tip-Adapter-F+SAM,raw,500,1,777,patient,0.8125,0.8928571428571428,0.625,0.625,0.6666666666666666,0.75,0.5,0.6,0.6666666666666666,0.2581988897471611,3,2,2,1,,8,0
Tip-Adapter-F+SAM,raw,1000,1,777,slice,0.5976973684210526,0.6670287064573882,0.5897435897435898,0.5888157894736843,0.6097560975609756,0.625,0.5526315789473685,0.5952380952380952,0.5833333333333334,0.17810088380474162,25,17,21,15,,78,0
Tip-Adapter-F+SAM,raw,1000,1,777,patient,0.75,0.875,0.625,0.625,0.6666666666666666,0.75,0.5,0.6,0.6666666666666666,0.2581988897471611,3,2,2,1,,8,0
Tip-Adapter-F+SAM,raw,500,1,999,slice,0.6572368421052631,0.6775823251156016,0.5897435897435898,0.5875,0.627906976744186,0.675,0.5,0.5869565217391305,0.59375,0.17783037227748197,27,19,19,13,,78,0
Tip-Adapter-F+SAM,raw,500,1,999,patient,0.8125,0.8928571428571428,0.625,0.625,0.6666666666666666,0.75,0.5,0.6,0.6666666666666666,0.2581988897471611,3,2,2,1,,8,0
Tip-Adapter-F+SAM,raw,1000,1,999,slice,0.5976973684210526,0.6670287064573882,0.5897435897435898,0.5888157894736843,0.6097560975609756,0.625,0.5526315789473685,0.5952380952380952,0.5833333333333334,0.17810088380474162,25,17,21,15,,78,0
Tip-Adapter-F+SAM,raw,1000,1,999,patient,0.75,0.875,0.625,0.625,0.6666666666666666,0.75,0.5,0.6,0.6666666666666666,0.2581988897471611,3,2,2,1,,8,0
CLIP-Adapter,raw,500,1,42,slice,0.6539473684210526,0.6676602583069656,0.6282051282051282,0.6302631578947369,0.6027397260273972,0.55,0.7105263157894737,0.6666666666666666,0.6,0.2635786110641877,22,11,27,18,,78,0
CLIP-Adapter,raw,500,1,42,patient,0.6875,0.7470238095238095,0.75,0.75,0.75,0.75,0.75,0.75,0.75,0.5,3,1,3,1,,8,0
CLIP-Adapter,raw,1000,1,42,slice,0.6513157894736842,0.663693607841078,0.6282051282051282,0.6302631578947369,0.6027397260273972,0.55,0.7105263157894737,0.6666666666666666,0.6,0.2635786110641877,22,11,27,18,,78,0
CLIP-Adapter,raw,1000,1,42,patient,0.6875,0.7470238095238095,0.75,0.75,0.75,0.75,0.75,0.75,0.75,0.5,3,1,3,1,,8,0
CLIP-Adapter,raw,500,1,100,slice,0.6539473684210526,0.6666756179473252,0.5897435897435898,0.5875,0.627906976744186,0.675,0.5,0.5869565217391305,0.59375,0.17783037227748197,27,19,19,13,,78,0
CLIP-Adapter,raw,500,1,100,patient,0.75,0.8303571428571428,0.625,0.625,0.6666666666666666,0.75,0.5,0.6,0.6666666666666666,0.2581988897471611,3,2,2,1,,8,0
CLIP-Adapter,raw,1000,1,100,slice,0.6539473684210526,0.6659723395233278,0.6153846153846154,0.6190789473684211,0.5588235294117647,0.475,0.7631578947368421,0.6785714285714286,0.58,0.2481548449409545,19,9,29,21,,78,0
CLIP-Adapter,raw,1000,1,100,patient,0.6875,0.7470238095238095,0.75,0.75,0.75,0.75,0.75,0.75,0.75,0.5,3,1,3,1,,8,0
CLIP-Adapter,raw,500,1,2024,slice,0.6532894736842105,0.6664592717934792,0.5897435897435898,0.5894736842105264,0.6,0.6,0.5789473684210527,0.6,0.5789473684210527,0.17894736842105263,24,16,22,16,,78,0
CLIP-Adapter,raw,500,1,2024,patient,0.75,0.8303571428571428,0.75,0.75,0.75,0.75,0.75,0.75,0.75,0.5,3,1,3,1,,8,0
CLIP-Adapter,raw,1000,1,2024,slice,0.6526315789473685,0.6661390536360662,0.6282051282051282,0.6309210526315789,0.5915492957746479,0.525,0.7368421052631579,0.6774193548387096,0.5957446808510638,0.26744316440543153,21,10,28,19,,78,0
CLIP-Adapter,raw,1000,1,2024,patient,0.625,0.6220238095238095,0.75,0.75,0.75,0.75,0.75,0.75,0.75,0.5,3,1,3,1,,8,0
CLIP-Adapter,raw,500,1,777,slice,0.6532894736842105,0.6664444388224593,0.5128205128205128,0.5,0.6779661016949152,1.0,0.0,0.5128205128205128,,0.0,40,38,0,0,,78,1
CLIP-Adapter,raw,500,1,777,patient,0.8125,0.8928571428571428,0.75,0.75,0.75,0.75,0.75,0.75,0.75,0.5,3,1,3,1,,8,0
CLIP-Adapter,raw,1000,1,777,slice,0.6546052631578947,0.6659239576057694,0.6282051282051282,0.6309210526315789,0.5915492957746479,0.525,0.7368421052631579,0.6774193548387096,0.5957446808510638,0.26744316440543153,21,10,28,19,,78,0
CLIP-Adapter,raw,1000,1,777,patient,0.6875,0.7470238095238095,0.75,0.75,0.75,0.75,0.75,0.75,0.75,0.5,3,1,3,1,,8,0
CLIP-Adapter,raw,500,1,999,slice,0.6532894736842105,0.6674715211928253,0.5512820512820513,0.5473684210526315,0.6153846153846154,0.7,0.39473684210526316,0.5490196078431373,0.5555555555555556,0.0995345203586879,28,23,15,12,,78,0
CLIP-Adapter,raw,500,1,999,patient,0.75,0.8303571428571428,0.75,0.75,0.75,0.75,0.75,0.75,0.75,0.5,3,1,3,1,,8,0
CLIP-Adapter,raw,1000,1,999,slice,0.6526315789473685,0.6712681576158686,0.6153846153846154,0.6190789473684211,0.5588235294117647,0.475,0.7631578947368421,0.6785714285714286,0.58,0.2481548449409545,19,9,29,21,,78,0
CLIP-Adapter,raw,1000,1,999,patient,0.6875,0.7470238095238095,0.625,0.625,0.6666666666666666,0.75,0.5,0.6,0.6666666666666666,0.2581988897471611,3,2,2,1,,8,0
CoOp,raw,500,1,42,slice,0.6486842105263158,0.6671348222540482,0.6153846153846154,0.6144736842105263,0.6341463414634146,0.65,0.5789473684210527,0.6190476190476191,0.6111111111111112,0.22955225023722253,26,16,22,14,,78,0
CoOp,raw,500,1,42,patient,0.75,0.8303571428571428,0.75,0.75,0.75,0.75,0.75,0.75,0.75,0.5,3,1,3,1,,8,0
CoOp,raw,1000,1,42,slice,0.6486842105263158,0.66297200319176,0.6153846153846154,0.6144736842105263,0.6341463414634146,0.65,0.5789473684210527,0.6190476190476191,0.6111111111111112,0.22955225023722253,26,16,22,14,,78,0
CoOp,raw,1000,1,42,patient,0.75,0.8303571428571428,0.75,0.75,0.75,0.75,0.75,0.75,0.75,0.5,3,1,3,1,,8,0
CoOp,raw,500,1,100,slice,0.6233552631578947,0.6645950898478982,0.5769230769230769,0.575657894736842,0.6024096385542169,0.625,0.5263157894736842,0.5813953488372093,0.5714285714285714,0.1520679852746132,25,18,20,15,,78,0
CoOp,raw,500,1,100,patient,0.6875,0.8125,0.625,0.625,0.6666666666666666,0.75,0.5,0.6,0.6666666666666666,0.2581988897471611,3,2,2,1,,8,0
CoOp,raw,1000,1,100,slice,0.6032894736842105,0.671518198048213,0.5897435897435898,0.5888157894736843,0.6097560975609756,0.625,0.5526315789473685,0.5952380952380952,0.5833333333333334,0.17810088380474162,25,17,21,15,,78,0
CoOp,raw,1000,1,100,patient,0.8125,0.8928571428571428,0.625,0.625,0.6666666666666666,0.75,0.5,0.6,0.6666666666666666,0.2581988897471611,3,2,2,1,,8,0
CoOp,raw,500,1,2024,slice,0.6638157894736842,0.6817017045152942,0.6153846153846154,0.6138157894736842,0.6428571428571429,0.675,0.5526315789473685,0.6136363636363636,0.6176470588235294,0.22945023564794328,27,17,21,13,,78,0
CoOp,raw,500,1,2024,patient,0.8125,0.8928571428571428,0.75,0.75,0.75,0.75,0.75,0.75,0.75,0.5,3,1,3,1,,8,0
CoOp,raw,1000,1,2024,slice,0.6572368421052631,0.6784653011072646,0.6025641025641025,0.6013157894736842,0.6265060240963856,0.65,0.5526315789473685,0.6046511627906976,0.6,0.20363886723730812,26,17,21,14,,78,0
CoOp,raw,1000,1,2024,patient,0.8125,0.8928571428571428,0.75,0.75,0.75,0.75,0.75,0.75,0.75,0.5,3,1,3,1,,8,0
CoOp,raw,500,1,777,slice,0.6618421052631579,0.6731028093706476,0.6153846153846154,0.6144736842105263,0.6341463414634146,0.65,0.5789473684210527,0.6190476190476191,0.6111111111111112,0.22955225023722253,26,16,22,14,,78,0
CoOp,raw,500,1,777,patient,0.8125,0.8928571428571428,0.75,0.75,0.75,0.75,0.75,0.75,0.75,0.5,3,1,3,1,,8,0
CoOp,raw,1000,1,777,slice,0.6585526315789474,0.6675387475185685,0.6025641025641025,0.6019736842105263,0.6172839506172839,0.625,0.5789473684210527,0.6097560975609756,0.5945945945945946,0.20414893068578435,25,16,22,15,,78,0
CoOp,raw,1000,1,777,patient,0.75,0.8303571428571428,0.75,0.75,0.75,0.75,0.75,0.75,0.75,0.5,3,1,3,1,,8,0
CoOp,raw,500,1,999,slice,0.6625,0.6844812581989587,0.6153846153846154,0.6157894736842104,0.6153846153846154,0.6,0.631578947368421,0.631578947368421,0.6,0.23157894736842105,24,14,24,16,,78,0
CoOp,raw,500,1,999,patient,0.75,0.875,0.75,0.75,0.75,0.75,0.75,0.75,0.75,0.5,3,1,3,1,,8,0
Nearest Centroid,raw,1000,1,0,slice,0.6582236842105263,0.6706099184709539,0.6025641025641025,0.6013157894736842,0.6265060240963856,0.65,0.5526315789473685,0.6046511627906976,0.6,0.20363886723730812,26,17,21,14,,78,0
Nearest Centroid,raw,1000,1,0,patient,0.6875,0.7470238095238095,0.75,0.75,0.75,0.75,0.75,0.75,0.75,0.5,3,1,3,1,,8,0
Nearest Centroid,raw,500,1,0,slice,0.6585526315789474,0.6703615257181778,0.6153846153846154,0.6144736842105263,0.6341463414634146,0.65,0.5789473684210527,0.6190476190476191,0.6111111111111112,0.22955225023722253,26,16,22,14,,78,0
Nearest Centroid,raw,500,1,0,patient,0.6875,0.7470238095238095,0.75,0.75,0.75,0.75,0.75,0.75,0.75,0.5,3,1,3,1,,8,0
CoOp,raw,1000,1,999,slice,0.6605263157894737,0.6818543960669442,0.6025641025641025,0.6026315789473684,0.6075949367088608,0.6,0.6052631578947368,0.6153846153846154,0.5897435897435898,0.20519567041703082,24,15,23,16,,78,0
CoOp,raw,1000,1,999,patient,0.75,0.875,0.75,0.75,0.75,0.75,0.75,0.75,0.75,0.5,3,1,3,1,,8,0
Proto-Adapter,raw,500,1,42,slice,0.6585526315789474,0.6713113630791069,0.6025641025641025,0.6013157894736842,0.6265060240963856,0.65,0.5526315789473685,0.6046511627906976,0.6,0.20363886723730812,26,17,21,14,,78,0
Proto-Adapter,raw,500,1,42,patient,0.6875,0.7470238095238095,0.75,0.75,0.75,0.75,0.75,0.75,0.75,0.5,3,1,3,1,,8,0
Proto-Adapter,raw,1000,1,42,slice,0.6578947368421053,0.6703309709222441,0.6025641025641025,0.6013157894736842,0.6265060240963856,0.65,0.5526315789473685,0.6046511627906976,0.6,0.20363886723730812,26,17,21,14,,78,0
Proto-Adapter,raw,1000,1,42,patient,0.6875,0.7470238095238095,0.75,0.75,0.75,0.75,0.75,0.75,0.75,0.5,3,1,3,1,,8,0
Proto-Adapter,raw,500,1,100,slice,0.6585526315789474,0.6713113630791069,0.6025641025641025,0.6013157894736842,0.6265060240963856,0.65,0.5526315789473685,0.6046511627906976,0.6,0.20363886723730812,26,17,21,14,,78,0
Proto-Adapter,raw,500,1,100,patient,0.6875,0.7470238095238095,0.75,0.75,0.75,0.75,0.75,0.75,0.75,0.5,3,1,3,1,,8,0
Proto-Adapter,raw,1000,1,100,slice,0.6578947368421053,0.6703309709222441,0.6025641025641025,0.6013157894736842,0.6265060240963856,0.65,0.5526315789473685,0.6046511627906976,0.6,0.20363886723730812,26,17,21,14,,78,0
Proto-Adapter,raw,1000,1,100,patient,0.6875,0.7470238095238095,0.75,0.75,0.75,0.75,0.75,0.75,0.75,0.5,3,1,3,1,,8,0
Proto-Adapter,raw,500,1,2024,slice,0.6585526315789474,0.6713113630791069,0.6025641025641025,0.6013157894736842,0.6265060240963856,0.65,0.5526315789473685,0.6046511627906976,0.6,0.20363886723730812,26,17,21,14,,78,0
Proto-Adapter,raw,500,1,2024,patient,0.6875,0.7470238095238095,0.75,0.75,0.75,0.75,0.75,0.75,0.75,0.5,3,1,3,1,,8,0
Proto-Adapter,raw,1000,1,2024,slice,0.6578947368421053,0.6703309709222441,0.6025641025641025,0.6013157894736842,0.6265060240963856,0.65,0.5526315789473685,0.6046511627906976,0.6,0.20363886723730812,26,17,21,14,,78,0
Proto-Adapter,raw,1000,1,2024,patient,0.6875,0.7470238095238095,0.75,0.75,0.75,0.75,0.75,0.75,0.75,0.5,3,1,3,1,,8,0
Proto-Adapter,raw,500,1,777,slice,0.6585526315789474,0.6713113630791069,0.6025641025641025,0.6013157894736842,0.6265060240963856,0.65,0.5526315789473685,0.6046511627906976,0.6,0.20363886723730812,26,17,21,14,,78,0
Proto-Adapter,raw,500,1,777,patient,0.6875,0.7470238095238095,0.75,0.75,0.75,0.75,0.75,0.75,0.75,0.5,3,1,3,1,,8,0
Proto-Adapter,raw,1000,1,777,slice,0.6578947368421053,0.6703309709222441,0.6025641025641025,0.6013157894736842,0.6265060240963856,0.65,0.5526315789473685,0.6046511627906976,0.6,0.20363886723730812,26,17,21,14,,78,0
Proto-Adapter,raw,1000,1,777,patient,0.6875,0.7470238095238095,0.75,0.75,0.75,0.75,0.75,0.75,0.75,0.5,3,1,3,1,,8,0
Proto-Adapter,raw,500,1,999,slice,0.6585526315789474,0.6713113630791069,0.6025641025641025,0.6013157894736842,0.6265060240963856,0.65,0.5526315789473685,0.6046511627906976,0.6,0.20363886723730812,26,17,21,14,,78,0
Proto-Adapter,raw,500,1,999,patient,0.6875,0.7470238095238095,0.75,0.75,0.75,0.75,0.75,0.75,0.75,0.5,3,1,3,1,,8,0
Proto-Adapter,raw,1000,1,999,slice,0.6578947368421053,0.6703309709222441,0.6025641025641025,0.6013157894736842,0.6265060240963856,0.65,0.5526315789473685,0.6046511627906976,0.6,0.20363886723730812,26,17,21,14,,78,0
Proto-Adapter,raw,1000,1,999,patient,0.6875,0.7470238095238095,0.75,0.75,0.75,0.75,0.75,0.75,0.75,0.5,3,1,3,1,,8,0
TaskRes,raw,1000,1,42,slice,0.6519736842105263,0.6677314685291479,0.6282051282051282,0.6269736842105263,0.6506024096385542,0.675,0.5789473684210527,0.627906976744186,0.6285714285714286,0.25520974920000306,27,16,22,13,,78,0
TaskRes,raw,1000,1,42,patient,0.8125,0.8928571428571428,0.75,0.75,0.75,0.75,0.75,0.75,0.75,0.5,3,1,3,1,,8,0
TaskRes,raw,500,1,42,slice,0.6539473684210526,0.6718062234311086,0.6282051282051282,0.6269736842105263,0.6506024096385542,0.675,0.5789473684210527,0.627906976744186,0.6285714285714286,0.25520974920000306,27,16,22,13,,78,0
TaskRes,raw,500,1,42,patient,0.8125,0.8928571428571428,0.75,0.75,0.75,0.75,0.75,0.75,0.75,0.5,3,1,3,1,,8,0
TaskRes,raw,500,1,100,slice,0.6539473684210526,0.6718062234311086,0.6282051282051282,0.6269736842105263,0.6506024096385542,0.675,0.5789473684210527,0.627906976744186,0.6285714285714286,0.25520974920000306,27,16,22,13,,78,0
TaskRes,raw,500,1,100,patient,0.8125,0.8928571428571428,0.75,0.75,0.75,0.75,0.75,0.75,0.75,0.5,3,1,3,1,,8,0
TaskRes,raw,500,1,2024,slice,0.6539473684210526,0.6718062234311086,0.6282051282051282,0.6269736842105263,0.6506024096385542,0.675,0.5789473684210527,0.627906976744186,0.6285714285714286,0.25520974920000306,27,16,22,13,,78,0
TaskRes,raw,500,1,2024,patient,0.8125,0.8928571428571428,0.75,0.75,0.75,0.75,0.75,0.75,0.75,0.5,3,1,3,1,,8,0
TaskRes,raw,1000,1,100,slice,0.6519736842105263,0.6677314685291479,0.6282051282051282,0.6269736842105263,0.6506024096385542,0.675,0.5789473684210527,0.627906976744186,0.6285714285714286,0.25520974920000306,27,16,22,13,,78,0
TaskRes,raw,1000,1,100,patient,0.8125,0.8928571428571428,0.75,0.75,0.75,0.75,0.75,0.75,0.75,0.5,3,1,3,1,,8,0
TaskRes,raw,1000,1,2024,slice,0.6519736842105263,0.6677314685291479,0.6282051282051282,0.6269736842105263,0.6506024096385542,0.675,0.5789473684210527,0.627906976744186,0.6285714285714286,0.25520974920000306,27,16,22,13,,78,0
TaskRes,raw,1000,1,2024,patient,0.8125,0.8928571428571428,0.75,0.75,0.75,0.75,0.75,0.75,0.75,0.5,3,1,3,1,,8,0
TaskRes,raw,1000,1,777,slice,0.6519736842105263,0.6677314685291479,0.6282051282051282,0.6269736842105263,0.6506024096385542,0.675,0.5789473684210527,0.627906976744186,0.6285714285714286,0.25520974920000306,27,16,22,13,,78,0
TaskRes,raw,1000,1,777,patient,0.8125,0.8928571428571428,0.75,0.75,0.75,0.75,0.75,0.75,0.75,0.5,3,1,3,1,,8,0
TaskRes,raw,500,1,777,slice,0.6539473684210526,0.6718062234311086,0.6282051282051282,0.6269736842105263,0.6506024096385542,0.675,0.5789473684210527,0.627906976744186,0.6285714285714286,0.25520974920000306,27,16,22,13,,78,0
TaskRes,raw,500,1,777,patient,0.8125,0.8928571428571428,0.75,0.75,0.75,0.75,0.75,0.75,0.75,0.5,3,1,3,1,,8,0
TaskRes,raw,500,1,999,slice,0.6539473684210526,0.6718062234311086,0.6282051282051282,0.6269736842105263,0.6506024096385542,0.675,0.5789473684210527,0.627906976744186,0.6285714285714286,0.25520974920000306,27,16,22,13,,78,0
TaskRes,raw,500,1,999,patient,0.8125,0.8928571428571428,0.75,0.75,0.75,0.75,0.75,0.75,0.75,0.5,3,1,3,1,,8,0
TaskRes,raw,1000,1,999,slice,0.6519736842105263,0.6677314685291479,0.6282051282051282,0.6269736842105263,0.6506024096385542,0.675,0.5789473684210527,0.627906976744186,0.6285714285714286,0.25520974920000306,27,16,22,13,,78,0
TaskRes,raw,1000,1,999,patient,0.8125,0.8928571428571428,0.75,0.75,0.75,0.75,0.75,0.75,0.75,0.5,3,1,3,1,,8,0
TaskRes+SAM,raw,500,1,42,slice,0.6526315789473685,0.6698148018624812,0.6153846153846154,0.6144736842105263,0.6341463414634146,0.65,0.5789473684210527,0.6190476190476191,0.6111111111111112,0.22955225023722253,26,16,22,14,,78,0
TaskRes+SAM,raw,500,1,42,patient,0.8125,0.8928571428571428,0.75,0.75,0.75,0.75,0.75,0.75,0.75,0.5,3,1,3,1,,8,0
TaskRes+SAM,raw,1000,1,42,slice,0.6519736842105263,0.6677314685291479,0.6282051282051282,0.6269736842105263,0.6506024096385542,0.675,0.5789473684210527,0.627906976744186,0.6285714285714286,0.25520974920000306,27,16,22,13,,78,0
TaskRes+SAM,raw,1000,1,42,patient,0.8125,0.8928571428571428,0.75,0.75,0.75,0.75,0.75,0.75,0.75,0.5,3,1,3,1,,8,0
TaskRes+SAM,raw,500,1,100,slice,0.6526315789473685,0.6698148018624812,0.6153846153846154,0.6144736842105263,0.6341463414634146,0.65,0.5789473684210527,0.6190476190476191,0.6111111111111112,0.22955225023722253,26,16,22,14,,78,0
TaskRes+SAM,raw,500,1,100,patient,0.8125,0.8928571428571428,0.75,0.75,0.75,0.75,0.75,0.75,0.75,0.5,3,1,3,1,,8,0
TaskRes+SAM,raw,1000,1,100,slice,0.6519736842105263,0.6677314685291479,0.6282051282051282,0.6269736842105263,0.6506024096385542,0.675,0.5789473684210527,0.627906976744186,0.6285714285714286,0.25520974920000306,27,16,22,13,,78,0
TaskRes+SAM,raw,1000,1,100,patient,0.8125,0.8928571428571428,0.75,0.75,0.75,0.75,0.75,0.75,0.75,0.5,3,1,3,1,,8,0
TaskRes+SAM,raw,500,1,2024,slice,0.6526315789473685,0.6698148018624812,0.6153846153846154,0.6144736842105263,0.6341463414634146,0.65,0.5789473684210527,0.6190476190476191,0.6111111111111112,0.22955225023722253,26,16,22,14,,78,0
TaskRes+SAM,raw,500,1,2024,patient,0.8125,0.8928571428571428,0.75,0.75,0.75,0.75,0.75,0.75,0.75,0.5,3,1,3,1,,8,0
TaskRes+SAM,raw,1000,1,2024,slice,0.6519736842105263,0.6677314685291479,0.6282051282051282,0.6269736842105263,0.6506024096385542,0.675,0.5789473684210527,0.627906976744186,0.6285714285714286,0.25520974920000306,27,16,22,13,,78,0
TaskRes+SAM,raw,1000,1,2024,patient,0.8125,0.8928571428571428,0.75,0.75,0.75,0.75,0.75,0.75,0.75,0.5,3,1,3,1,,8,0
TaskRes+SAM,raw,500,1,777,slice,0.6526315789473685,0.6698148018624812,0.6153846153846154,0.6144736842105263,0.6341463414634146,0.65,0.5789473684210527,0.6190476190476191,0.6111111111111112,0.22955225023722253,26,16,22,14,,78,0
TaskRes+SAM,raw,500,1,777,patient,0.8125,0.8928571428571428,0.75,0.75,0.75,0.75,0.75,0.75,0.75,0.5,3,1,3,1,,8,0
TaskRes+SAM,raw,1000,1,777,slice,0.6519736842105263,0.6677314685291479,0.6282051282051282,0.6269736842105263,0.6506024096385542,0.675,0.5789473684210527,0.627906976744186,0.6285714285714286,0.25520974920000306,27,16,22,13,,78,0
TaskRes+SAM,raw,1000,1,777,patient,0.8125,0.8928571428571428,0.75,0.75,0.75,0.75,0.75,0.75,0.75,0.5,3,1,3,1,,8,0
TaskRes+SAM,raw,500,1,999,slice,0.6526315789473685,0.6698148018624812,0.6153846153846154,0.6144736842105263,0.6341463414634146,0.65,0.5789473684210527,0.6190476190476191,0.6111111111111112,0.22955225023722253,26,16,22,14,,78,0
TaskRes+SAM,raw,500,1,999,patient,0.8125,0.8928571428571428,0.75,0.75,0.75,0.75,0.75,0.75,0.75,0.5,3,1,3,1,,8,0
TaskRes+SAM,raw,1000,1,999,slice,0.6519736842105263,0.6677314685291479,0.6282051282051282,0.6269736842105263,0.6506024096385542,0.675,0.5789473684210527,0.627906976744186,0.6285714285714286,0.25520974920000306,27,16,22,13,,78,0
TaskRes+SAM,raw,1000,1,999,patient,0.8125,0.8928571428571428,0.75,0.75,0.75,0.75,0.75,0.75,0.75,0.5,3,1,3,1,,8,0
Tip-Adapter,clahe,500,2,0,slice,0.8185897435897436,0.852257595903519,0.620253164556962,0.617948717948718,0.6808510638297872,0.8,0.4358974358974359,0.5925925925925926,0.68,0.2535821240490484,32,22,17,8,,79,0
Tip-Adapter,clahe,500,2,0,patient,1.0,1.0,0.75,0.75,0.8,1.0,0.5,0.6666666666666666,1.0,0.5773502691896258,4,2,2,0,,8,0
Tip-Adapter,clahe,1000,2,0,slice,0.8179487179487179,0.8519897387606619,0.620253164556962,0.617948717948718,0.6808510638297872,0.8,0.4358974358974359,0.5925925925925926,0.68,0.2535821240490484,32,22,17,8,,79,0
Tip-Adapter,clahe,1000,2,0,patient,1.0,1.0,0.75,0.75,0.8,1.0,0.5,0.6666666666666666,1.0,0.5773502691896258,4,2,2,0,,8,0
Zero-Shot,clahe,1000,2,0,slice,0.8217948717948718,0.86220361567348,0.6582278481012658,0.6564102564102564,0.7032967032967034,0.8,0.5128205128205128,0.6274509803921569,0.7142857142857143,0.3269590923628194,32,19,20,8,,79,0
Zero-Shot,clahe,1000,2,0,patient,1.0,1.0,0.75,0.75,0.6666666666666666,0.5,1.0,1.0,0.6666666666666666,0.5773502691896258,2,0,4,2,,8,0
Zero-Shot,clahe,500,2,0,slice,0.8217948717948718,0.86220361567348,0.6582278481012658,0.6564102564102564,0.7032967032967034,0.8,0.5128205128205128,0.6274509803921569,0.7142857142857143,0.3269590923628194,32,19,20,8,,79,0
Zero-Shot,clahe,500,2,0,patient,1.0,1.0,0.75,0.75,0.6666666666666666,0.5,1.0,1.0,0.6666666666666666,0.5773502691896258,2,0,4,2,,8,0
Tip-Adapter-F,clahe,500,2,42,slice,0.8214743589743589,0.8616153803793625,0.6582278481012658,0.6564102564102564,0.7032967032967034,0.8,0.5128205128205128,0.6274509803921569,0.7142857142857143,0.3269590923628194,32,19,20,8,,79,0
Tip-Adapter-F,clahe,500,2,42,patient,1.0,1.0,0.75,0.75,0.6666666666666666,0.5,1.0,1.0,0.6666666666666666,0.5773502691896258,2,0,4,2,,8,0
Tip-Adapter-F,clahe,1000,2,42,slice,0.8214743589743589,0.8619406115823052,0.6962025316455697,0.6948717948717948,0.7272727272727273,0.8,0.5897435897435898,0.6666666666666666,0.7419354838709677,0.399061485146698,32,16,23,8,,79,0
Tip-Adapter-F,clahe,1000,2,42,patient,1.0,1.0,0.75,0.75,0.8,1.0,0.5,0.6666666666666666,1.0,0.5773502691896258,4,2,2,0,,8,0
Tip-Adapter-F,clahe,500,2,100,slice,0.8214743589743589,0.8616153803793625,0.6582278481012658,0.6564102564102564,0.7032967032967034,0.8,0.5128205128205128,0.6274509803921569,0.7142857142857143,0.3269590923628194,32,19,20,8,,79,0
Tip-Adapter-F,clahe,500,2,100,patient,1.0,1.0,0.75,0.75,0.6666666666666666,0.5,1.0,1.0,0.6666666666666666,0.5773502691896258,2,0,4,2,,8,0
Tip-Adapter-F,clahe,1000,2,100,slice,0.8214743589743589,0.8619406115823052,0.6962025316455697,0.6948717948717948,0.7272727272727273,0.8,0.5897435897435898,0.6666666666666666,0.7419354838709677,0.399061485146698,32,16,23,8,,79,0
Tip-Adapter-F,clahe,1000,2,100,patient,1.0,1.0,0.75,0.75,0.8,1.0,0.5,0.6666666666666666,1.0,0.5773502691896258,4,2,2,0,,8,0
Tip-Adapter-F,clahe,500,2,2024,slice,0.8214743589743589,0.8616153803793625,0.6582278481012658,0.6564102564102564,0.7032967032967034,0.8,0.5128205128205128,0.6274509803921569,0.7142857142857143,0.3269590923628194,32,19,20,8,,79,0
Tip-Adapter-F,clahe,500,2,2024,patient,1.0,1.0,0.75,0.75,0.6666666666666666,0.5,1.0,1.0,0.6666666666666666,0.5773502691896258,2,0,4,2,,8,0
Tip-Adapter-F,clahe,1000,2,2024,slice,0.8214743589743589,0.8619406115823052,0.6962025316455697,0.6948717948717948,0.7272727272727273,0.8,0.5897435897435898,0.6666666666666666,0.7419354838709677,0.399061485146698,32,16,23,8,,79,0
Tip-Adapter-F,clahe,1000,2,2024,patient,1.0,1.0,0.75,0.75,0.8,1.0,0.5,0.6666666666666666,1.0,0.5773502691896258,4,2,2,0,,8,0
Tip-Adapter-F,clahe,500,2,777,slice,0.8214743589743589,0.8616153803793625,0.6582278481012658,0.6564102564102564,0.7032967032967034,0.8,0.5128205128205128,0.6274509803921569,0.7142857142857143,0.3269590923628194,32,19,20,8,,79,0
Tip-Adapter-F,clahe,500,2,777,patient,1.0,1.0,0.75,0.75,0.6666666666666666,0.5,1.0,1.0,0.6666666666666666,0.5773502691896258,2,0,4,2,,8,0
Tip-Adapter-F,clahe,1000,2,777,slice,0.8214743589743589,0.8619406115823052,0.6962025316455697,0.6948717948717948,0.7272727272727273,0.8,0.5897435897435898,0.6666666666666666,0.7419354838709677,0.399061485146698,32,16,23,8,,79,0
Tip-Adapter-F,clahe,1000,2,777,patient,1.0,1.0,0.75,0.75,0.8,1.0,0.5,0.6666666666666666,1.0,0.5773502691896258,4,2,2,0,,8,0
Tip-Adapter-F,clahe,500,2,999,slice,0.8214743589743589,0.8616153803793625,0.6582278481012658,0.6564102564102564,0.7032967032967034,0.8,0.5128205128205128,0.6274509803921569,0.7142857142857143,0.3269590923628194,32,19,20,8,,79,0
Tip-Adapter-F,clahe,500,2,999,patient,1.0,1.0,0.75,0.75,0.6666666666666666,0.5,1.0,1.0,0.6666666666666666,0.5773502691896258,2,0,4,2,,8,0
Tip-Adapter-F,clahe,1000,2,999,slice,0.8214743589743589,0.8619406115823052,0.6962025316455697,0.6948717948717948,0.7272727272727273,0.8,0.5897435897435898,0.6666666666666666,0.7419354838709677,0.399061485146698,32,16,23,8,,79,0
Tip-Adapter-F,clahe,1000,2,999,patient,1.0,1.0,0.75,0.75,0.8,1.0,0.5,0.6666666666666666,1.0,0.5773502691896258,4,2,2,0,,8,0
Tip-Adapter-F+SAM,clahe,500,2,42,slice,0.8214743589743589,0.8616153803793625,0.6582278481012658,0.6564102564102564,0.7032967032967034,0.8,0.5128205128205128,0.6274509803921569,0.7142857142857143,0.3269590923628194,32,19,20,8,,79,0
Tip-Adapter-F+SAM,clahe,500,2,42,patient,1.0,1.0,0.75,0.75,0.6666666666666666,0.5,1.0,1.0,0.6666666666666666,0.5773502691896258,2,0,4,2,,8,0
Tip-Adapter-F+SAM,clahe,1000,2,42,slice,0.8214743589743589,0.8616153803793625,0.6582278481012658,0.6564102564102564,0.7032967032967034,0.8,0.5128205128205128,0.6274509803921569,0.7142857142857143,0.3269590923628194,32,19,20,8,,79,0
Tip-Adapter-F+SAM,clahe,1000,2,42,patient,1.0,1.0,0.75,0.75,0.6666666666666666,0.5,1.0,1.0,0.6666666666666666,0.5773502691896258,2,0,4,2,,8,0
Tip-Adapter-F+SAM,clahe,500,2,100,slice,0.8214743589743589,0.8616153803793625,0.6582278481012658,0.6564102564102564,0.7032967032967034,0.8,0.5128205128205128,0.6274509803921569,0.7142857142857143,0.3269590923628194,32,19,20,8,,79,0
Tip-Adapter-F+SAM,clahe,500,2,100,patient,1.0,1.0,0.75,0.75,0.6666666666666666,0.5,1.0,1.0,0.6666666666666666,0.5773502691896258,2,0,4,2,,8,0
Tip-Adapter-F+SAM,clahe,1000,2,100,slice,0.8214743589743589,0.8616153803793625,0.6582278481012658,0.6564102564102564,0.7032967032967034,0.8,0.5128205128205128,0.6274509803921569,0.7142857142857143,0.3269590923628194,32,19,20,8,,79,0
Tip-Adapter-F+SAM,clahe,1000,2,100,patient,1.0,1.0,0.75,0.75,0.6666666666666666,0.5,1.0,1.0,0.6666666666666666,0.5773502691896258,2,0,4,2,,8,0
Tip-Adapter-F+SAM,clahe,500,2,2024,slice,0.8214743589743589,0.8616153803793625,0.6582278481012658,0.6564102564102564,0.7032967032967034,0.8,0.5128205128205128,0.6274509803921569,0.7142857142857143,0.3269590923628194,32,19,20,8,,79,0
Tip-Adapter-F+SAM,clahe,500,2,2024,patient,1.0,1.0,0.75,0.75,0.6666666666666666,0.5,1.0,1.0,0.6666666666666666,0.5773502691896258,2,0,4,2,,8,0
Tip-Adapter-F+SAM,clahe,1000,2,2024,slice,0.8214743589743589,0.8616153803793625,0.6582278481012658,0.6564102564102564,0.7032967032967034,0.8,0.5128205128205128,0.6274509803921569,0.7142857142857143,0.3269590923628194,32,19,20,8,,79,0
Tip-Adapter-F+SAM,clahe,1000,2,2024,patient,1.0,1.0,0.75,0.75,0.6666666666666666,0.5,1.0,1.0,0.6666666666666666,0.5773502691896258,2,0,4,2,,8,0
Tip-Adapter-F+SAM,clahe,500,2,777,slice,0.8214743589743589,0.8616153803793625,0.6582278481012658,0.6564102564102564,0.7032967032967034,0.8,0.5128205128205128,0.6274509803921569,0.7142857142857143,0.3269590923628194,32,19,20,8,,79,0
Tip-Adapter-F+SAM,clahe,500,2,777,patient,1.0,1.0,0.75,0.75,0.6666666666666666,0.5,1.0,1.0,0.6666666666666666,0.5773502691896258,2,0,4,2,,8,0
Tip-Adapter-F+SAM,clahe,1000,2,777,slice,0.8214743589743589,0.8616153803793625,0.6582278481012658,0.6564102564102564,0.7032967032967034,0.8,0.5128205128205128,0.6274509803921569,0.7142857142857143,0.3269590923628194,32,19,20,8,,79,0
Tip-Adapter-F+SAM,clahe,1000,2,777,patient,1.0,1.0,0.75,0.75,0.6666666666666666,0.5,1.0,1.0,0.6666666666666666,0.5773502691896258,2,0,4,2,,8,0
Tip-Adapter-F+SAM,clahe,500,2,999,slice,0.8214743589743589,0.8616153803793625,0.6582278481012658,0.6564102564102564,0.7032967032967034,0.8,0.5128205128205128,0.6274509803921569,0.7142857142857143,0.3269590923628194,32,19,20,8,,79,0
Tip-Adapter-F+SAM,clahe,500,2,999,patient,1.0,1.0,0.75,0.75,0.6666666666666666,0.5,1.0,1.0,0.6666666666666666,0.5773502691896258,2,0,4,2,,8,0
Tip-Adapter-F+SAM,clahe,1000,2,999,slice,0.8214743589743589,0.8616153803793625,0.6582278481012658,0.6564102564102564,0.7032967032967034,0.8,0.5128205128205128,0.6274509803921569,0.7142857142857143,0.3269590923628194,32,19,20,8,,79,0
Tip-Adapter-F+SAM,clahe,1000,2,999,patient,1.0,1.0,0.75,0.75,0.6666666666666666,0.5,1.0,1.0,0.6666666666666666,0.5773502691896258,2,0,4,2,,8,0
CLIP-Adapter,clahe,500,2,42,slice,0.825,0.864343859976137,0.7341772151898734,0.7346153846153847,0.7272727272727273,0.7,0.7692307692307693,0.7567567567567568,0.7142857142857143,0.47013574744707626,28,9,30,12,,79,0
CLIP-Adapter,clahe,500,2,42,patient,1.0,1.0,0.875,0.875,0.8888888888888888,1.0,0.75,0.8,1.0,0.7745966692414834,4,1,3,0,,8,0
CLIP-Adapter,clahe,1000,2,42,slice,0.825,0.8638131358666354,0.7721518987341772,0.7733974358974359,0.75,0.675,0.8717948717948718,0.84375,0.723404255319149,0.5568815298832868,27,5,34,13,,79,0
CLIP-Adapter,clahe,1000,2,42,patient,1.0,1.0,0.875,0.875,0.8571428571428571,0.75,1.0,1.0,0.8,0.7745966692414834,3,0,4,1,,8,0
CLIP-Adapter,clahe,500,2,100,slice,0.825,0.8641987626283061,0.7215189873417721,0.7208333333333333,0.7380952380952381,0.775,0.6666666666666666,0.7045454545454546,0.7428571428571429,0.4445253804371735,31,13,26,9,,79,0
CLIP-Adapter,clahe,500,2,100,patient,1.0,1.0,0.875,0.875,0.8888888888888888,1.0,0.75,0.8,1.0,0.7745966692414834,4,1,3,0,,8,0
CLIP-Adapter,clahe,1000,2,100,slice,0.7480769230769231,0.8316718496395732,0.5063291139240507,0.5,0.6722689075630253,1.0,0.0,0.5063291139240507,,0.0,40,39,0,0,,79,1
CLIP-Adapter,clahe,1000,2,100,patient,0.8125,0.8928571428571428,0.5,0.5,0.6666666666666666,1.0,0.0,0.5,,0.0,4,4,0,0,,8,1
CLIP-Adapter,clahe,500,2,2024,slice,0.823076923076923,0.8619447542098241,0.7721518987341772,0.7733974358974359,0.75,0.675,0.8717948717948718,0.84375,0.723404255319149,0.5568815298832868,27,5,34,13,,79,0
CLIP-Adapter,clahe,500,2,2024,patient,1.0,1.0,0.875,0.875,0.8571428571428571,0.75,1.0,1.0,0.8,0.7745966692414834,3,0,4,1,,8,0
CLIP-Adapter,clahe,1000,2,2024,slice,0.8237179487179487,0.8633170831023094,0.7721518987341772,0.7733974358974359,0.75,0.675,0.8717948717948718,0.84375,0.723404255319149,0.5568815298832868,27,5,34,13,,79,0
CLIP-Adapter,clahe,1000,2,2024,patient,1.0,1.0,0.875,0.875,0.8571428571428571,0.75,1.0,1.0,0.8,0.7745966692414834,3,0,4,1,,8,0
CLIP-Adapter,clahe,500,2,777,slice,0.8262820512820512,0.8643572096344204,0.7215189873417721,0.7217948717948718,0.717948717948718,0.7,0.7435897435897436,0.7368421052631579,0.7073170731707317,0.4438743696976885,28,10,29,12,,79,0
CLIP-Adapter,clahe,500,2,777,patient,1.0,1.0,0.875,0.875,0.8888888888888888,1.0,0.75,0.8,1.0,0.7745966692414834,4,1,3,0,,8,0
CLIP-Adapter,clahe,1000,2,777,slice,0.7621794871794871,0.8333304078703636,0.7341772151898734,0.7362179487179488,0.6865671641791045,0.575,0.8974358974358975,0.8518518518518519,0.6730769230769231,0.4979911614410461,23,4,35,17,,79,0
CLIP-Adapter,clahe,1000,2,777,patient,0.6875,0.8125,0.75,0.75,0.6666666666666666,0.5,1.0,1.0,0.6666666666666666,0.5773502691896258,2,0,4,2,,8,0
CLIP-Adapter,clahe,500,2,999,slice,0.8275641025641025,0.8641243453822426,0.5063291139240507,0.5,0.6722689075630253,1.0,0.0,0.5063291139240507,,0.0,40,39,0,0,,79,1
CLIP-Adapter,clahe,500,2,999,patient,1.0,1.0,0.625,0.625,0.7272727272727273,1.0,0.25,0.5714285714285714,1.0,0.3779644730092272,4,3,1,0,,8,0
CLIP-Adapter,clahe,1000,2,999,slice,0.8044871794871795,0.8606588176362173,0.5063291139240507,0.5,0.6722689075630253,1.0,0.0,0.5063291139240507,,0.0,40,39,0,0,,79,1
CLIP-Adapter,clahe,1000,2,999,patient,1.0,1.0,0.5,0.5,0.6666666666666666,1.0,0.0,0.5,,0.0,4,4,0,0,,8,1
CoOp,clahe,500,2,42,slice,0.8262820512820512,0.8631944547979368,0.6455696202531646,0.6432692307692307,0.7021276595744681,0.825,0.46153846153846156,0.6111111111111112,0.72,0.3080195908965343,33,21,18,7,,79,0
CoOp,clahe,500,2,42,patient,1.0,1.0,0.625,0.625,0.7272727272727273,1.0,0.25,0.5714285714285714,1.0,0.3779644730092272,4,3,1,0,,8,0
CoOp,clahe,1000,2,42,slice,0.8217948717948718,0.8618342943578842,0.6329113924050633,0.6304487179487179,0.6947368421052632,0.825,0.4358974358974359,0.6,0.7083333333333334,0.2836254150607383,33,22,17,7,,79,0
CoOp,clahe,1000,2,42,patient,1.0,1.0,0.75,0.75,0.8,1.0,0.5,0.6666666666666666,1.0,0.5773502691896258,4,2,2,0,,8,0
CoOp,clahe,500,2,100,slice,0.8173076923076923,0.8519334892698659,0.620253164556962,0.617948717948718,0.6808510638297872,0.8,0.4358974358974359,0.5925925925925926,0.68,0.2535821240490484,32,22,17,8,,79,0
CoOp,clahe,500,2,100,patient,1.0,1.0,0.75,0.75,0.8,1.0,0.5,0.6666666666666666,1.0,0.5773502691896258,4,2,2,0,,8,0
CoOp,clahe,1000,2,100,slice,0.8166666666666667,0.8519208488473062,0.6329113924050633,0.6304487179487179,0.6947368421052632,0.825,0.4358974358974359,0.6,0.7083333333333334,0.2836254150607383,33,22,17,7,,79,0
CoOp,clahe,1000,2,100,patient,1.0,1.0,0.625,0.625,0.7272727272727273,1.0,0.25,0.5714285714285714,1.0,0.3779644730092272,4,3,1,0,,8,0
CoOp,clahe,500,2,2024,slice,0.8166666666666667,0.8538794351208923,0.6329113924050633,0.6301282051282051,0.7010309278350515,0.85,0.41025641025641024,0.5964912280701754,0.7272727272727273,0.2902785641206746,34,23,16,6,,79,0
CoOp,clahe,500,2,2024,patient,1.0,1.0,0.75,0.75,0.8,1.0,0.5,0.6666666666666666,1.0,0.5773502691896258,4,2,2,0,,8,0
CoOp,clahe,1000,2,2024,slice,0.8173076923076923,0.8542890545712094,0.620253164556962,0.617948717948718,0.6808510638297872,0.8,0.4358974358974359,0.5925925925925926,0.68,0.2535821240490484,32,22,17,8,,79,0
CoOp,clahe,1000,2,2024,patient,1.0,1.0,0.75,0.75,0.8,1.0,0.5,0.6666666666666666,1.0,0.5773502691896258,4,2,2,0,,8,0
CoOp,clahe,500,2,777,slice,0.8134615384615385,0.8502381320413346,0.620253164556962,0.617948717948718,0.6808510638297872,0.8,0.4358974358974359,0.5925925925925926,0.68,0.2535821240490484,32,22,17,8,,79,0
CoOp,clahe,500,2,777,patient,1.0,1.0,0.75,0.75,0.8,1.0,0.5,0.6666666666666666,1.0,0.5773502691896258,4,2,2,0,,8,0
CoOp,clahe,1000,2,777,slice,0.8153846153846154,0.8554155464955155,0.6329113924050633,0.6307692307692307,0.6881720430107527,0.8,0.46153846153846156,0.6037735849056604,0.6923076923076923,0.2782744000671334,32,21,18,8,,79,0
CoOp,clahe,1000,2,777,patient,1.0,1.0,0.75,0.75,0.8,1.0,0.5,0.6666666666666666,1.0,0.5773502691896258,4,2,2,0,,8,0
CoOp,clahe,500,2,999,slice,0.8179487179487179,0.8568940711761002,0.620253164556962,0.617948717948718,0.6808510638297872,0.8,0.4358974358974359,0.5925925925925926,0.68,0.2535821240490484,32,22,17,8,,79,0
CoOp,clahe,500,2,999,patient,1.0,1.0,0.75,0.75,0.8,1.0,0.5,0.6666666666666666,1.0,0.5773502691896258,4,2,2,0,,8,0
Nearest Centroid,clahe,1000,2,0,slice,0.8233974358974359,0.8634875204391228,0.620253164556962,0.617948717948718,0.6808510638297872,0.8,0.4358974358974359,0.5925925925925926,0.68,0.2535821240490484,32,22,17,8,,79,0
Nearest Centroid,clahe,1000,2,0,patient,1.0,1.0,0.75,0.75,0.8,1.0,0.5,0.6666666666666666,1.0,0.5773502691896258,4,2,2,0,,8,0
Nearest Centroid,clahe,500,2,0,slice,0.8224358974358974,0.862712147221654,0.620253164556962,0.617948717948718,0.6808510638297872,0.8,0.4358974358974359,0.5925925925925926,0.68,0.2535821240490484,32,22,17,8,,79,0
Nearest Centroid,clahe,500,2,0,patient,1.0,1.0,0.75,0.75,0.8,1.0,0.5,0.6666666666666666,1.0,0.5773502691896258,4,2,2,0,,8,0
CoOp,clahe,1000,2,999,slice,0.8141025641025641,0.8499491669399569,0.6455696202531646,0.6435897435897436,0.6956521739130435,0.8,0.48717948717948717,0.6153846153846154,0.7037037037037037,0.3027137589221013,32,20,19,8,,79,0
CoOp,clahe,1000,2,999,patient,1.0,1.0,0.75,0.75,0.8,1.0,0.5,0.6666666666666666,1.0,0.5773502691896258,4,2,2,0,,8,0
Proto-Adapter,clahe,500,2,42,slice,0.8237179487179487,0.8632743917093701,0.620253164556962,0.617948717948718,0.6808510638297872,0.8,0.4358974358974359,0.5925925925925926,0.68,0.2535821240490484,32,22,17,8,,79,0
Proto-Adapter,clahe,500,2,42,patient,1.0,1.0,0.75,0.75,0.8,1.0,0.5,0.6666666666666666,1.0,0.5773502691896258,4,2,2,0,,8,0
Proto-Adapter,clahe,1000,2,42,slice,0.8237179487179487,0.8632743917093701,0.620253164556962,0.617948717948718,0.6808510638297872,0.8,0.4358974358974359,0.5925925925925926,0.68,0.2535821240490484,32,22,17,8,,79,0
Proto-Adapter,clahe,1000,2,42,patient,1.0,1.0,0.75,0.75,0.8,1.0,0.5,0.6666666666666666,1.0,0.5773502691896258,4,2,2,0,,8,0
Proto-Adapter,clahe,500,2,100,slice,0.8237179487179487,0.8632743917093701,0.620253164556962,0.617948717948718,0.6808510638297872,0.8,0.4358974358974359,0.5925925925925926,0.68,0.2535821240490484,32,22,17,8,,79,0
Proto-Adapter,clahe,500,2,100,patient,1.0,1.0,0.75,0.75,0.8,1.0,0.5,0.6666666666666666,1.0,0.5773502691896258,4,2,2,0,,8,0
Proto-Adapter,clahe,1000,2,100,slice,0.8237179487179487,0.8632743917093701,0.620253164556962,0.617948717948718,0.6808510638297872,0.8,0.4358974358974359,0.5925925925925926,0.68,0.2535821240490484,32,22,17,8,,79,0
Proto-Adapter,clahe,1000,2,100,patient,1.0,1.0,0.75,0.75,0.8,1.0,0.5,0.6666666666666666,1.0,0.5773502691896258,4,2,2,0,,8,0
Proto-Adapter,clahe,500,2,2024,slice,0.8237179487179487,0.8632743917093701,0.620253164556962,0.617948717948718,0.6808510638297872,0.8,0.4358974358974359,0.5925925925925926,0.68,0.2535821240490484,32,22,17,8,,79,0
Proto-Adapter,clahe,500,2,2024,patient,1.0,1.0,0.75,0.75,0.8,1.0,0.5,0.6666666666666666,1.0,0.5773502691896258,4,2,2,0,,8,0
Proto-Adapter,clahe,1000,2,2024,slice,0.8237179487179487,0.8632743917093701,0.620253164556962,0.617948717948718,0.6808510638297872,0.8,0.4358974358974359,0.5925925925925926,0.68,0.2535821240490484,32,22,17,8,,79,0
Proto-Adapter,clahe,1000,2,2024,patient,1.0,1.0,0.75,0.75,0.8,1.0,0.5,0.6666666666666666,1.0,0.5773502691896258,4,2,2,0,,8,0
Proto-Adapter,clahe,500,2,777,slice,0.8237179487179487,0.8632743917093701,0.620253164556962,0.617948717948718,0.6808510638297872,0.8,0.4358974358974359,0.5925925925925926,0.68,0.2535821240490484,32,22,17,8,,79,0
Proto-Adapter,clahe,500,2,777,patient,1.0,1.0,0.75,0.75,0.8,1.0,0.5,0.6666666666666666,1.0,0.5773502691896258,4,2,2,0,,8,0
Proto-Adapter,clahe,1000,2,777,slice,0.8237179487179487,0.8632743917093701,0.620253164556962,0.617948717948718,0.6808510638297872,0.8,0.4358974358974359,0.5925925925925926,0.68,0.2535821240490484,32,22,17,8,,79,0
Proto-Adapter,clahe,1000,2,777,patient,1.0,1.0,0.75,0.75,0.8,1.0,0.5,0.6666666666666666,1.0,0.5773502691896258,4,2,2,0,,8,0
Proto-Adapter,clahe,500,2,999,slice,0.8237179487179487,0.8632743917093701,0.620253164556962,0.617948717948718,0.6808510638297872,0.8,0.4358974358974359,0.5925925925925926,0.68,0.2535821240490484,32,22,17,8,,79,0
Proto-Adapter,clahe,500,2,999,patient,1.0,1.0,0.75,0.75,0.8,1.0,0.5,0.6666666666666666,1.0,0.5773502691896258,4,2,2,0,,8,0
Proto-Adapter,clahe,1000,2,999,slice,0.8237179487179487,0.8632743917093701,0.620253164556962,0.617948717948718,0.6808510638297872,0.8,0.4358974358974359,0.5925925925925926,0.68,0.2535821240490484,32,22,17,8,,79,0
Proto-Adapter,clahe,1000,2,999,patient,1.0,1.0,0.75,0.75,0.8,1.0,0.5,0.6666666666666666,1.0,0.5773502691896258,4,2,2,0,,8,0
TaskRes,clahe,500,2,42,slice,0.8192307692307692,0.8527850133922538,0.620253164556962,0.6176282051282052,0.6875,0.825,0.41025641025641024,0.5892857142857143,0.6956521739130435,0.25890821679445036,33,23,16,7,,79,0
TaskRes,clahe,500,2,42,patient,1.0,1.0,0.75,0.75,0.8,1.0,0.5,0.6666666666666666,1.0,0.5773502691896258,4,2,2,0,,8,0
TaskRes,clahe,500,2,100,slice,0.8192307692307692,0.8527850133922538,0.620253164556962,0.6176282051282052,0.6875,0.825,0.41025641025641024,0.5892857142857143,0.6956521739130435,0.25890821679445036,33,23,16,7,,79,0
TaskRes,clahe,500,2,100,patient,1.0,1.0,0.75,0.75,0.8,1.0,0.5,0.6666666666666666,1.0,0.5773502691896258,4,2,2,0,,8,0
TaskRes,clahe,1000,2,42,slice,0.8192307692307692,0.8527850133922538,0.6075949367088608,0.6051282051282052,0.6736842105263158,0.8,0.41025641025641024,0.5818181818181818,0.6666666666666666,0.2285728160686048,32,23,16,8,,79,0
TaskRes,clahe,1000,2,42,patient,1.0,1.0,0.75,0.75,0.8,1.0,0.5,0.6666666666666666,1.0,0.5773502691896258,4,2,2,0,,8,0
TaskRes,clahe,1000,2,100,slice,0.8192307692307692,0.8527850133922538,0.6075949367088608,0.6051282051282052,0.6736842105263158,0.8,0.41025641025641024,0.5818181818181818,0.6666666666666666,0.2285728160686048,32,23,16,8,,79,0
TaskRes,clahe,1000,2,100,patient,1.0,1.0,0.75,0.75,0.8,1.0,0.5,0.6666666666666666,1.0,0.5773502691896258,4,2,2,0,,8,0
TaskRes,clahe,1000,2,2024,slice,0.8192307692307692,0.8527850133922538,0.6075949367088608,0.6051282051282052,0.6736842105263158,0.8,0.41025641025641024,0.5818181818181818,0.6666666666666666,0.2285728160686048,32,23,16,8,,79,0
TaskRes,clahe,1000,2,2024,patient,1.0,1.0,0.75,0.75,0.8,1.0,0.5,0.6666666666666666,1.0,0.5773502691896258,4,2,2,0,,8,0
TaskRes,clahe,500,2,2024,slice,0.8192307692307692,0.8527850133922538,0.620253164556962,0.6176282051282052,0.6875,0.825,0.41025641025641024,0.5892857142857143,0.6956521739130435,0.25890821679445036,33,23,16,7,,79,0
TaskRes,clahe,500,2,2024,patient,1.0,1.0,0.75,0.75,0.8,1.0,0.5,0.6666666666666666,1.0,0.5773502691896258,4,2,2,0,,8,0
TaskRes,clahe,500,2,999,slice,0.8192307692307692,0.8527850133922538,0.620253164556962,0.6176282051282052,0.6875,0.825,0.41025641025641024,0.5892857142857143,0.6956521739130435,0.25890821679445036,33,23,16,7,,79,0
TaskRes,clahe,500,2,999,patient,1.0,1.0,0.75,0.75,0.8,1.0,0.5,0.6666666666666666,1.0,0.5773502691896258,4,2,2,0,,8,0
TaskRes,clahe,1000,2,777,slice,0.8192307692307692,0.8527850133922538,0.6075949367088608,0.6051282051282052,0.6736842105263158,0.8,0.41025641025641024,0.5818181818181818,0.6666666666666666,0.2285728160686048,32,23,16,8,,79,0
TaskRes,clahe,1000,2,777,patient,1.0,1.0,0.75,0.75,0.8,1.0,0.5,0.6666666666666666,1.0,0.5773502691896258,4,2,2,0,,8,0
TaskRes,clahe,500,2,777,slice,0.8192307692307692,0.8527850133922538,0.620253164556962,0.6176282051282052,0.6875,0.825,0.41025641025641024,0.5892857142857143,0.6956521739130435,0.25890821679445036,33,23,16,7,,79,0
TaskRes,clahe,500,2,777,patient,1.0,1.0,0.75,0.75,0.8,1.0,0.5,0.6666666666666666,1.0,0.5773502691896258,4,2,2,0,,8,0
TaskRes,clahe,1000,2,999,slice,0.8192307692307692,0.8527850133922538,0.6075949367088608,0.6051282051282052,0.6736842105263158,0.8,0.41025641025641024,0.5818181818181818,0.6666666666666666,0.2285728160686048,32,23,16,8,,79,0
TaskRes,clahe,1000,2,999,patient,1.0,1.0,0.75,0.75,0.8,1.0,0.5,0.6666666666666666,1.0,0.5773502691896258,4,2,2,0,,8,0
TaskRes+SAM,clahe,500,2,42,slice,0.8185897435897436,0.852196778098136,0.6075949367088608,0.6051282051282052,0.6736842105263158,0.8,0.41025641025641024,0.5818181818181818,0.6666666666666666,0.2285728160686048,32,23,16,8,,79,0
TaskRes+SAM,clahe,500,2,42,patient,1.0,1.0,0.75,0.75,0.8,1.0,0.5,0.6666666666666666,1.0,0.5773502691896258,4,2,2,0,,8,0
TaskRes+SAM,clahe,1000,2,42,slice,0.8185897435897436,0.852196778098136,0.6075949367088608,0.6051282051282052,0.6736842105263158,0.8,0.41025641025641024,0.5818181818181818,0.6666666666666666,0.2285728160686048,32,23,16,8,,79,0
TaskRes+SAM,clahe,1000,2,42,patient,1.0,1.0,0.75,0.75,0.8,1.0,0.5,0.6666666666666666,1.0,0.5773502691896258,4,2,2,0,,8,0
TaskRes+SAM,clahe,500,2,100,slice,0.8185897435897436,0.852196778098136,0.6075949367088608,0.6051282051282052,0.6736842105263158,0.8,0.41025641025641024,0.5818181818181818,0.6666666666666666,0.2285728160686048,32,23,16,8,,79,0
TaskRes+SAM,clahe,500,2,100,patient,1.0,1.0,0.75,0.75,0.8,1.0,0.5,0.6666666666666666,1.0,0.5773502691896258,4,2,2,0,,8,0
TaskRes+SAM,clahe,1000,2,100,slice,0.8185897435897436,0.852196778098136,0.6075949367088608,0.6051282051282052,0.6736842105263158,0.8,0.41025641025641024,0.5818181818181818,0.6666666666666666,0.2285728160686048,32,23,16,8,,79,0
TaskRes+SAM,clahe,1000,2,100,patient,1.0,1.0,0.75,0.75,0.8,1.0,0.5,0.6666666666666666,1.0,0.5773502691896258,4,2,2,0,,8,0
TaskRes+SAM,clahe,500,2,2024,slice,0.8185897435897436,0.852196778098136,0.6075949367088608,0.6051282051282052,0.6736842105263158,0.8,0.41025641025641024,0.5818181818181818,0.6666666666666666,0.2285728160686048,32,23,16,8,,79,0
TaskRes+SAM,clahe,500,2,2024,patient,1.0,1.0,0.75,0.75,0.8,1.0,0.5,0.6666666666666666,1.0,0.5773502691896258,4,2,2,0,,8,0
TaskRes+SAM,clahe,1000,2,2024,slice,0.8185897435897436,0.852196778098136,0.6075949367088608,0.6051282051282052,0.6736842105263158,0.8,0.41025641025641024,0.5818181818181818,0.6666666666666666,0.2285728160686048,32,23,16,8,,79,0
TaskRes+SAM,clahe,1000,2,2024,patient,1.0,1.0,0.75,0.75,0.8,1.0,0.5,0.6666666666666666,1.0,0.5773502691896258,4,2,2,0,,8,0
TaskRes+SAM,clahe,500,2,777,slice,0.8185897435897436,0.852196778098136,0.6075949367088608,0.6051282051282052,0.6736842105263158,0.8,0.41025641025641024,0.5818181818181818,0.6666666666666666,0.2285728160686048,32,23,16,8,,79,0
TaskRes+SAM,clahe,500,2,777,patient,1.0,1.0,0.75,0.75,0.8,1.0,0.5,0.6666666666666666,1.0,0.5773502691896258,4,2,2,0,,8,0
TaskRes+SAM,clahe,1000,2,777,slice,0.8185897435897436,0.852196778098136,0.6075949367088608,0.6051282051282052,0.6736842105263158,0.8,0.41025641025641024,0.5818181818181818,0.6666666666666666,0.2285728160686048,32,23,16,8,,79,0
TaskRes+SAM,clahe,1000,2,777,patient,1.0,1.0,0.75,0.75,0.8,1.0,0.5,0.6666666666666666,1.0,0.5773502691896258,4,2,2,0,,8,0
TaskRes+SAM,clahe,500,2,999,slice,0.8185897435897436,0.852196778098136,0.6075949367088608,0.6051282051282052,0.6736842105263158,0.8,0.41025641025641024,0.5818181818181818,0.6666666666666666,0.2285728160686048,32,23,16,8,,79,0
TaskRes+SAM,clahe,500,2,999,patient,1.0,1.0,0.75,0.75,0.8,1.0,0.5,0.6666666666666666,1.0,0.5773502691896258,4,2,2,0,,8,0
TaskRes+SAM,clahe,1000,2,999,slice,0.8185897435897436,0.852196778098136,0.6075949367088608,0.6051282051282052,0.6736842105263158,0.8,0.41025641025641024,0.5818181818181818,0.6666666666666666,0.2285728160686048,32,23,16,8,,79,0
TaskRes+SAM,clahe,1000,2,999,patient,1.0,1.0,0.75,0.75,0.8,1.0,0.5,0.6666666666666666,1.0,0.5773502691896258,4,2,2,0,,8,0
Tip-Adapter,raw,500,2,0,slice,0.8102564102564103,0.8453088868118586,0.620253164556962,0.6182692307692308,0.6739130434782609,0.775,0.46153846153846156,0.5961538461538461,0.6666666666666666,0.24933343089789148,31,21,18,9,,79,0
Tip-Adapter,raw,500,2,0,patient,0.9375,0.95,0.75,0.75,0.75,0.75,0.75,0.75,0.75,0.5,3,1,3,1,,8,0
Tip-Adapter,raw,1000,2,0,slice,0.8092948717948718,0.843131572600646,0.620253164556962,0.6182692307692308,0.6739130434782609,0.775,0.46153846153846156,0.5961538461538461,0.6666666666666666,0.24933343089789148,31,21,18,9,,79,0
Tip-Adapter,raw,1000,2,0,patient,0.9375,0.95,0.75,0.75,0.75,0.75,0.75,0.75,0.75,0.5,3,1,3,1,,8,0
Zero-Shot,raw,500,2,0,slice,0.8108974358974359,0.8661352705754213,0.6455696202531646,0.6435897435897436,0.6956521739130435,0.8,0.48717948717948717,0.6153846153846154,0.7037037037037037,0.3027137589221013,32,20,19,8,,79,0
Zero-Shot,raw,500,2,0,patient,0.9375,0.95,0.75,0.75,0.75,0.75,0.75,0.75,0.75,0.5,3,1,3,1,,8,0
Zero-Shot,raw,1000,2,0,slice,0.8108974358974359,0.8661352705754213,0.6455696202531646,0.6435897435897436,0.6956521739130435,0.8,0.48717948717948717,0.6153846153846154,0.7037037037037037,0.3027137589221013,32,20,19,8,,79,0
Zero-Shot,raw,1000,2,0,patient,0.9375,0.95,0.75,0.75,0.75,0.75,0.75,0.75,0.75,0.5,3,1,3,1,,8,0
Tip-Adapter-F,raw,500,2,42,slice,0.8121794871794872,0.8661352705754213,0.6455696202531646,0.6435897435897436,0.6956521739130435,0.8,0.48717948717948717,0.6153846153846154,0.7037037037037037,0.3027137589221013,32,20,19,8,,79,0
Tip-Adapter-F,raw,500,2,42,patient,0.9375,0.95,0.75,0.75,0.75,0.75,0.75,0.75,0.75,0.5,3,1,3,1,,8,0
Tip-Adapter-F,raw,1000,2,42,slice,0.8105769230769231,0.8651528917994445,0.6455696202531646,0.6435897435897436,0.6956521739130435,0.8,0.48717948717948717,0.6153846153846154,0.7037037037037037,0.3027137589221013,32,20,19,8,,79,0
Tip-Adapter-F,raw,1000,2,42,patient,0.9375,0.95,0.75,0.75,0.75,0.75,0.75,0.75,0.75,0.5,3,1,3,1,,8,0
Tip-Adapter-F,raw,500,2,100,slice,0.8121794871794872,0.8661352705754213,0.6455696202531646,0.6435897435897436,0.6956521739130435,0.8,0.48717948717948717,0.6153846153846154,0.7037037037037037,0.3027137589221013,32,20,19,8,,79,0
Tip-Adapter-F,raw,500,2,100,patient,0.9375,0.95,0.75,0.75,0.75,0.75,0.75,0.75,0.75,0.5,3,1,3,1,,8,0
Tip-Adapter-F,raw,1000,2,100,slice,0.8105769230769231,0.8651528917994445,0.6455696202531646,0.6435897435897436,0.6956521739130435,0.8,0.48717948717948717,0.6153846153846154,0.7037037037037037,0.3027137589221013,32,20,19,8,,79,0
Tip-Adapter-F,raw,1000,2,100,patient,0.9375,0.95,0.75,0.75,0.75,0.75,0.75,0.75,0.75,0.5,3,1,3,1,,8,0
Tip-Adapter-F,raw,500,2,2024,slice,0.8121794871794872,0.8661352705754213,0.6455696202531646,0.6435897435897436,0.6956521739130435,0.8,0.48717948717948717,0.6153846153846154,0.7037037037037037,0.3027137589221013,32,20,19,8,,79,0
Tip-Adapter-F,raw,500,2,2024,patient,0.9375,0.95,0.75,0.75,0.75,0.75,0.75,0.75,0.75,0.5,3,1,3,1,,8,0
Tip-Adapter-F,raw,1000,2,2024,slice,0.8105769230769231,0.8651528917994445,0.6455696202531646,0.6435897435897436,0.6956521739130435,0.8,0.48717948717948717,0.6153846153846154,0.7037037037037037,0.3027137589221013,32,20,19,8,,79,0
Tip-Adapter-F,raw,1000,2,2024,patient,0.9375,0.95,0.75,0.75,0.75,0.75,0.75,0.75,0.75,0.5,3,1,3,1,,8,0
Tip-Adapter-F,raw,500,2,777,slice,0.8121794871794872,0.8661352705754213,0.6455696202531646,0.6435897435897436,0.6956521739130435,0.8,0.48717948717948717,0.6153846153846154,0.7037037037037037,0.3027137589221013,32,20,19,8,,79,0
Tip-Adapter-F,raw,500,2,777,patient,0.9375,0.95,0.75,0.75,0.75,0.75,0.75,0.75,0.75,0.5,3,1,3,1,,8,0
Tip-Adapter-F,raw,1000,2,777,slice,0.8105769230769231,0.8651528917994445,0.6455696202531646,0.6435897435897436,0.6956521739130435,0.8,0.48717948717948717,0.6153846153846154,0.7037037037037037,0.3027137589221013,32,20,19,8,,79,0
Tip-Adapter-F,raw,1000,2,777,patient,0.9375,0.95,0.75,0.75,0.75,0.75,0.75,0.75,0.75,0.5,3,1,3,1,,8,0
Tip-Adapter-F,raw,500,2,999,slice,0.8121794871794872,0.8661352705754213,0.6455696202531646,0.6435897435897436,0.6956521739130435,0.8,0.48717948717948717,0.6153846153846154,0.7037037037037037,0.3027137589221013,32,20,19,8,,79,0
Tip-Adapter-F,raw,500,2,999,patient,0.9375,0.95,0.75,0.75,0.75,0.75,0.75,0.75,0.75,0.5,3,1,3,1,,8,0
Tip-Adapter-F,raw,1000,2,999,slice,0.8105769230769231,0.8651528917994445,0.6455696202531646,0.6435897435897436,0.6956521739130435,0.8,0.48717948717948717,0.6153846153846154,0.7037037037037037,0.3027137589221013,32,20,19,8,,79,0
Tip-Adapter-F,raw,1000,2,999,patient,0.9375,0.95,0.75,0.75,0.75,0.75,0.75,0.75,0.75,0.5,3,1,3,1,,8,0
Tip-Adapter-F+SAM,raw,500,2,42,slice,0.8115384615384615,0.8659204356590939,0.6455696202531646,0.6435897435897436,0.6956521739130435,0.8,0.48717948717948717,0.6153846153846154,0.7037037037037037,0.3027137589221013,32,20,19,8,,79,0
Tip-Adapter-F+SAM,raw,500,2,42,patient,0.9375,0.95,0.75,0.75,0.75,0.75,0.75,0.75,0.75,0.5,3,1,3,1,,8,0
Tip-Adapter-F+SAM,raw,1000,2,42,slice,0.8112179487179487,0.8661352705754213,0.6455696202531646,0.6435897435897436,0.6956521739130435,0.8,0.48717948717948717,0.6153846153846154,0.7037037037037037,0.3027137589221013,32,20,19,8,,79,0
Tip-Adapter-F+SAM,raw,1000,2,42,patient,0.9375,0.95,0.75,0.75,0.75,0.75,0.75,0.75,0.75,0.5,3,1,3,1,,8,0
Tip-Adapter-F+SAM,raw,500,2,100,slice,0.8115384615384615,0.8659204356590939,0.6455696202531646,0.6435897435897436,0.6956521739130435,0.8,0.48717948717948717,0.6153846153846154,0.7037037037037037,0.3027137589221013,32,20,19,8,,79,0
Tip-Adapter-F+SAM,raw,500,2,100,patient,0.9375,0.95,0.75,0.75,0.75,0.75,0.75,0.75,0.75,0.5,3,1,3,1,,8,0
Tip-Adapter-F+SAM,raw,1000,2,100,slice,0.8112179487179487,0.8661352705754213,0.6455696202531646,0.6435897435897436,0.6956521739130435,0.8,0.48717948717948717,0.6153846153846154,0.7037037037037037,0.3027137589221013,32,20,19,8,,79,0
Tip-Adapter-F+SAM,raw,1000,2,100,patient,0.9375,0.95,0.75,0.75,0.75,0.75,0.75,0.75,0.75,0.5,3,1,3,1,,8,0
Tip-Adapter-F+SAM,raw,500,2,2024,slice,0.8115384615384615,0.8659204356590939,0.6455696202531646,0.6435897435897436,0.6956521739130435,0.8,0.48717948717948717,0.6153846153846154,0.7037037037037037,0.3027137589221013,32,20,19,8,,79,0
Tip-Adapter-F+SAM,raw,500,2,2024,patient,0.9375,0.95,0.75,0.75,0.75,0.75,0.75,0.75,0.75,0.5,3,1,3,1,,8,0
Tip-Adapter-F+SAM,raw,1000,2,2024,slice,0.8112179487179487,0.8661352705754213,0.6455696202531646,0.6435897435897436,0.6956521739130435,0.8,0.48717948717948717,0.6153846153846154,0.7037037037037037,0.3027137589221013,32,20,19,8,,79,0
Tip-Adapter-F+SAM,raw,1000,2,2024,patient,0.9375,0.95,0.75,0.75,0.75,0.75,0.75,0.75,0.75,0.5,3,1,3,1,,8,0
Tip-Adapter-F+SAM,raw,500,2,777,slice,0.8115384615384615,0.8659204356590939,0.6455696202531646,0.6435897435897436,0.6956521739130435,0.8,0.48717948717948717,0.6153846153846154,0.7037037037037037,0.3027137589221013,32,20,19,8,,79,0
Tip-Adapter-F+SAM,raw,500,2,777,patient,0.9375,0.95,0.75,0.75,0.75,0.75,0.75,0.75,0.75,0.5,3,1,3,1,,8,0
Tip-Adapter-F+SAM,raw,1000,2,777,slice,0.8112179487179487,0.8661352705754213,0.6455696202531646,0.6435897435897436,0.6956521739130435,0.8,0.48717948717948717,0.6153846153846154,0.7037037037037037,0.3027137589221013,32,20,19,8,,79,0
Tip-Adapter-F+SAM,raw,1000,2,777,patient,0.9375,0.95,0.75,0.75,0.75,0.75,0.75,0.75,0.75,0.5,3,1,3,1,,8,0
Tip-Adapter-F+SAM,raw,500,2,999,slice,0.8115384615384615,0.8659204356590939,0.6455696202531646,0.6435897435897436,0.6956521739130435,0.8,0.48717948717948717,0.6153846153846154,0.7037037037037037,0.3027137589221013,32,20,19,8,,79,0
Tip-Adapter-F+SAM,raw,500,2,999,patient,0.9375,0.95,0.75,0.75,0.75,0.75,0.75,0.75,0.75,0.5,3,1,3,1,,8,0
Tip-Adapter-F+SAM,raw,1000,2,999,slice,0.8112179487179487,0.8661352705754213,0.6455696202531646,0.6435897435897436,0.6956521739130435,0.8,0.48717948717948717,0.6153846153846154,0.7037037037037037,0.3027137589221013,32,20,19,8,,79,0
Tip-Adapter-F+SAM,raw,1000,2,999,patient,0.9375,0.95,0.75,0.75,0.75,0.75,0.75,0.75,0.75,0.5,3,1,3,1,,8,0
CLIP-Adapter,raw,500,2,42,slice,0.8108974358974359,0.8453536409808416,0.620253164556962,0.6182692307692308,0.6739130434782609,0.775,0.46153846153846156,0.5961538461538461,0.6666666666666666,0.24933343089789148,31,21,18,9,,79,0
CLIP-Adapter,raw,500,2,42,patient,0.9375,0.95,0.75,0.75,0.75,0.75,0.75,0.75,0.75,0.5,3,1,3,1,,8,0
CLIP-Adapter,raw,1000,2,42,slice,0.8134615384615385,0.8464755304874751,0.5063291139240507,0.5,0.6722689075630253,1.0,0.0,0.5063291139240507,,0.0,40,39,0,0,,79,1
CLIP-Adapter,raw,1000,2,42,patient,0.9375,0.95,0.875,0.875,0.8571428571428571,0.75,1.0,1.0,0.8,0.7745966692414834,3,0,4,1,,8,0
CLIP-Adapter,raw,500,2,100,slice,0.8108974358974359,0.8453536409808416,0.620253164556962,0.6182692307692308,0.6739130434782609,0.775,0.46153846153846156,0.5961538461538461,0.6666666666666666,0.24933343089789148,31,21,18,9,,79,0
CLIP-Adapter,raw,500,2,100,patient,0.9375,0.95,0.875,0.875,0.8571428571428571,0.75,1.0,1.0,0.8,0.7745966692414834,3,0,4,1,,8,0
CLIP-Adapter,raw,1000,2,100,slice,0.8006410256410257,0.8004886533824781,0.7721518987341772,0.7733974358974359,0.75,0.675,0.8717948717948718,0.84375,0.723404255319149,0.5568815298832868,27,5,34,13,,79,0
CLIP-Adapter,raw,1000,2,100,patient,1.0,1.0,0.75,0.75,0.8,1.0,0.5,0.6666666666666666,1.0,0.5773502691896258,4,2,2,0,,8,0
CLIP-Adapter,raw,500,2,2024,slice,0.8102564102564103,0.845139637468989,0.620253164556962,0.6182692307692308,0.6739130434782609,0.775,0.46153846153846156,0.5961538461538461,0.6666666666666666,0.24933343089789148,31,21,18,9,,79,0
CLIP-Adapter,raw,500,2,2024,patient,0.9375,0.95,0.875,0.875,0.8571428571428571,0.75,1.0,1.0,0.8,0.7745966692414834,3,0,4,1,,8,0
CLIP-Adapter,raw,1000,2,2024,slice,0.8121794871794872,0.8458195019510315,0.5063291139240507,0.5,0.6722689075630253,1.0,0.0,0.5063291139240507,,0.0,40,39,0,0,,79,1
CLIP-Adapter,raw,1000,2,2024,patient,0.9375,0.95,0.625,0.625,0.7272727272727273,1.0,0.25,0.5714285714285714,1.0,0.3779644730092272,4,3,1,0,,8,0
CLIP-Adapter,raw,500,2,777,slice,0.8102564102564103,0.845139637468989,0.620253164556962,0.6182692307692308,0.6739130434782609,0.775,0.46153846153846156,0.5961538461538461,0.6666666666666666,0.24933343089789148,31,21,18,9,,79,0
CLIP-Adapter,raw,500,2,777,patient,0.9375,0.95,0.75,0.75,0.75,0.75,0.75,0.75,0.75,0.5,3,1,3,1,,8,0
CLIP-Adapter,raw,1000,2,777,slice,0.7987179487179488,0.7790747189562486,0.7215189873417721,0.7217948717948718,0.717948717948718,0.7,0.7435897435897436,0.7368421052631579,0.7073170731707317,0.4438743696976885,28,10,29,12,,79,0
CLIP-Adapter,raw,1000,2,777,patient,1.0,1.0,0.625,0.625,0.7272727272727273,1.0,0.25,0.5714285714285714,1.0,0.3779644730092272,4,3,1,0,,8,0
CLIP-Adapter,raw,500,2,999,slice,0.8102564102564103,0.845139637468989,0.620253164556962,0.6182692307692308,0.6739130434782609,0.775,0.46153846153846156,0.5961538461538461,0.6666666666666666,0.24933343089789148,31,21,18,9,,79,0
CLIP-Adapter,raw,500,2,999,patient,0.9375,0.95,0.875,0.875,0.8571428571428571,0.75,1.0,1.0,0.8,0.7745966692414834,3,0,4,1,,8,0
CLIP-Adapter,raw,1000,2,999,slice,0.8121794871794872,0.8458195019510315,0.5063291139240507,0.5,0.6722689075630253,1.0,0.0,0.5063291139240507,,0.0,40,39,0,0,,79,1
CLIP-Adapter,raw,1000,2,999,patient,0.9375,0.95,0.75,0.75,0.8,1.0,0.5,0.6666666666666666,1.0,0.5773502691896258,4,2,2,0,,8,0
CoOp,raw,500,2,42,slice,0.8166666666666667,0.8466803761315618,0.620253164556962,0.6182692307692308,0.6739130434782609,0.775,0.46153846153846156,0.5961538461538461,0.6666666666666666,0.24933343089789148,31,21,18,9,,79,0
CoOp,raw,500,2,42,patient,1.0,1.0,0.75,0.75,0.8,1.0,0.5,0.6666666666666666,1.0,0.5773502691896258,4,2,2,0,,8,0
CoOp,raw,1000,2,42,slice,0.8147435897435897,0.8442500366464936,0.6329113924050633,0.6310897435897436,0.6813186813186813,0.775,0.48717948717948717,0.6078431372549019,0.6785714285714286,0.27402923929588757,31,20,19,9,,79,0
CoOp,raw,1000,2,42,patient,1.0,1.0,0.875,0.875,0.8888888888888888,1.0,0.75,0.8,1.0,0.7745966692414834,4,1,3,0,,8,0
CoOp,raw,500,2,100,slice,0.8269230769230769,0.8581877241265371,0.6708860759493671,0.667948717948718,0.7346938775510204,0.9,0.4358974358974359,0.6206896551724138,0.8095238095238095,0.3801415521618407,36,22,17,4,,79,0
CoOp,raw,500,2,100,patient,0.875,0.9166666666666666,0.625,0.625,0.7272727272727273,1.0,0.25,0.5714285714285714,1.0,0.3779644730092272,4,3,1,0,,8,0
CoOp,raw,1000,2,100,slice,0.8102564102564103,0.8549508004528572,0.620253164556962,0.6182692307692308,0.6739130434782609,0.775,0.46153846153846156,0.5961538461538461,0.6666666666666666,0.24933343089789148,31,21,18,9,,79,0
CoOp,raw,1000,2,100,patient,0.9375,0.95,0.875,0.875,0.8571428571428571,0.75,1.0,1.0,0.8,0.7745966692414834,3,0,4,1,,8,0
CoOp,raw,500,2,2024,slice,0.8070512820512821,0.8454366036597791,0.620253164556962,0.6182692307692308,0.6739130434782609,0.775,0.46153846153846156,0.5961538461538461,0.6666666666666666,0.24933343089789148,31,21,18,9,,79,0
CoOp,raw,500,2,2024,patient,0.9375,0.95,0.875,0.875,0.8571428571428571,0.75,1.0,1.0,0.8,0.7745966692414834,3,0,4,1,,8,0
CoOp,raw,1000,2,2024,slice,0.8076923076923077,0.845691932102195,0.620253164556962,0.6182692307692308,0.6739130434782609,0.775,0.46153846153846156,0.5961538461538461,0.6666666666666666,0.24933343089789148,31,21,18,9,,79,0
CoOp,raw,1000,2,2024,patient,0.9375,0.95,0.75,0.75,0.75,0.75,0.75,0.75,0.75,0.5,3,1,3,1,,8,0
CoOp,raw,500,2,777,slice,0.8051282051282052,0.8435901248933024,0.620253164556962,0.6182692307692308,0.6739130434782609,0.775,0.46153846153846156,0.5961538461538461,0.6666666666666666,0.24933343089789148,31,21,18,9,,79,0
CoOp,raw,500,2,777,patient,0.9375,0.95,0.875,0.875,0.8571428571428571,0.75,1.0,1.0,0.8,0.7745966692414834,3,0,4,1,,8,0
CoOp,raw,1000,2,777,slice,0.8057692307692308,0.8422800340732628,0.620253164556962,0.6182692307692308,0.6739130434782609,0.775,0.46153846153846156,0.5961538461538461,0.6666666666666666,0.24933343089789148,31,21,18,9,,79,0
CoOp,raw,1000,2,777,patient,0.9375,0.95,0.75,0.75,0.75,0.75,0.75,0.75,0.75,0.5,3,1,3,1,,8,0
CoOp,raw,500,2,999,slice,0.8076923076923077,0.8435088994111769,0.620253164556962,0.6182692307692308,0.6739130434782609,0.775,0.46153846153846156,0.5961538461538461,0.6666666666666666,0.24933343089789148,31,21,18,9,,79,0
CoOp,raw,500,2,999,patient,0.9375,0.95,0.75,0.75,0.75,0.75,0.75,0.75,0.75,0.5,3,1,3,1,,8,0
CoOp,raw,1000,2,999,slice,0.8032051282051282,0.8516922138010663,0.620253164556962,0.6182692307692308,0.6739130434782609,0.775,0.46153846153846156,0.5961538461538461,0.6666666666666666,0.24933343089789148,31,21,18,9,,79,0
CoOp,raw,1000,2,999,patient,0.9375,0.95,0.75,0.75,0.75,0.75,0.75,0.75,0.75,0.5,3,1,3,1,,8,0
Proto-Adapter,raw,500,2,42,slice,0.8147435897435897,0.8572915528913395,0.620253164556962,0.6182692307692308,0.6739130434782609,0.775,0.46153846153846156,0.5961538461538461,0.6666666666666666,0.24933343089789148,31,21,18,9,,79,0
Proto-Adapter,raw,500,2,42,patient,0.9375,0.95,0.75,0.75,0.75,0.75,0.75,0.75,0.75,0.5,3,1,3,1,,8,0
Nearest Centroid,raw,1000,2,0,slice,0.8115384615384615,0.8532895908397023,0.620253164556962,0.6182692307692308,0.6739130434782609,0.775,0.46153846153846156,0.5961538461538461,0.6666666666666666,0.24933343089789148,31,21,18,9,,79,0
Nearest Centroid,raw,1000,2,0,patient,0.9375,0.95,0.75,0.75,0.75,0.75,0.75,0.75,0.75,0.5,3,1,3,1,,8,0
Nearest Centroid,raw,500,2,0,slice,0.8137820512820513,0.8570775493794869,0.620253164556962,0.6182692307692308,0.6739130434782609,0.775,0.46153846153846156,0.5961538461538461,0.6666666666666666,0.24933343089789148,31,21,18,9,,79,0
Nearest Centroid,raw,500,2,0,patient,0.9375,0.95,0.75,0.75,0.75,0.75,0.75,0.75,0.75,0.5,3,1,3,1,,8,0
Proto-Adapter,raw,1000,2,42,slice,0.8121794871794872,0.8536480552245311,0.620253164556962,0.6182692307692308,0.6739130434782609,0.775,0.46153846153846156,0.5961538461538461,0.6666666666666666,0.24933343089789148,31,21,18,9,,79,0
Proto-Adapter,raw,1000,2,42,patient,0.9375,0.95,0.75,0.75,0.75,0.75,0.75,0.75,0.75,0.5,3,1,3,1,,8,0
Proto-Adapter,raw,500,2,100,slice,0.8147435897435897,0.8572915528913395,0.620253164556962,0.6182692307692308,0.6739130434782609,0.775,0.46153846153846156,0.5961538461538461,0.6666666666666666,0.24933343089789148,31,21,18,9,,79,0
Proto-Adapter,raw,500,2,100,patient,0.9375,0.95,0.75,0.75,0.75,0.75,0.75,0.75,0.75,0.5,3,1,3,1,,8,0
Proto-Adapter,raw,1000,2,100,slice,0.8121794871794872,0.8536480552245311,0.620253164556962,0.6182692307692308,0.6739130434782609,0.775,0.46153846153846156,0.5961538461538461,0.6666666666666666,0.24933343089789148,31,21,18,9,,79,0
Proto-Adapter,raw,1000,2,100,patient,0.9375,0.95,0.75,0.75,0.75,0.75,0.75,0.75,0.75,0.5,3,1,3,1,,8,0
Proto-Adapter,raw,500,2,2024,slice,0.8147435897435897,0.8572915528913395,0.620253164556962,0.6182692307692308,0.6739130434782609,0.775,0.46153846153846156,0.5961538461538461,0.6666666666666666,0.24933343089789148,31,21,18,9,,79,0
Proto-Adapter,raw,500,2,2024,patient,0.9375,0.95,0.75,0.75,0.75,0.75,0.75,0.75,0.75,0.5,3,1,3,1,,8,0
Proto-Adapter,raw,1000,2,2024,slice,0.8121794871794872,0.8536480552245311,0.620253164556962,0.6182692307692308,0.6739130434782609,0.775,0.46153846153846156,0.5961538461538461,0.6666666666666666,0.24933343089789148,31,21,18,9,,79,0
Proto-Adapter,raw,1000,2,2024,patient,0.9375,0.95,0.75,0.75,0.75,0.75,0.75,0.75,0.75,0.5,3,1,3,1,,8,0
Proto-Adapter,raw,500,2,777,slice,0.8147435897435897,0.8572915528913395,0.620253164556962,0.6182692307692308,0.6739130434782609,0.775,0.46153846153846156,0.5961538461538461,0.6666666666666666,0.24933343089789148,31,21,18,9,,79,0
Proto-Adapter,raw,500,2,777,patient,0.9375,0.95,0.75,0.75,0.75,0.75,0.75,0.75,0.75,0.5,3,1,3,1,,8,0
Proto-Adapter,raw,1000,2,777,slice,0.8121794871794872,0.8536480552245311,0.620253164556962,0.6182692307692308,0.6739130434782609,0.775,0.46153846153846156,0.5961538461538461,0.6666666666666666,0.24933343089789148,31,21,18,9,,79,0
Proto-Adapter,raw,1000,2,777,patient,0.9375,0.95,0.75,0.75,0.75,0.75,0.75,0.75,0.75,0.5,3,1,3,1,,8,0
Proto-Adapter,raw,500,2,999,slice,0.8147435897435897,0.8572915528913395,0.620253164556962,0.6182692307692308,0.6739130434782609,0.775,0.46153846153846156,0.5961538461538461,0.6666666666666666,0.24933343089789148,31,21,18,9,,79,0
Proto-Adapter,raw,500,2,999,patient,0.9375,0.95,0.75,0.75,0.75,0.75,0.75,0.75,0.75,0.5,3,1,3,1,,8,0
Proto-Adapter,raw,1000,2,999,slice,0.8121794871794872,0.8536480552245311,0.620253164556962,0.6182692307692308,0.6739130434782609,0.775,0.46153846153846156,0.5961538461538461,0.6666666666666666,0.24933343089789148,31,21,18,9,,79,0
Proto-Adapter,raw,1000,2,999,patient,0.9375,0.95,0.75,0.75,0.75,0.75,0.75,0.75,0.75,0.5,3,1,3,1,,8,0
TaskRes,raw,500,2,42,slice,0.808974358974359,0.8417591693797272,0.620253164556962,0.6182692307692308,0.6739130434782609,0.775,0.46153846153846156,0.5961538461538461,0.6666666666666666,0.24933343089789148,31,21,18,9,,79,0
TaskRes,raw,500,2,42,patient,0.9375,0.95,0.875,0.875,0.8571428571428571,0.75,1.0,1.0,0.8,0.7745966692414834,3,0,4,1,,8,0
TaskRes,raw,1000,2,42,slice,0.808974358974359,0.8417591693797272,0.620253164556962,0.6182692307692308,0.6739130434782609,0.775,0.46153846153846156,0.5961538461538461,0.6666666666666666,0.24933343089789148,31,21,18,9,,79,0
TaskRes,raw,1000,2,42,patient,0.9375,0.95,0.875,0.875,0.8571428571428571,0.75,1.0,1.0,0.8,0.7745966692414834,3,0,4,1,,8,0
TaskRes,raw,1000,2,100,slice,0.808974358974359,0.8417591693797272,0.620253164556962,0.6182692307692308,0.6739130434782609,0.775,0.46153846153846156,0.5961538461538461,0.6666666666666666,0.24933343089789148,31,21,18,9,,79,0
TaskRes,raw,1000,2,100,patient,0.9375,0.95,0.875,0.875,0.8571428571428571,0.75,1.0,1.0,0.8,0.7745966692414834,3,0,4,1,,8,0
TaskRes,raw,500,2,100,slice,0.808974358974359,0.8417591693797272,0.620253164556962,0.6182692307692308,0.6739130434782609,0.775,0.46153846153846156,0.5961538461538461,0.6666666666666666,0.24933343089789148,31,21,18,9,,79,0
TaskRes,raw,500,2,100,patient,0.9375,0.95,0.875,0.875,0.8571428571428571,0.75,1.0,1.0,0.8,0.7745966692414834,3,0,4,1,,8,0
TaskRes,raw,500,2,2024,slice,0.808974358974359,0.8417591693797272,0.620253164556962,0.6182692307692308,0.6739130434782609,0.775,0.46153846153846156,0.5961538461538461,0.6666666666666666,0.24933343089789148,31,21,18,9,,79,0
TaskRes,raw,500,2,2024,patient,0.9375,0.95,0.875,0.875,0.8571428571428571,0.75,1.0,1.0,0.8,0.7745966692414834,3,0,4,1,,8,0
TaskRes,raw,1000,2,2024,slice,0.808974358974359,0.8417591693797272,0.620253164556962,0.6182692307692308,0.6739130434782609,0.775,0.46153846153846156,0.5961538461538461,0.6666666666666666,0.24933343089789148,31,21,18,9,,79,0
TaskRes,raw,1000,2,2024,patient,0.9375,0.95,0.875,0.875,0.8571428571428571,0.75,1.0,1.0,0.8,0.7745966692414834,3,0,4,1,,8,0
TaskRes,raw,1000,2,777,slice,0.808974358974359,0.8417591693797272,0.620253164556962,0.6182692307692308,0.6739130434782609,0.775,0.46153846153846156,0.5961538461538461,0.6666666666666666,0.24933343089789148,31,21,18,9,,79,0
TaskRes,raw,1000,2,777,patient,0.9375,0.95,0.875,0.875,0.8571428571428571,0.75,1.0,1.0,0.8,0.7745966692414834,3,0,4,1,,8,0
TaskRes,raw,500,2,777,slice,0.808974358974359,0.8417591693797272,0.620253164556962,0.6182692307692308,0.6739130434782609,0.775,0.46153846153846156,0.5961538461538461,0.6666666666666666,0.24933343089789148,31,21,18,9,,79,0
TaskRes,raw,500,2,777,patient,0.9375,0.95,0.875,0.875,0.8571428571428571,0.75,1.0,1.0,0.8,0.7745966692414834,3,0,4,1,,8,0
TaskRes,raw,500,2,999,slice,0.808974358974359,0.8417591693797272,0.620253164556962,0.6182692307692308,0.6739130434782609,0.775,0.46153846153846156,0.5961538461538461,0.6666666666666666,0.24933343089789148,31,21,18,9,,79,0
TaskRes,raw,500,2,999,patient,0.9375,0.95,0.875,0.875,0.8571428571428571,0.75,1.0,1.0,0.8,0.7745966692414834,3,0,4,1,,8,0
TaskRes,raw,1000,2,999,slice,0.808974358974359,0.8417591693797272,0.620253164556962,0.6182692307692308,0.6739130434782609,0.775,0.46153846153846156,0.5961538461538461,0.6666666666666666,0.24933343089789148,31,21,18,9,,79,0
TaskRes,raw,1000,2,999,patient,0.9375,0.95,0.875,0.875,0.8571428571428571,0.75,1.0,1.0,0.8,0.7745966692414834,3,0,4,1,,8,0
TaskRes+SAM,raw,500,2,42,slice,0.808974358974359,0.8417591693797272,0.620253164556962,0.6182692307692308,0.6739130434782609,0.775,0.46153846153846156,0.5961538461538461,0.6666666666666666,0.24933343089789148,31,21,18,9,,79,0
TaskRes+SAM,raw,500,2,42,patient,0.9375,0.95,0.875,0.875,0.8571428571428571,0.75,1.0,1.0,0.8,0.7745966692414834,3,0,4,1,,8,0
TaskRes+SAM,raw,1000,2,42,slice,0.808974358974359,0.8417591693797272,0.620253164556962,0.6182692307692308,0.6739130434782609,0.775,0.46153846153846156,0.5961538461538461,0.6666666666666666,0.24933343089789148,31,21,18,9,,79,0
TaskRes+SAM,raw,1000,2,42,patient,0.9375,0.95,0.875,0.875,0.8571428571428571,0.75,1.0,1.0,0.8,0.7745966692414834,3,0,4,1,,8,0
TaskRes+SAM,raw,500,2,100,slice,0.808974358974359,0.8417591693797272,0.620253164556962,0.6182692307692308,0.6739130434782609,0.775,0.46153846153846156,0.5961538461538461,0.6666666666666666,0.24933343089789148,31,21,18,9,,79,0
TaskRes+SAM,raw,500,2,100,patient,0.9375,0.95,0.875,0.875,0.8571428571428571,0.75,1.0,1.0,0.8,0.7745966692414834,3,0,4,1,,8,0
TaskRes+SAM,raw,1000,2,100,slice,0.808974358974359,0.8417591693797272,0.620253164556962,0.6182692307692308,0.6739130434782609,0.775,0.46153846153846156,0.5961538461538461,0.6666666666666666,0.24933343089789148,31,21,18,9,,79,0
TaskRes+SAM,raw,1000,2,100,patient,0.9375,0.95,0.875,0.875,0.8571428571428571,0.75,1.0,1.0,0.8,0.7745966692414834,3,0,4,1,,8,0
TaskRes+SAM,raw,500,2,2024,slice,0.808974358974359,0.8417591693797272,0.620253164556962,0.6182692307692308,0.6739130434782609,0.775,0.46153846153846156,0.5961538461538461,0.6666666666666666,0.24933343089789148,31,21,18,9,,79,0
TaskRes+SAM,raw,500,2,2024,patient,0.9375,0.95,0.875,0.875,0.8571428571428571,0.75,1.0,1.0,0.8,0.7745966692414834,3,0,4,1,,8,0
TaskRes+SAM,raw,1000,2,2024,slice,0.808974358974359,0.8417591693797272,0.620253164556962,0.6182692307692308,0.6739130434782609,0.775,0.46153846153846156,0.5961538461538461,0.6666666666666666,0.24933343089789148,31,21,18,9,,79,0
TaskRes+SAM,raw,1000,2,2024,patient,0.9375,0.95,0.875,0.875,0.8571428571428571,0.75,1.0,1.0,0.8,0.7745966692414834,3,0,4,1,,8,0
TaskRes+SAM,raw,500,2,777,slice,0.808974358974359,0.8417591693797272,0.620253164556962,0.6182692307692308,0.6739130434782609,0.775,0.46153846153846156,0.5961538461538461,0.6666666666666666,0.24933343089789148,31,21,18,9,,79,0
TaskRes+SAM,raw,500,2,777,patient,0.9375,0.95,0.875,0.875,0.8571428571428571,0.75,1.0,1.0,0.8,0.7745966692414834,3,0,4,1,,8,0
TaskRes+SAM,raw,1000,2,777,slice,0.808974358974359,0.8417591693797272,0.620253164556962,0.6182692307692308,0.6739130434782609,0.775,0.46153846153846156,0.5961538461538461,0.6666666666666666,0.24933343089789148,31,21,18,9,,79,0
TaskRes+SAM,raw,1000,2,777,patient,0.9375,0.95,0.875,0.875,0.8571428571428571,0.75,1.0,1.0,0.8,0.7745966692414834,3,0,4,1,,8,0
TaskRes+SAM,raw,500,2,999,slice,0.808974358974359,0.8417591693797272,0.620253164556962,0.6182692307692308,0.6739130434782609,0.775,0.46153846153846156,0.5961538461538461,0.6666666666666666,0.24933343089789148,31,21,18,9,,79,0
TaskRes+SAM,raw,500,2,999,patient,0.9375,0.95,0.875,0.875,0.8571428571428571,0.75,1.0,1.0,0.8,0.7745966692414834,3,0,4,1,,8,0
TaskRes+SAM,raw,1000,2,999,slice,0.808974358974359,0.8417591693797272,0.620253164556962,0.6182692307692308,0.6739130434782609,0.775,0.46153846153846156,0.5961538461538461,0.6666666666666666,0.24933343089789148,31,21,18,9,,79,0
TaskRes+SAM,raw,1000,2,999,patient,0.9375,0.95,0.875,0.875,0.8571428571428571,0.75,1.0,1.0,0.8,0.7745966692414834,3,0,4,1,,8,0
Tip-Adapter,clahe,500,3,0,slice,0.790625,0.7391641594261087,0.7375,0.7375,0.7529411764705882,0.8,0.675,0.7111111111111111,0.7714285714285715,0.4787549991450211,32,13,27,8,,80,0
Tip-Adapter,clahe,500,3,0,patient,0.875,0.8875,0.75,0.75,0.8,1.0,0.5,0.6666666666666666,1.0,0.5773502691896258,4,2,2,0,,8,0
Tip-Adapter,clahe,1000,3,0,slice,0.790625,0.7391641594261087,0.7375,0.7375,0.7529411764705882,0.8,0.675,0.7111111111111111,0.7714285714285715,0.4787549991450211,32,13,27,8,,80,0
Tip-Adapter,clahe,1000,3,0,patient,0.875,0.8875,0.75,0.75,0.8,1.0,0.5,0.6666666666666666,1.0,0.5773502691896258,4,2,2,0,,8,0
Zero-Shot,clahe,500,3,0,slice,0.79,0.7445107037748867,0.7625,0.7625,0.7710843373493976,0.8,0.725,0.7441860465116279,0.7837837837837838,0.5264828210920952,32,11,29,8,,80,0
Zero-Shot,clahe,500,3,0,patient,0.875,0.8875,0.75,0.75,0.8,1.0,0.5,0.6666666666666666,1.0,0.5773502691896258,4,2,2,0,,8,0
Zero-Shot,clahe,1000,3,0,slice,0.79,0.7445107037748867,0.7625,0.7625,0.7710843373493976,0.8,0.725,0.7441860465116279,0.7837837837837838,0.5264828210920952,32,11,29,8,,80,0
Zero-Shot,clahe,1000,3,0,patient,0.875,0.8875,0.75,0.75,0.8,1.0,0.5,0.6666666666666666,1.0,0.5773502691896258,4,2,2,0,,8,0
Tip-Adapter-F,clahe,500,3,42,slice,0.7903125,0.7442902153081296,0.7625,0.7625,0.7710843373493976,0.8,0.725,0.7441860465116279,0.7837837837837838,0.5264828210920952,32,11,29,8,,80,0
Tip-Adapter-F,clahe,500,3,42,patient,0.875,0.8875,0.75,0.75,0.8,1.0,0.5,0.6666666666666666,1.0,0.5773502691896258,4,2,2,0,,8,0
Tip-Adapter-F,clahe,1000,3,42,slice,0.79,0.7445107037748867,0.7625,0.7625,0.7710843373493976,0.8,0.725,0.7441860465116279,0.7837837837837838,0.5264828210920952,32,11,29,8,,80,0
Tip-Adapter-F,clahe,1000,3,42,patient,0.875,0.8875,0.75,0.75,0.8,1.0,0.5,0.6666666666666666,1.0,0.5773502691896258,4,2,2,0,,8,0
Tip-Adapter-F,clahe,500,3,100,slice,0.7903125,0.7442902153081296,0.7625,0.7625,0.7710843373493976,0.8,0.725,0.7441860465116279,0.7837837837837838,0.5264828210920952,32,11,29,8,,80,0
Tip-Adapter-F,clahe,500,3,100,patient,0.875,0.8875,0.75,0.75,0.8,1.0,0.5,0.6666666666666666,1.0,0.5773502691896258,4,2,2,0,,8,0
Tip-Adapter-F,clahe,1000,3,100,slice,0.79,0.7445107037748867,0.7625,0.7625,0.7710843373493976,0.8,0.725,0.7441860465116279,0.7837837837837838,0.5264828210920952,32,11,29,8,,80,0
Tip-Adapter-F,clahe,1000,3,100,patient,0.875,0.8875,0.75,0.75,0.8,1.0,0.5,0.6666666666666666,1.0,0.5773502691896258,4,2,2,0,,8,0
Tip-Adapter-F,clahe,500,3,2024,slice,0.7903125,0.7442902153081296,0.7625,0.7625,0.7710843373493976,0.8,0.725,0.7441860465116279,0.7837837837837838,0.5264828210920952,32,11,29,8,,80,0
Tip-Adapter-F,clahe,500,3,2024,patient,0.875,0.8875,0.75,0.75,0.8,1.0,0.5,0.6666666666666666,1.0,0.5773502691896258,4,2,2,0,,8,0
Tip-Adapter-F,clahe,1000,3,2024,slice,0.79,0.7445107037748867,0.7625,0.7625,0.7710843373493976,0.8,0.725,0.7441860465116279,0.7837837837837838,0.5264828210920952,32,11,29,8,,80,0
Tip-Adapter-F,clahe,1000,3,2024,patient,0.875,0.8875,0.75,0.75,0.8,1.0,0.5,0.6666666666666666,1.0,0.5773502691896258,4,2,2,0,,8,0
Tip-Adapter-F,clahe,500,3,777,slice,0.7903125,0.7442902153081296,0.7625,0.7625,0.7710843373493976,0.8,0.725,0.7441860465116279,0.7837837837837838,0.5264828210920952,32,11,29,8,,80,0
Tip-Adapter-F,clahe,500,3,777,patient,0.875,0.8875,0.75,0.75,0.8,1.0,0.5,0.6666666666666666,1.0,0.5773502691896258,4,2,2,0,,8,0
Tip-Adapter-F,clahe,1000,3,777,slice,0.79,0.7445107037748867,0.7625,0.7625,0.7710843373493976,0.8,0.725,0.7441860465116279,0.7837837837837838,0.5264828210920952,32,11,29,8,,80,0
Tip-Adapter-F,clahe,1000,3,777,patient,0.875,0.8875,0.75,0.75,0.8,1.0,0.5,0.6666666666666666,1.0,0.5773502691896258,4,2,2,0,,8,0
Tip-Adapter-F,clahe,500,3,999,slice,0.7903125,0.7442902153081296,0.7625,0.7625,0.7710843373493976,0.8,0.725,0.7441860465116279,0.7837837837837838,0.5264828210920952,32,11,29,8,,80,0
Tip-Adapter-F,clahe,500,3,999,patient,0.875,0.8875,0.75,0.75,0.8,1.0,0.5,0.6666666666666666,1.0,0.5773502691896258,4,2,2,0,,8,0
Tip-Adapter-F,clahe,1000,3,999,slice,0.79,0.7445107037748867,0.7625,0.7625,0.7710843373493976,0.8,0.725,0.7441860465116279,0.7837837837837838,0.5264828210920952,32,11,29,8,,80,0
Tip-Adapter-F,clahe,1000,3,999,patient,0.875,0.8875,0.75,0.75,0.8,1.0,0.5,0.6666666666666666,1.0,0.5773502691896258,4,2,2,0,,8,0
Tip-Adapter-F+SAM,clahe,500,3,42,slice,0.7896875,0.7442902153081296,0.7625,0.7625,0.7710843373493976,0.8,0.725,0.7441860465116279,0.7837837837837838,0.5264828210920952,32,11,29,8,,80,0
Tip-Adapter-F+SAM,clahe,500,3,42,patient,0.875,0.8875,0.75,0.75,0.8,1.0,0.5,0.6666666666666666,1.0,0.5773502691896258,4,2,2,0,,8,0
Tip-Adapter-F+SAM,clahe,1000,3,42,slice,0.7896875,0.7442902153081296,0.7625,0.7625,0.7710843373493976,0.8,0.725,0.7441860465116279,0.7837837837837838,0.5264828210920952,32,11,29,8,,80,0
Tip-Adapter-F+SAM,clahe,1000,3,42,patient,0.875,0.8875,0.75,0.75,0.8,1.0,0.5,0.6666666666666666,1.0,0.5773502691896258,4,2,2,0,,8,0
Tip-Adapter-F+SAM,clahe,500,3,100,slice,0.7896875,0.7442902153081296,0.7625,0.7625,0.7710843373493976,0.8,0.725,0.7441860465116279,0.7837837837837838,0.5264828210920952,32,11,29,8,,80,0
Tip-Adapter-F+SAM,clahe,500,3,100,patient,0.875,0.8875,0.75,0.75,0.8,1.0,0.5,0.6666666666666666,1.0,0.5773502691896258,4,2,2,0,,8,0
Tip-Adapter-F+SAM,clahe,1000,3,100,slice,0.7896875,0.7442902153081296,0.7625,0.7625,0.7710843373493976,0.8,0.725,0.7441860465116279,0.7837837837837838,0.5264828210920952,32,11,29,8,,80,0
Tip-Adapter-F+SAM,clahe,1000,3,100,patient,0.875,0.8875,0.75,0.75,0.8,1.0,0.5,0.6666666666666666,1.0,0.5773502691896258,4,2,2,0,,8,0
Tip-Adapter-F+SAM,clahe,500,3,2024,slice,0.7896875,0.7442902153081296,0.7625,0.7625,0.7710843373493976,0.8,0.725,0.7441860465116279,0.7837837837837838,0.5264828210920952,32,11,29,8,,80,0
Tip-Adapter-F+SAM,clahe,500,3,2024,patient,0.875,0.8875,0.75,0.75,0.8,1.0,0.5,0.6666666666666666,1.0,0.5773502691896258,4,2,2,0,,8,0
Tip-Adapter-F+SAM,clahe,1000,3,2024,slice,0.7896875,0.7442902153081296,0.7625,0.7625,0.7710843373493976,0.8,0.725,0.7441860465116279,0.7837837837837838,0.5264828210920952,32,11,29,8,,80,0
Tip-Adapter-F+SAM,clahe,1000,3,2024,patient,0.875,0.8875,0.75,0.75,0.8,1.0,0.5,0.6666666666666666,1.0,0.5773502691896258,4,2,2,0,,8,0
Tip-Adapter-F+SAM,clahe,500,3,777,slice,0.7896875,0.7442902153081296,0.7625,0.7625,0.7710843373493976,0.8,0.725,0.7441860465116279,0.7837837837837838,0.5264828210920952,32,11,29,8,,80,0
Tip-Adapter-F+SAM,clahe,500,3,777,patient,0.875,0.8875,0.75,0.75,0.8,1.0,0.5,0.6666666666666666,1.0,0.5773502691896258,4,2,2,0,,8,0
Tip-Adapter-F+SAM,clahe,1000,3,777,slice,0.7896875,0.7442902153081296,0.7625,0.7625,0.7710843373493976,0.8,0.725,0.7441860465116279,0.7837837837837838,0.5264828210920952,32,11,29,8,,80,0
Tip-Adapter-F+SAM,clahe,1000,3,777,patient,0.875,0.8875,0.75,0.75,0.8,1.0,0.5,0.6666666666666666,1.0,0.5773502691896258,4,2,2,0,,8,0
Tip-Adapter-F+SAM,clahe,500,3,999,slice,0.7896875,0.7442902153081296,0.7625,0.7625,0.7710843373493976,0.8,0.725,0.7441860465116279,0.7837837837837838,0.5264828210920952,32,11,29,8,,80,0
Tip-Adapter-F+SAM,clahe,500,3,999,patient,0.875,0.8875,0.75,0.75,0.8,1.0,0.5,0.6666666666666666,1.0,0.5773502691896258,4,2,2,0,,8,0
Tip-Adapter-F+SAM,clahe,1000,3,999,slice,0.7896875,0.7442902153081296,0.7625,0.7625,0.7710843373493976,0.8,0.725,0.7441860465116279,0.7837837837837838,0.5264828210920952,32,11,29,8,,80,0
Tip-Adapter-F+SAM,clahe,1000,3,999,patient,0.875,0.8875,0.75,0.75,0.8,1.0,0.5,0.6666666666666666,1.0,0.5773502691896258,4,2,2,0,,8,0
CLIP-Adapter,clahe,500,3,42,slice,0.796875,0.7467593330238333,0.625,0.625,0.7272727272727273,1.0,0.25,0.5714285714285714,1.0,0.3779644730092272,40,30,10,0,,80,0
CLIP-Adapter,clahe,500,3,42,patient,0.8125,0.8041666666666667,0.875,0.875,0.8888888888888888,1.0,0.75,0.8,1.0,0.7745966692414834,4,1,3,0,,8,0
CLIP-Adapter,clahe,1000,3,42,slice,0.763125,0.731160856822836,0.5,0.5,0.6666666666666666,1.0,0.0,0.5,,0.0,40,40,0,0,,80,1
CLIP-Adapter,clahe,1000,3,42,patient,0.8125,0.8041666666666667,0.5,0.5,0.6666666666666666,1.0,0.0,0.5,,0.0,4,4,0,0,,8,1
CLIP-Adapter,clahe,500,3,100,slice,0.800625,0.7503357905426359,0.675,0.675,0.6176470588235294,0.525,0.825,0.75,0.6346153846153846,0.3668996928526714,21,7,33,19,,80,0
CLIP-Adapter,clahe,500,3,100,patient,0.8125,0.8041666666666667,0.875,0.875,0.8888888888888888,1.0,0.75,0.8,1.0,0.7745966692414834,4,1,3,0,,8,0
CLIP-Adapter,clahe,1000,3,100,slice,0.43,0.5513687615042372,0.5,0.5,0.6610169491525424,0.975,0.025,0.5,0.5,0.0,39,39,1,1,,80,0
CLIP-Adapter,clahe,1000,3,100,patient,0.5,0.7321428571428572,0.5,0.5,0.6666666666666666,1.0,0.0,0.5,,0.0,4,4,0,0,,8,1
CLIP-Adapter,clahe,500,3,2024,slice,0.796875,0.7460840426270636,0.6875,0.6875,0.6376811594202898,0.55,0.825,0.7586206896551724,0.6470588235294118,0.39003822561925783,22,7,33,18,,80,0
CLIP-Adapter,clahe,500,3,2024,patient,0.8125,0.8041666666666667,0.875,0.875,0.8888888888888888,1.0,0.75,0.8,1.0,0.7745966692414834,4,1,3,0,,8,0
CLIP-Adapter,clahe,1000,3,2024,slice,0.80625,0.7523957512540562,0.5,0.5,0.6666666666666666,1.0,0.0,0.5,,0.0,40,40,0,0,,80,1
CLIP-Adapter,clahe,1000,3,2024,patient,0.8125,0.8041666666666667,0.5,0.5,0.6666666666666666,1.0,0.0,0.5,,0.0,4,4,0,0,,8,1
CLIP-Adapter,clahe,500,3,777,slice,0.804375,0.7534936379951442,0.5,0.5,0.6666666666666666,1.0,0.0,0.5,,0.0,40,40,0,0,,80,1
CLIP-Adapter,clahe,500,3,777,patient,0.8125,0.8041666666666667,0.625,0.625,0.7272727272727273,1.0,0.25,0.5714285714285714,1.0,0.3779644730092272,4,3,1,0,,8,0
CLIP-Adapter,clahe,1000,3,777,slice,0.46875,0.5785768076294284,0.4625,0.4625,0.410958904109589,0.375,0.55,0.45454545454545453,0.46808510638297873,-0.07617550741785384,15,18,22,25,,80,0
CLIP-Adapter,clahe,1000,3,777,patient,0.4375,0.6488095238095237,0.625,0.625,0.5714285714285714,0.5,0.75,0.6666666666666666,0.6,0.2581988897471611,2,1,3,2,,8,0
CLIP-Adapter,clahe,500,3,999,slice,0.801875,0.750700256743354,0.725,0.725,0.725,0.725,0.725,0.725,0.725,0.45,29,11,29,11,,80,0
CLIP-Adapter,clahe,500,3,999,patient,0.8125,0.8041666666666667,0.75,0.75,0.8,1.0,0.5,0.6666666666666666,1.0,0.5773502691896258,4,2,2,0,,8,0
CLIP-Adapter,clahe,1000,3,999,slice,0.806875,0.7513996540106154,0.675,0.675,0.6176470588235294,0.525,0.825,0.75,0.6346153846153846,0.3668996928526714,21,7,33,19,,80,0
CLIP-Adapter,clahe,1000,3,999,patient,0.8125,0.8041666666666667,0.875,0.875,0.8888888888888888,1.0,0.75,0.8,1.0,0.7745966692414834,4,1,3,0,,8,0
CoOp,clahe,500,3,42,slice,0.794375,0.7385222857835934,0.725,0.7250000000000001,0.7380952380952381,0.775,0.675,0.7045454545454546,0.75,0.45226701686664544,31,13,27,9,,80,0
CoOp,clahe,500,3,42,patient,0.875,0.8875,0.75,0.75,0.8,1.0,0.5,0.6666666666666666,1.0,0.5773502691896258,4,2,2,0,,8,0
CoOp,clahe,1000,3,42,slice,0.79,0.7391920605386737,0.75,0.75,0.7674418604651163,0.825,0.675,0.717391304347826,0.7941176470588235,0.5057217374241737,33,13,27,7,,80,0
CoOp,clahe,1000,3,42,patient,0.875,0.8875,0.75,0.75,0.8,1.0,0.5,0.6666666666666666,1.0,0.5773502691896258,4,2,2,0,,8,0
CoOp,clahe,500,3,100,slice,0.785625,0.7335893185554239,0.725,0.7250000000000001,0.7380952380952381,0.775,0.675,0.7045454545454546,0.75,0.45226701686664544,31,13,27,9,,80,0
CoOp,clahe,500,3,100,patient,0.875,0.8875,0.75,0.75,0.8,1.0,0.5,0.6666666666666666,1.0,0.5773502691896258,4,2,2,0,,8,0
CoOp,clahe,1000,3,100,slice,0.780625,0.7259546590004605,0.7375,0.7375,0.7529411764705882,0.8,0.675,0.7111111111111111,0.7714285714285715,0.4787549991450211,32,13,27,8,,80,0
CoOp,clahe,1000,3,100,patient,0.875,0.8875,0.75,0.75,0.8,1.0,0.5,0.6666666666666666,1.0,0.5773502691896258,4,2,2,0,,8,0
CoOp,clahe,500,3,2024,slice,0.7875,0.7347321952123058,0.75,0.75,0.7674418604651163,0.825,0.675,0.717391304347826,0.7941176470588235,0.5057217374241737,33,13,27,7,,80,0
CoOp,clahe,500,3,2024,patient,0.875,0.8875,0.75,0.75,0.8,1.0,0.5,0.6666666666666666,1.0,0.5773502691896258,4,2,2,0,,8,0
CoOp,clahe,1000,3,2024,slice,0.788125,0.7362475449310912,0.6875,0.6875,0.7422680412371134,0.9,0.475,0.631578947368421,0.8260869565217391,0.4142761324995806,36,21,19,4,,80,0
CoOp,clahe,1000,3,2024,patient,0.875,0.8875,0.75,0.75,0.8,1.0,0.5,0.6666666666666666,1.0,0.5773502691896258,4,2,2,0,,8,0
CoOp,clahe,500,3,777,slice,0.786875,0.7310108662687209,0.75,0.75,0.7674418604651163,0.825,0.675,0.717391304347826,0.7941176470588235,0.5057217374241737,33,13,27,7,,80,0
CoOp,clahe,500,3,777,patient,0.875,0.8875,0.75,0.75,0.8,1.0,0.5,0.6666666666666666,1.0,0.5773502691896258,4,2,2,0,,8,0
CoOp,clahe,1000,3,777,slice,0.7875,0.7334906011664886,0.75,0.75,0.7727272727272727,0.85,0.65,0.7083333333333334,0.8125,0.5103103630798288,34,14,26,6,,80,0
CoOp,clahe,1000,3,777,patient,0.875,0.8875,0.75,0.75,0.8,1.0,0.5,0.6666666666666666,1.0,0.5773502691896258,4,2,2,0,,8,0
CoOp,clahe,500,3,999,slice,0.79125,0.7377904461736376,0.6125,0.6125,0.7047619047619048,0.925,0.3,0.5692307692307692,0.8,0.2882306768491568,37,28,12,3,,80,0
CoOp,clahe,500,3,999,patient,0.875,0.8875,0.75,0.75,0.8,1.0,0.5,0.6666666666666666,1.0,0.5773502691896258,4,2,2,0,,8,0
Nearest Centroid,clahe,1000,3,0,slice,0.7946875,0.7440662696211376,0.7375,0.7375,0.7529411764705882,0.8,0.675,0.7111111111111111,0.7714285714285715,0.4787549991450211,32,13,27,8,,80,0
Nearest Centroid,clahe,1000,3,0,patient,0.875,0.8875,0.75,0.75,0.8,1.0,0.5,0.6666666666666666,1.0,0.5773502691896258,4,2,2,0,,8,0
Nearest Centroid,clahe,500,3,0,slice,0.795,0.7437487805064785,0.7375,0.7375,0.7529411764705882,0.8,0.675,0.7111111111111111,0.7714285714285715,0.4787549991450211,32,13,27,8,,80,0
Nearest Centroid,clahe,500,3,0,patient,0.875,0.8875,0.75,0.75,0.8,1.0,0.5,0.6666666666666666,1.0,0.5773502691896258,4,2,2,0,,8,0
CoOp,clahe,1000,3,999,slice,0.7925,0.7381996223289319,0.7375,0.7375,0.7789473684210526,0.925,0.55,0.6727272727272727,0.88,0.512391895472064,37,18,22,3,,80,0
CoOp,clahe,1000,3,999,patient,0.875,0.8875,0.75,0.75,0.8,1.0,0.5,0.6666666666666666,1.0,0.5773502691896258,4,2,2,0,,8,0
Proto-Adapter,clahe,500,3,42,slice,0.795,0.7444162712818809,0.7375,0.7375,0.7529411764705882,0.8,0.675,0.7111111111111111,0.7714285714285715,0.4787549991450211,32,13,27,8,,80,0
Proto-Adapter,clahe,500,3,42,patient,0.875,0.8875,0.75,0.75,0.8,1.0,0.5,0.6666666666666666,1.0,0.5773502691896258,4,2,2,0,,8,0
Proto-Adapter,clahe,1000,3,42,slice,0.795,0.7444162712818809,0.7375,0.7375,0.7529411764705882,0.8,0.675,0.7111111111111111,0.7714285714285715,0.4787549991450211,32,13,27,8,,80,0
Proto-Adapter,clahe,1000,3,42,patient,0.875,0.8875,0.75,0.75,0.8,1.0,0.5,0.6666666666666666,1.0,0.5773502691896258,4,2,2,0,,8,0
Proto-Adapter,clahe,500,3,100,slice,0.795,0.7444162712818809,0.7375,0.7375,0.7529411764705882,0.8,0.675,0.7111111111111111,0.7714285714285715,0.4787549991450211,32,13,27,8,,80,0
Proto-Adapter,clahe,500,3,100,patient,0.875,0.8875,0.75,0.75,0.8,1.0,0.5,0.6666666666666666,1.0,0.5773502691896258,4,2,2,0,,8,0
Proto-Adapter,clahe,1000,3,100,slice,0.795,0.7444162712818809,0.7375,0.7375,0.7529411764705882,0.8,0.675,0.7111111111111111,0.7714285714285715,0.4787549991450211,32,13,27,8,,80,0
Proto-Adapter,clahe,1000,3,100,patient,0.875,0.8875,0.75,0.75,0.8,1.0,0.5,0.6666666666666666,1.0,0.5773502691896258,4,2,2,0,,8,0
Proto-Adapter,clahe,500,3,2024,slice,0.795,0.7444162712818809,0.7375,0.7375,0.7529411764705882,0.8,0.675,0.7111111111111111,0.7714285714285715,0.4787549991450211,32,13,27,8,,80,0
Proto-Adapter,clahe,500,3,2024,patient,0.875,0.8875,0.75,0.75,0.8,1.0,0.5,0.6666666666666666,1.0,0.5773502691896258,4,2,2,0,,8,0
Proto-Adapter,clahe,1000,3,2024,slice,0.795,0.7444162712818809,0.7375,0.7375,0.7529411764705882,0.8,0.675,0.7111111111111111,0.7714285714285715,0.4787549991450211,32,13,27,8,,80,0
Proto-Adapter,clahe,1000,3,2024,patient,0.875,0.8875,0.75,0.75,0.8,1.0,0.5,0.6666666666666666,1.0,0.5773502691896258,4,2,2,0,,8,0
Proto-Adapter,clahe,500,3,777,slice,0.795,0.7444162712818809,0.7375,0.7375,0.7529411764705882,0.8,0.675,0.7111111111111111,0.7714285714285715,0.4787549991450211,32,13,27,8,,80,0
Proto-Adapter,clahe,500,3,777,patient,0.875,0.8875,0.75,0.75,0.8,1.0,0.5,0.6666666666666666,1.0,0.5773502691896258,4,2,2,0,,8,0
Proto-Adapter,clahe,1000,3,777,slice,0.795,0.7444162712818809,0.7375,0.7375,0.7529411764705882,0.8,0.675,0.7111111111111111,0.7714285714285715,0.4787549991450211,32,13,27,8,,80,0
Proto-Adapter,clahe,1000,3,777,patient,0.875,0.8875,0.75,0.75,0.8,1.0,0.5,0.6666666666666666,1.0,0.5773502691896258,4,2,2,0,,8,0
Proto-Adapter,clahe,500,3,999,slice,0.795,0.7444162712818809,0.7375,0.7375,0.7529411764705882,0.8,0.675,0.7111111111111111,0.7714285714285715,0.4787549991450211,32,13,27,8,,80,0
Proto-Adapter,clahe,500,3,999,patient,0.875,0.8875,0.75,0.75,0.8,1.0,0.5,0.6666666666666666,1.0,0.5773502691896258,4,2,2,0,,8,0
Proto-Adapter,clahe,1000,3,999,slice,0.795,0.7444162712818809,0.7375,0.7375,0.7529411764705882,0.8,0.675,0.7111111111111111,0.7714285714285715,0.4787549991450211,32,13,27,8,,80,0
Proto-Adapter,clahe,1000,3,999,patient,0.875,0.8875,0.75,0.75,0.8,1.0,0.5,0.6666666666666666,1.0,0.5773502691896258,4,2,2,0,,8,0
TaskRes,clahe,1000,3,42,slice,0.7925,0.7395314049616657,0.7375,0.7375,0.7529411764705882,0.8,0.675,0.7111111111111111,0.7714285714285715,0.4787549991450211,32,13,27,8,,80,0
TaskRes,clahe,1000,3,42,patient,0.875,0.8875,0.75,0.75,0.8,1.0,0.5,0.6666666666666666,1.0,0.5773502691896258,4,2,2,0,,8,0
TaskRes,clahe,500,3,42,slice,0.793125,0.7386456643265147,0.7375,0.7375,0.7529411764705882,0.8,0.675,0.7111111111111111,0.7714285714285715,0.4787549991450211,32,13,27,8,,80,0
TaskRes,clahe,500,3,42,patient,0.875,0.8875,0.75,0.75,0.8,1.0,0.5,0.6666666666666666,1.0,0.5773502691896258,4,2,2,0,,8,0
TaskRes,clahe,500,3,100,slice,0.793125,0.7386456643265147,0.7375,0.7375,0.7529411764705882,0.8,0.675,0.7111111111111111,0.7714285714285715,0.4787549991450211,32,13,27,8,,80,0
TaskRes,clahe,500,3,100,patient,0.875,0.8875,0.75,0.75,0.8,1.0,0.5,0.6666666666666666,1.0,0.5773502691896258,4,2,2,0,,8,0
TaskRes,clahe,500,3,2024,slice,0.793125,0.7386456643265147,0.7375,0.7375,0.7529411764705882,0.8,0.675,0.7111111111111111,0.7714285714285715,0.4787549991450211,32,13,27,8,,80,0
TaskRes,clahe,500,3,2024,patient,0.875,0.8875,0.75,0.75,0.8,1.0,0.5,0.6666666666666666,1.0,0.5773502691896258,4,2,2,0,,8,0
TaskRes,clahe,1000,3,100,slice,0.7925,0.7395314049616657,0.7375,0.7375,0.7529411764705882,0.8,0.675,0.7111111111111111,0.7714285714285715,0.4787549991450211,32,13,27,8,,80,0
TaskRes,clahe,1000,3,100,patient,0.875,0.8875,0.75,0.75,0.8,1.0,0.5,0.6666666666666666,1.0,0.5773502691896258,4,2,2,0,,8,0
TaskRes,clahe,1000,3,2024,slice,0.7925,0.7395314049616657,0.7375,0.7375,0.7529411764705882,0.8,0.675,0.7111111111111111,0.7714285714285715,0.4787549991450211,32,13,27,8,,80,0
TaskRes,clahe,1000,3,2024,patient,0.875,0.8875,0.75,0.75,0.8,1.0,0.5,0.6666666666666666,1.0,0.5773502691896258,4,2,2,0,,8,0
TaskRes,clahe,500,3,777,slice,0.793125,0.7386456643265147,0.7375,0.7375,0.7529411764705882,0.8,0.675,0.7111111111111111,0.7714285714285715,0.4787549991450211,32,13,27,8,,80,0
TaskRes,clahe,500,3,777,patient,0.875,0.8875,0.75,0.75,0.8,1.0,0.5,0.6666666666666666,1.0,0.5773502691896258,4,2,2,0,,8,0
TaskRes,clahe,500,3,999,slice,0.793125,0.7386456643265147,0.7375,0.7375,0.7529411764705882,0.8,0.675,0.7111111111111111,0.7714285714285715,0.4787549991450211,32,13,27,8,,80,0
TaskRes,clahe,500,3,999,patient,0.875,0.8875,0.75,0.75,0.8,1.0,0.5,0.6666666666666666,1.0,0.5773502691896258,4,2,2,0,,8,0
TaskRes,clahe,1000,3,777,slice,0.7925,0.7395314049616657,0.7375,0.7375,0.7529411764705882,0.8,0.675,0.7111111111111111,0.7714285714285715,0.4787549991450211,32,13,27,8,,80,0
TaskRes,clahe,1000,3,777,patient,0.875,0.8875,0.75,0.75,0.8,1.0,0.5,0.6666666666666666,1.0,0.5773502691896258,4,2,2,0,,8,0
TaskRes,clahe,1000,3,999,slice,0.7925,0.7395314049616657,0.7375,0.7375,0.7529411764705882,0.8,0.675,0.7111111111111111,0.7714285714285715,0.4787549991450211,32,13,27,8,,80,0
TaskRes,clahe,1000,3,999,patient,0.875,0.8875,0.75,0.75,0.8,1.0,0.5,0.6666666666666666,1.0,0.5773502691896258,4,2,2,0,,8,0
TaskRes+SAM,clahe,500,3,42,slice,0.793125,0.7387671652550457,0.7375,0.7375,0.7529411764705882,0.8,0.675,0.7111111111111111,0.7714285714285715,0.4787549991450211,32,13,27,8,,80,0
TaskRes+SAM,clahe,500,3,42,patient,0.875,0.8875,0.75,0.75,0.8,1.0,0.5,0.6666666666666666,1.0,0.5773502691896258,4,2,2,0,,8,0
TaskRes+SAM,clahe,1000,3,42,slice,0.793125,0.7387671652550457,0.7375,0.7375,0.7529411764705882,0.8,0.675,0.7111111111111111,0.7714285714285715,0.4787549991450211,32,13,27,8,,80,0
TaskRes+SAM,clahe,1000,3,42,patient,0.875,0.8875,0.75,0.75,0.8,1.0,0.5,0.6666666666666666,1.0,0.5773502691896258,4,2,2,0,,8,0
TaskRes+SAM,clahe,500,3,100,slice,0.793125,0.7387671652550457,0.7375,0.7375,0.7529411764705882,0.8,0.675,0.7111111111111111,0.7714285714285715,0.4787549991450211,32,13,27,8,,80,0
TaskRes+SAM,clahe,500,3,100,patient,0.875,0.8875,0.75,0.75,0.8,1.0,0.5,0.6666666666666666,1.0,0.5773502691896258,4,2,2,0,,8,0
TaskRes+SAM,clahe,1000,3,100,slice,0.793125,0.7387671652550457,0.7375,0.7375,0.7529411764705882,0.8,0.675,0.7111111111111111,0.7714285714285715,0.4787549991450211,32,13,27,8,,80,0
TaskRes+SAM,clahe,1000,3,100,patient,0.875,0.8875,0.75,0.75,0.8,1.0,0.5,0.6666666666666666,1.0,0.5773502691896258,4,2,2,0,,8,0
TaskRes+SAM,clahe,500,3,2024,slice,0.793125,0.7387671652550457,0.7375,0.7375,0.7529411764705882,0.8,0.675,0.7111111111111111,0.7714285714285715,0.4787549991450211,32,13,27,8,,80,0
TaskRes+SAM,clahe,500,3,2024,patient,0.875,0.8875,0.75,0.75,0.8,1.0,0.5,0.6666666666666666,1.0,0.5773502691896258,4,2,2,0,,8,0
TaskRes+SAM,clahe,1000,3,2024,slice,0.793125,0.7387671652550457,0.7375,0.7375,0.7529411764705882,0.8,0.675,0.7111111111111111,0.7714285714285715,0.4787549991450211,32,13,27,8,,80,0
TaskRes+SAM,clahe,1000,3,2024,patient,0.875,0.8875,0.75,0.75,0.8,1.0,0.5,0.6666666666666666,1.0,0.5773502691896258,4,2,2,0,,8,0
TaskRes+SAM,clahe,500,3,777,slice,0.793125,0.7387671652550457,0.7375,0.7375,0.7529411764705882,0.8,0.675,0.7111111111111111,0.7714285714285715,0.4787549991450211,32,13,27,8,,80,0
TaskRes+SAM,clahe,500,3,777,patient,0.875,0.8875,0.75,0.75,0.8,1.0,0.5,0.6666666666666666,1.0,0.5773502691896258,4,2,2,0,,8,0
TaskRes+SAM,clahe,1000,3,777,slice,0.793125,0.7387671652550457,0.7375,0.7375,0.7529411764705882,0.8,0.675,0.7111111111111111,0.7714285714285715,0.4787549991450211,32,13,27,8,,80,0
TaskRes+SAM,clahe,1000,3,777,patient,0.875,0.8875,0.75,0.75,0.8,1.0,0.5,0.6666666666666666,1.0,0.5773502691896258,4,2,2,0,,8,0
TaskRes+SAM,clahe,500,3,999,slice,0.793125,0.7387671652550457,0.7375,0.7375,0.7529411764705882,0.8,0.675,0.7111111111111111,0.7714285714285715,0.4787549991450211,32,13,27,8,,80,0
TaskRes+SAM,clahe,500,3,999,patient,0.875,0.8875,0.75,0.75,0.8,1.0,0.5,0.6666666666666666,1.0,0.5773502691896258,4,2,2,0,,8,0
TaskRes+SAM,clahe,1000,3,999,slice,0.793125,0.7387671652550457,0.7375,0.7375,0.7529411764705882,0.8,0.675,0.7111111111111111,0.7714285714285715,0.4787549991450211,32,13,27,8,,80,0
TaskRes+SAM,clahe,1000,3,999,patient,0.875,0.8875,0.75,0.75,0.8,1.0,0.5,0.6666666666666666,1.0,0.5773502691896258,4,2,2,0,,8,0
Tip-Adapter,raw,500,3,0,slice,0.770625,0.7334345486378266,0.7,0.7,0.7209302325581395,0.775,0.625,0.6739130434782609,0.7352941176470589,0.4045773899393389,31,15,25,9,,80,0
Tip-Adapter,raw,500,3,0,patient,0.875,0.8875,0.75,0.75,0.8,1.0,0.5,0.6666666666666666,1.0,0.5773502691896258,4,2,2,0,,8,0
Tip-Adapter,raw,1000,3,0,slice,0.770625,0.7334345486378266,0.7,0.7,0.7209302325581395,0.775,0.625,0.6739130434782609,0.7352941176470589,0.4045773899393389,31,15,25,9,,80,0
Tip-Adapter,raw,1000,3,0,patient,0.875,0.8875,0.75,0.75,0.8,1.0,0.5,0.6666666666666666,1.0,0.5773502691896258,4,2,2,0,,8,0
Zero-Shot,raw,500,3,0,slice,0.748125,0.7221490773811707,0.6875,0.6875,0.6987951807228916,0.725,0.65,0.6744186046511628,0.7027027027027027,0.3760591579229251,29,14,26,11,,80,0
Zero-Shot,raw,500,3,0,patient,0.875,0.8875,0.75,0.75,0.8,1.0,0.5,0.6666666666666666,1.0,0.5773502691896258,4,2,2,0,,8,0
Zero-Shot,raw,1000,3,0,slice,0.748125,0.7221490773811707,0.6875,0.6875,0.6987951807228916,0.725,0.65,0.6744186046511628,0.7027027027027027,0.3760591579229251,29,14,26,11,,80,0
Zero-Shot,raw,1000,3,0,patient,0.875,0.8875,0.75,0.75,0.8,1.0,0.5,0.6666666666666666,1.0,0.5773502691896258,4,2,2,0,,8,0
Tip-Adapter-F,raw,500,3,42,slice,0.7484375,0.721957930499883,0.675,0.675,0.6904761904761905,0.725,0.625,0.6590909090909091,0.6944444444444444,0.35176323534072423,29,15,25,11,,80,0
Tip-Adapter-F,raw,500,3,42,patient,0.875,0.8875,0.75,0.75,0.8,1.0,0.5,0.6666666666666666,1.0,0.5773502691896258,4,2,2,0,,8,0
Tip-Adapter-F,raw,1000,3,42,slice,0.7478125,0.7219320634922818,0.6875,0.6875,0.6987951807228916,0.725,0.65,0.6744186046511628,0.7027027027027027,0.3760591579229251,29,14,26,11,,80,0
Tip-Adapter-F,raw,1000,3,42,patient,0.875,0.8875,0.75,0.75,0.8,1.0,0.5,0.6666666666666666,1.0,0.5773502691896258,4,2,2,0,,8,0
Tip-Adapter-F,raw,500,3,100,slice,0.7484375,0.721957930499883,0.675,0.675,0.6904761904761905,0.725,0.625,0.6590909090909091,0.6944444444444444,0.35176323534072423,29,15,25,11,,80,0
Tip-Adapter-F,raw,500,3,100,patient,0.875,0.8875,0.75,0.75,0.8,1.0,0.5,0.6666666666666666,1.0,0.5773502691896258,4,2,2,0,,8,0
Tip-Adapter-F,raw,1000,3,100,slice,0.7478125,0.7219320634922818,0.6875,0.6875,0.6987951807228916,0.725,0.65,0.6744186046511628,0.7027027027027027,0.3760591579229251,29,14,26,11,,80,0
Tip-Adapter-F,raw,1000,3,100,patient,0.875,0.8875,0.75,0.75,0.8,1.0,0.5,0.6666666666666666,1.0,0.5773502691896258,4,2,2,0,,8,0
Tip-Adapter-F,raw,500,3,2024,slice,0.7484375,0.721957930499883,0.675,0.675,0.6904761904761905,0.725,0.625,0.6590909090909091,0.6944444444444444,0.35176323534072423,29,15,25,11,,80,0
Tip-Adapter-F,raw,500,3,2024,patient,0.875,0.8875,0.75,0.75,0.8,1.0,0.5,0.6666666666666666,1.0,0.5773502691896258,4,2,2,0,,8,0
Tip-Adapter-F,raw,1000,3,2024,slice,0.7478125,0.7219320634922818,0.6875,0.6875,0.6987951807228916,0.725,0.65,0.6744186046511628,0.7027027027027027,0.3760591579229251,29,14,26,11,,80,0
Tip-Adapter-F,raw,1000,3,2024,patient,0.875,0.8875,0.75,0.75,0.8,1.0,0.5,0.6666666666666666,1.0,0.5773502691896258,4,2,2,0,,8,0
Tip-Adapter-F,raw,500,3,777,slice,0.7484375,0.721957930499883,0.675,0.675,0.6904761904761905,0.725,0.625,0.6590909090909091,0.6944444444444444,0.35176323534072423,29,15,25,11,,80,0
Tip-Adapter-F,raw,500,3,777,patient,0.875,0.8875,0.75,0.75,0.8,1.0,0.5,0.6666666666666666,1.0,0.5773502691896258,4,2,2,0,,8,0
Tip-Adapter-F,raw,1000,3,777,slice,0.7478125,0.7219320634922818,0.6875,0.6875,0.6987951807228916,0.725,0.65,0.6744186046511628,0.7027027027027027,0.3760591579229251,29,14,26,11,,80,0
Tip-Adapter-F,raw,1000,3,777,patient,0.875,0.8875,0.75,0.75,0.8,1.0,0.5,0.6666666666666666,1.0,0.5773502691896258,4,2,2,0,,8,0
Tip-Adapter-F,raw,500,3,999,slice,0.7484375,0.721957930499883,0.675,0.675,0.6904761904761905,0.725,0.625,0.6590909090909091,0.6944444444444444,0.35176323534072423,29,15,25,11,,80,0
Tip-Adapter-F,raw,500,3,999,patient,0.875,0.8875,0.75,0.75,0.8,1.0,0.5,0.6666666666666666,1.0,0.5773502691896258,4,2,2,0,,8,0
Tip-Adapter-F,raw,1000,3,999,slice,0.7478125,0.7219320634922818,0.6875,0.6875,0.6987951807228916,0.725,0.65,0.6744186046511628,0.7027027027027027,0.3760591579229251,29,14,26,11,,80,0
Tip-Adapter-F,raw,1000,3,999,patient,0.875,0.8875,0.75,0.75,0.8,1.0,0.5,0.6666666666666666,1.0,0.5773502691896258,4,2,2,0,,8,0
Tip-Adapter-F+SAM,raw,500,3,42,slice,0.7478125,0.7217409166109942,0.7,0.7,0.7073170731707317,0.725,0.675,0.6904761904761905,0.7105263157894737,0.4005009394574071,29,13,27,11,,80,0
Tip-Adapter-F+SAM,raw,500,3,42,patient,0.875,0.8875,0.75,0.75,0.8,1.0,0.5,0.6666666666666666,1.0,0.5773502691896258,4,2,2,0,,8,0
Tip-Adapter-F+SAM,raw,1000,3,42,slice,0.7484375,0.721957930499883,0.6875,0.6875,0.6987951807228916,0.725,0.65,0.6744186046511628,0.7027027027027027,0.3760591579229251,29,14,26,11,,80,0
Tip-Adapter-F+SAM,raw,1000,3,42,patient,0.875,0.8875,0.75,0.75,0.8,1.0,0.5,0.6666666666666666,1.0,0.5773502691896258,4,2,2,0,,8,0
Tip-Adapter-F+SAM,raw,500,3,100,slice,0.7478125,0.7217409166109942,0.7,0.7,0.7073170731707317,0.725,0.675,0.6904761904761905,0.7105263157894737,0.4005009394574071,29,13,27,11,,80,0
Tip-Adapter-F+SAM,raw,500,3,100,patient,0.875,0.8875,0.75,0.75,0.8,1.0,0.5,0.6666666666666666,1.0,0.5773502691896258,4,2,2,0,,8,0
Tip-Adapter-F+SAM,raw,1000,3,100,slice,0.7484375,0.721957930499883,0.6875,0.6875,0.6987951807228916,0.725,0.65,0.6744186046511628,0.7027027027027027,0.3760591579229251,29,14,26,11,,80,0
Tip-Adapter-F+SAM,raw,1000,3,100,patient,0.875,0.8875,0.75,0.75,0.8,1.0,0.5,0.6666666666666666,1.0,0.5773502691896258,4,2,2,0,,8,0
Tip-Adapter-F+SAM,raw,500,3,2024,slice,0.7478125,0.7217409166109942,0.7,0.7,0.7073170731707317,0.725,0.675,0.6904761904761905,0.7105263157894737,0.4005009394574071,29,13,27,11,,80,0
Tip-Adapter-F+SAM,raw,500,3,2024,patient,0.875,0.8875,0.75,0.75,0.8,1.0,0.5,0.6666666666666666,1.0,0.5773502691896258,4,2,2,0,,8,0
Tip-Adapter-F+SAM,raw,1000,3,2024,slice,0.7484375,0.721957930499883,0.6875,0.6875,0.6987951807228916,0.725,0.65,0.6744186046511628,0.7027027027027027,0.3760591579229251,29,14,26,11,,80,0
Tip-Adapter-F+SAM,raw,1000,3,2024,patient,0.875,0.8875,0.75,0.75,0.8,1.0,0.5,0.6666666666666666,1.0,0.5773502691896258,4,2,2,0,,8,0
Tip-Adapter-F+SAM,raw,500,3,777,slice,0.7478125,0.7217409166109942,0.7,0.7,0.7073170731707317,0.725,0.675,0.6904761904761905,0.7105263157894737,0.4005009394574071,29,13,27,11,,80,0
Tip-Adapter-F+SAM,raw,500,3,777,patient,0.875,0.8875,0.75,0.75,0.8,1.0,0.5,0.6666666666666666,1.0,0.5773502691896258,4,2,2,0,,8,0
Tip-Adapter-F+SAM,raw,1000,3,777,slice,0.7484375,0.721957930499883,0.6875,0.6875,0.6987951807228916,0.725,0.65,0.6744186046511628,0.7027027027027027,0.3760591579229251,29,14,26,11,,80,0
Tip-Adapter-F+SAM,raw,1000,3,777,patient,0.875,0.8875,0.75,0.75,0.8,1.0,0.5,0.6666666666666666,1.0,0.5773502691896258,4,2,2,0,,8,0
Tip-Adapter-F+SAM,raw,500,3,999,slice,0.7478125,0.7217409166109942,0.7,0.7,0.7073170731707317,0.725,0.675,0.6904761904761905,0.7105263157894737,0.4005009394574071,29,13,27,11,,80,0
Tip-Adapter-F+SAM,raw,500,3,999,patient,0.875,0.8875,0.75,0.75,0.8,1.0,0.5,0.6666666666666666,1.0,0.5773502691896258,4,2,2,0,,8,0
Tip-Adapter-F+SAM,raw,1000,3,999,slice,0.7484375,0.721957930499883,0.6875,0.6875,0.6987951807228916,0.725,0.65,0.6744186046511628,0.7027027027027027,0.3760591579229251,29,14,26,11,,80,0
Tip-Adapter-F+SAM,raw,1000,3,999,patient,0.875,0.8875,0.75,0.75,0.8,1.0,0.5,0.6666666666666666,1.0,0.5773502691896258,4,2,2,0,,8,0
CLIP-Adapter,raw,500,3,42,slice,0.769375,0.7171063408343297,0.7,0.7,0.7,0.7,0.7,0.7,0.7,0.4,28,12,28,12,,80,0
CLIP-Adapter,raw,500,3,42,patient,0.875,0.8875,0.75,0.75,0.8,1.0,0.5,0.6666666666666666,1.0,0.5773502691896258,4,2,2,0,,8,0
CLIP-Adapter,raw,1000,3,42,slice,0.77,0.7325807329696853,0.675,0.675,0.6285714285714286,0.55,0.8,0.7333333333333333,0.64,0.3614784456460256,22,8,32,18,,80,0
CLIP-Adapter,raw,1000,3,42,patient,0.875,0.8875,0.75,0.75,0.8,1.0,0.5,0.6666666666666666,1.0,0.5773502691896258,4,2,2,0,,8,0
CLIP-Adapter,raw,500,3,100,slice,0.77125,0.7339870110128489,0.6125,0.6125,0.7155963302752294,0.975,0.25,0.5652173913043478,0.9090909090909091,0.3266793038882825,39,30,10,1,,80,0
CLIP-Adapter,raw,500,3,100,patient,0.875,0.8875,0.75,0.75,0.8,1.0,0.5,0.6666666666666666,1.0,0.5773502691896258,4,2,2,0,,8,0
CLIP-Adapter,raw,1000,3,100,slice,0.77,0.7166828760332175,0.5,0.5,0.6666666666666666,1.0,0.0,0.5,,0.0,40,40,0,0,,80,1
CLIP-Adapter,raw,1000,3,100,patient,0.75,0.6791666666666667,0.75,0.75,0.75,0.75,0.75,0.75,0.75,0.5,3,1,3,1,,8,0
CLIP-Adapter,raw,500,3,2024,slice,0.77125,0.7339870110128489,0.7125,0.7125,0.7294117647058823,0.775,0.65,0.6888888888888889,0.7428571428571429,0.4283597360771242,31,14,26,9,,80,0
CLIP-Adapter,raw,500,3,2024,patient,0.875,0.8875,0.75,0.75,0.8,1.0,0.5,0.6666666666666666,1.0,0.5773502691896258,4,2,2,0,,8,0
CLIP-Adapter,raw,1000,3,2024,slice,0.771875,0.745317420369574,0.6875,0.6875,0.7311827956989247,0.85,0.525,0.6415094339622641,0.7777777777777778,0.396525792859072,34,19,21,6,,80,0
CLIP-Adapter,raw,1000,3,2024,patient,0.875,0.8875,0.625,0.625,0.5714285714285714,0.5,0.75,0.6666666666666666,0.6,0.2581988897471611,2,1,3,2,,8,0
CLIP-Adapter,raw,500,3,777,slice,0.77,0.7327684054513031,0.5,0.5,0.6666666666666666,1.0,0.0,0.5,,0.0,40,40,0,0,,80,1
CLIP-Adapter,raw,500,3,777,patient,0.875,0.8875,0.75,0.75,0.8,1.0,0.5,0.6666666666666666,1.0,0.5773502691896258,4,2,2,0,,8,0
CLIP-Adapter,raw,1000,3,777,slice,0.771875,0.7335382377167174,0.5,0.5,0.6666666666666666,1.0,0.0,0.5,,0.0,40,40,0,0,,80,1
CLIP-Adapter,raw,1000,3,777,patient,0.875,0.8875,0.625,0.625,0.5714285714285714,0.5,0.75,0.6666666666666666,0.6,0.2581988897471611,2,1,3,2,,8,0
CLIP-Adapter,raw,500,3,999,slice,0.770625,0.733742431425329,0.7,0.7,0.7391304347826086,0.85,0.55,0.6538461538461539,0.7857142857142857,0.4193139346887673,34,18,22,6,,80,0
CLIP-Adapter,raw,500,3,999,patient,0.875,0.8875,0.75,0.75,0.8,1.0,0.5,0.6666666666666666,1.0,0.5773502691896258,4,2,2,0,,8,0
CLIP-Adapter,raw,1000,3,999,slice,0.77,0.7202885334811943,0.625,0.625,0.7222222222222222,0.975,0.275,0.5735294117647058,0.9166666666666666,0.35007002100700246,39,29,11,1,,80,0
CLIP-Adapter,raw,1000,3,999,patient,0.875,0.8875,0.625,0.625,0.5714285714285714,0.5,0.75,0.6666666666666666,0.6,0.2581988897471611,2,1,3,2,,8,0
CoOp,raw,500,3,42,slice,0.7715625,0.7317260917962892,0.7,0.7,0.7142857142857143,0.75,0.65,0.6818181818181818,0.7222222222222222,0.40201512610368484,30,14,26,10,,80,0
CoOp,raw,500,3,42,patient,0.875,0.8875,0.625,0.625,0.5714285714285714,0.5,0.75,0.6666666666666666,0.6,0.2581988897471611,2,1,3,2,,8,0
CoOp,raw,1000,3,42,slice,0.77375,0.7334331153374432,0.7125,0.7124999999999999,0.7160493827160493,0.725,0.7,0.7073170731707317,0.717948717948718,0.42513287478830203,29,12,28,11,,80,0
CoOp,raw,1000,3,42,patient,0.875,0.8875,0.75,0.75,0.8,1.0,0.5,0.6666666666666666,1.0,0.5773502691896258,4,2,2,0,,8,0
CoOp,raw,500,3,100,slice,0.7603125,0.726813923051699,0.6875,0.6875,0.7126436781609196,0.775,0.6,0.6595744680851063,0.7272727272727273,0.38087753708926914,31,16,24,9,,80,0
CoOp,raw,500,3,100,patient,0.875,0.8875,0.75,0.75,0.8,1.0,0.5,0.6666666666666666,1.0,0.5773502691896258,4,2,2,0,,8,0
CoOp,raw,1000,3,100,slice,0.763125,0.7278312808669944,0.6875,0.6875,0.6987951807228916,0.725,0.65,0.6744186046511628,0.7027027027027027,0.3760591579229251,29,14,26,11,,80,0
CoOp,raw,1000,3,100,patient,0.875,0.8875,0.75,0.75,0.8,1.0,0.5,0.6666666666666666,1.0,0.5773502691896258,4,2,2,0,,8,0
CoOp,raw,500,3,2024,slice,0.7625,0.7255938668602852,0.6875,0.6875,0.7058823529411765,0.75,0.625,0.6666666666666666,0.7142857142857143,0.3779644730092272,30,15,25,10,,80,0
CoOp,raw,500,3,2024,patient,0.875,0.8875,0.75,0.75,0.8,1.0,0.5,0.6666666666666666,1.0,0.5773502691896258,4,2,2,0,,8,0
CoOp,raw,1000,3,2024,slice,0.765,0.7272942039692245,0.675,0.675,0.7045454545454546,0.775,0.575,0.6458333333333334,0.71875,0.3572172541558801,31,17,23,9,,80,0
CoOp,raw,1000,3,2024,patient,0.875,0.8875,0.75,0.75,0.8,1.0,0.5,0.6666666666666666,1.0,0.5773502691896258,4,2,2,0,,8,0
CoOp,raw,500,3,777,slice,0.7625,0.7271572357594924,0.6875,0.6875,0.7126436781609196,0.775,0.6,0.6595744680851063,0.7272727272727273,0.38087753708926914,31,16,24,9,,80,0
CoOp,raw,500,3,777,patient,0.875,0.8875,0.75,0.75,0.8,1.0,0.5,0.6666666666666666,1.0,0.5773502691896258,4,2,2,0,,8,0
CoOp,raw,1000,3,777,slice,0.76875,0.7324469231989174,0.6875,0.6875,0.7126436781609196,0.775,0.6,0.6595744680851063,0.7272727272727273,0.38087753708926914,31,16,24,9,,80,0
CoOp,raw,1000,3,777,patient,0.875,0.8875,0.75,0.75,0.8,1.0,0.5,0.6666666666666666,1.0,0.5773502691896258,4,2,2,0,,8,0
CoOp,raw,500,3,999,slice,0.75,0.7203897124321033,0.6875,0.6875,0.6987951807228916,0.725,0.65,0.6744186046511628,0.7027027027027027,0.3760591579229251,29,14,26,11,,80,0
CoOp,raw,500,3,999,patient,0.875,0.8875,0.75,0.75,0.8,1.0,0.5,0.6666666666666666,1.0,0.5773502691896258,4,2,2,0,,8,0
CoOp,raw,1000,3,999,slice,0.75375,0.7191727395357428,0.6875,0.6875,0.7058823529411765,0.75,0.625,0.6666666666666666,0.7142857142857143,0.3779644730092272,30,15,25,10,,80,0
CoOp,raw,1000,3,999,patient,0.875,0.8875,0.75,0.75,0.8,1.0,0.5,0.6666666666666666,1.0,0.5773502691896258,4,2,2,0,,8,0
Proto-Adapter,raw,500,3,42,slice,0.77125,0.7326926309730101,0.6875,0.6875,0.7058823529411765,0.75,0.625,0.6666666666666666,0.7142857142857143,0.3779644730092272,30,15,25,10,,80,0
Proto-Adapter,raw,500,3,42,patient,0.875,0.8875,0.75,0.75,0.8,1.0,0.5,0.6666666666666666,1.0,0.5773502691896258,4,2,2,0,,8,0
Nearest Centroid,raw,1000,3,0,slice,0.768125,0.7314150756127542,0.6875,0.6875,0.7058823529411765,0.75,0.625,0.6666666666666666,0.7142857142857143,0.3779644730092272,30,15,25,10,,80,0
Nearest Centroid,raw,1000,3,0,patient,0.875,0.8875,0.75,0.75,0.8,1.0,0.5,0.6666666666666666,1.0,0.5773502691896258,4,2,2,0,,8,0
Nearest Centroid,raw,500,3,0,slice,0.770625,0.7324086476499456,0.6875,0.6875,0.7058823529411765,0.75,0.625,0.6666666666666666,0.7142857142857143,0.3779644730092272,30,15,25,10,,80,0
Nearest Centroid,raw,500,3,0,patient,0.875,0.8875,0.75,0.75,0.8,1.0,0.5,0.6666666666666666,1.0,0.5773502691896258,4,2,2,0,,8,0
Proto-Adapter,raw,1000,3,42,slice,0.77125,0.7326926309730101,0.6875,0.6875,0.7058823529411765,0.75,0.625,0.6666666666666666,0.7142857142857143,0.3779644730092272,30,15,25,10,,80,0
Proto-Adapter,raw,1000,3,42,patient,0.875,0.8875,0.75,0.75,0.8,1.0,0.5,0.6666666666666666,1.0,0.5773502691896258,4,2,2,0,,8,0
Proto-Adapter,raw,500,3,100,slice,0.77125,0.7326926309730101,0.6875,0.6875,0.7058823529411765,0.75,0.625,0.6666666666666666,0.7142857142857143,0.3779644730092272,30,15,25,10,,80,0
Proto-Adapter,raw,500,3,100,patient,0.875,0.8875,0.75,0.75,0.8,1.0,0.5,0.6666666666666666,1.0,0.5773502691896258,4,2,2,0,,8,0
Proto-Adapter,raw,1000,3,100,slice,0.77125,0.7326926309730101,0.6875,0.6875,0.7058823529411765,0.75,0.625,0.6666666666666666,0.7142857142857143,0.3779644730092272,30,15,25,10,,80,0
Proto-Adapter,raw,1000,3,100,patient,0.875,0.8875,0.75,0.75,0.8,1.0,0.5,0.6666666666666666,1.0,0.5773502691896258,4,2,2,0,,8,0
Proto-Adapter,raw,500,3,2024,slice,0.77125,0.7326926309730101,0.6875,0.6875,0.7058823529411765,0.75,0.625,0.6666666666666666,0.7142857142857143,0.3779644730092272,30,15,25,10,,80,0
Proto-Adapter,raw,500,3,2024,patient,0.875,0.8875,0.75,0.75,0.8,1.0,0.5,0.6666666666666666,1.0,0.5773502691896258,4,2,2,0,,8,0
Proto-Adapter,raw,1000,3,2024,slice,0.77125,0.7326926309730101,0.6875,0.6875,0.7058823529411765,0.75,0.625,0.6666666666666666,0.7142857142857143,0.3779644730092272,30,15,25,10,,80,0
Proto-Adapter,raw,1000,3,2024,patient,0.875,0.8875,0.75,0.75,0.8,1.0,0.5,0.6666666666666666,1.0,0.5773502691896258,4,2,2,0,,8,0
Proto-Adapter,raw,500,3,777,slice,0.77125,0.7326926309730101,0.6875,0.6875,0.7058823529411765,0.75,0.625,0.6666666666666666,0.7142857142857143,0.3779644730092272,30,15,25,10,,80,0
Proto-Adapter,raw,500,3,777,patient,0.875,0.8875,0.75,0.75,0.8,1.0,0.5,0.6666666666666666,1.0,0.5773502691896258,4,2,2,0,,8,0
Proto-Adapter,raw,1000,3,777,slice,0.77125,0.7326926309730101,0.6875,0.6875,0.7058823529411765,0.75,0.625,0.6666666666666666,0.7142857142857143,0.3779644730092272,30,15,25,10,,80,0
Proto-Adapter,raw,1000,3,777,patient,0.875,0.8875,0.75,0.75,0.8,1.0,0.5,0.6666666666666666,1.0,0.5773502691896258,4,2,2,0,,8,0
Proto-Adapter,raw,500,3,999,slice,0.77125,0.7326926309730101,0.6875,0.6875,0.7058823529411765,0.75,0.625,0.6666666666666666,0.7142857142857143,0.3779644730092272,30,15,25,10,,80,0
Proto-Adapter,raw,500,3,999,patient,0.875,0.8875,0.75,0.75,0.8,1.0,0.5,0.6666666666666666,1.0,0.5773502691896258,4,2,2,0,,8,0
Proto-Adapter,raw,1000,3,999,slice,0.77125,0.7326926309730101,0.6875,0.6875,0.7058823529411765,0.75,0.625,0.6666666666666666,0.7142857142857143,0.3779644730092272,30,15,25,10,,80,0
Proto-Adapter,raw,1000,3,999,patient,0.875,0.8875,0.75,0.75,0.8,1.0,0.5,0.6666666666666666,1.0,0.5773502691896258,4,2,2,0,,8,0
TaskRes,raw,500,3,42,slice,0.768125,0.7305930559436618,0.7125,0.7125,0.7228915662650602,0.75,0.675,0.6976744186046512,0.7297297297297297,0.4262003789793151,30,13,27,10,,80,0
TaskRes,raw,500,3,42,patient,0.875,0.8875,0.75,0.75,0.8,1.0,0.5,0.6666666666666666,1.0,0.5773502691896258,4,2,2,0,,8,0
TaskRes,raw,1000,3,42,slice,0.76875,0.7313847226103285,0.7,0.7,0.7142857142857143,0.75,0.65,0.6818181818181818,0.7222222222222222,0.40201512610368484,30,14,26,10,,80,0
TaskRes,raw,1000,3,42,patient,0.875,0.8875,0.75,0.75,0.8,1.0,0.5,0.6666666666666666,1.0,0.5773502691896258,4,2,2,0,,8,0
TaskRes,raw,1000,3,100,slice,0.76875,0.7313847226103285,0.7,0.7,0.7142857142857143,0.75,0.65,0.6818181818181818,0.7222222222222222,0.40201512610368484,30,14,26,10,,80,0
TaskRes,raw,1000,3,100,patient,0.875,0.8875,0.75,0.75,0.8,1.0,0.5,0.6666666666666666,1.0,0.5773502691896258,4,2,2,0,,8,0
TaskRes,raw,500,3,100,slice,0.768125,0.7305930559436618,0.7125,0.7125,0.7228915662650602,0.75,0.675,0.6976744186046512,0.7297297297297297,0.4262003789793151,30,13,27,10,,80,0
TaskRes,raw,500,3,100,patient,0.875,0.8875,0.75,0.75,0.8,1.0,0.5,0.6666666666666666,1.0,0.5773502691896258,4,2,2,0,,8,0
TaskRes,raw,500,3,2024,slice,0.768125,0.7305930559436618,0.7125,0.7125,0.7228915662650602,0.75,0.675,0.6976744186046512,0.7297297297297297,0.4262003789793151,30,13,27,10,,80,0
TaskRes,raw,500,3,2024,patient,0.875,0.8875,0.75,0.75,0.8,1.0,0.5,0.6666666666666666,1.0,0.5773502691896258,4,2,2,0,,8,0
TaskRes,raw,500,3,777,slice,0.768125,0.7305930559436618,0.7125,0.7125,0.7228915662650602,0.75,0.675,0.6976744186046512,0.7297297297297297,0.4262003789793151,30,13,27,10,,80,0
TaskRes,raw,500,3,777,patient,0.875,0.8875,0.75,0.75,0.8,1.0,0.5,0.6666666666666666,1.0,0.5773502691896258,4,2,2,0,,8,0
TaskRes,raw,1000,3,2024,slice,0.76875,0.7313847226103285,0.7,0.7,0.7142857142857143,0.75,0.65,0.6818181818181818,0.7222222222222222,0.40201512610368484,30,14,26,10,,80,0
TaskRes,raw,1000,3,2024,patient,0.875,0.8875,0.75,0.75,0.8,1.0,0.5,0.6666666666666666,1.0,0.5773502691896258,4,2,2,0,,8,0
TaskRes,raw,1000,3,777,slice,0.76875,0.7313847226103285,0.7,0.7,0.7142857142857143,0.75,0.65,0.6818181818181818,0.7222222222222222,0.40201512610368484,30,14,26,10,,80,0
TaskRes,raw,1000,3,777,patient,0.875,0.8875,0.75,0.75,0.8,1.0,0.5,0.6666666666666666,1.0,0.5773502691896258,4,2,2,0,,8,0
TaskRes,raw,1000,3,999,slice,0.76875,0.7313847226103285,0.7,0.7,0.7142857142857143,0.75,0.65,0.6818181818181818,0.7222222222222222,0.40201512610368484,30,14,26,10,,80,0
TaskRes,raw,1000,3,999,patient,0.875,0.8875,0.75,0.75,0.8,1.0,0.5,0.6666666666666666,1.0,0.5773502691896258,4,2,2,0,,8,0
TaskRes,raw,500,3,999,slice,0.768125,0.7305930559436618,0.7125,0.7125,0.7228915662650602,0.75,0.675,0.6976744186046512,0.7297297297297297,0.4262003789793151,30,13,27,10,,80,0
TaskRes,raw,500,3,999,patient,0.875,0.8875,0.75,0.75,0.8,1.0,0.5,0.6666666666666666,1.0,0.5773502691896258,4,2,2,0,,8,0
TaskRes+SAM,raw,500,3,42,slice,0.76875,0.7313847226103285,0.7125,0.7125,0.7228915662650602,0.75,0.675,0.6976744186046512,0.7297297297297297,0.4262003789793151,30,13,27,10,,80,0
TaskRes+SAM,raw,500,3,42,patient,0.875,0.8875,0.75,0.75,0.8,1.0,0.5,0.6666666666666666,1.0,0.5773502691896258,4,2,2,0,,8,0
TaskRes+SAM,raw,1000,3,42,slice,0.768125,0.7304106966363025,0.7,0.7,0.7142857142857143,0.75,0.65,0.6818181818181818,0.7222222222222222,0.40201512610368484,30,14,26,10,,80,0
TaskRes+SAM,raw,1000,3,42,patient,0.875,0.8875,0.75,0.75,0.8,1.0,0.5,0.6666666666666666,1.0,0.5773502691896258,4,2,2,0,,8,0
TaskRes+SAM,raw,500,3,100,slice,0.76875,0.7313847226103285,0.7125,0.7125,0.7228915662650602,0.75,0.675,0.6976744186046512,0.7297297297297297,0.4262003789793151,30,13,27,10,,80,0
TaskRes+SAM,raw,500,3,100,patient,0.875,0.8875,0.75,0.75,0.8,1.0,0.5,0.6666666666666666,1.0,0.5773502691896258,4,2,2,0,,8,0
TaskRes+SAM,raw,1000,3,100,slice,0.768125,0.7304106966363025,0.7,0.7,0.7142857142857143,0.75,0.65,0.6818181818181818,0.7222222222222222,0.40201512610368484,30,14,26,10,,80,0
TaskRes+SAM,raw,1000,3,100,patient,0.875,0.8875,0.75,0.75,0.8,1.0,0.5,0.6666666666666666,1.0,0.5773502691896258,4,2,2,0,,8,0
TaskRes+SAM,raw,500,3,2024,slice,0.76875,0.7313847226103285,0.7125,0.7125,0.7228915662650602,0.75,0.675,0.6976744186046512,0.7297297297297297,0.4262003789793151,30,13,27,10,,80,0
TaskRes+SAM,raw,500,3,2024,patient,0.875,0.8875,0.75,0.75,0.8,1.0,0.5,0.6666666666666666,1.0,0.5773502691896258,4,2,2,0,,8,0
TaskRes+SAM,raw,1000,3,2024,slice,0.768125,0.7304106966363025,0.7,0.7,0.7142857142857143,0.75,0.65,0.6818181818181818,0.7222222222222222,0.40201512610368484,30,14,26,10,,80,0
TaskRes+SAM,raw,1000,3,2024,patient,0.875,0.8875,0.75,0.75,0.8,1.0,0.5,0.6666666666666666,1.0,0.5773502691896258,4,2,2,0,,8,0
TaskRes+SAM,raw,500,3,777,slice,0.76875,0.7313847226103285,0.7125,0.7125,0.7228915662650602,0.75,0.675,0.6976744186046512,0.7297297297297297,0.4262003789793151,30,13,27,10,,80,0
TaskRes+SAM,raw,500,3,777,patient,0.875,0.8875,0.75,0.75,0.8,1.0,0.5,0.6666666666666666,1.0,0.5773502691896258,4,2,2,0,,8,0
TaskRes+SAM,raw,1000,3,777,slice,0.768125,0.7304106966363025,0.7,0.7,0.7142857142857143,0.75,0.65,0.6818181818181818,0.7222222222222222,0.40201512610368484,30,14,26,10,,80,0
TaskRes+SAM,raw,1000,3,777,patient,0.875,0.8875,0.75,0.75,0.8,1.0,0.5,0.6666666666666666,1.0,0.5773502691896258,4,2,2,0,,8,0
TaskRes+SAM,raw,500,3,999,slice,0.76875,0.7313847226103285,0.7125,0.7125,0.7228915662650602,0.75,0.675,0.6976744186046512,0.7297297297297297,0.4262003789793151,30,13,27,10,,80,0
TaskRes+SAM,raw,500,3,999,patient,0.875,0.8875,0.75,0.75,0.8,1.0,0.5,0.6666666666666666,1.0,0.5773502691896258,4,2,2,0,,8,0
TaskRes+SAM,raw,1000,3,999,slice,0.768125,0.7304106966363025,0.7,0.7,0.7142857142857143,0.75,0.65,0.6818181818181818,0.7222222222222222,0.40201512610368484,30,14,26,10,,80,0
TaskRes+SAM,raw,1000,3,999,patient,0.875,0.8875,0.75,0.75,0.8,1.0,0.5,0.6666666666666666,1.0,0.5773502691896258,4,2,2,0,,8,0
Tip-Adapter,clahe,500,4,0,slice,0.7854251012145749,0.7781860544337829,0.6883116883116883,0.6885964912280702,0.6842105263157895,0.6666666666666666,0.7105263157894737,0.7027027027027027,0.675,0.37744775653615603,26,11,27,13,,77,0
Tip-Adapter,clahe,500,4,0,patient,0.8125,0.8928571428571428,0.875,0.875,0.8571428571428571,0.75,1.0,1.0,0.8,0.7745966692414834,3,0,4,1,,8,0
Tip-Adapter,clahe,1000,4,0,slice,0.7850877192982456,0.7778223519424208,0.6883116883116883,0.6885964912280702,0.6842105263157895,0.6666666666666666,0.7105263157894737,0.7027027027027027,0.675,0.37744775653615603,26,11,27,13,,77,0
Tip-Adapter,clahe,1000,4,0,patient,0.8125,0.8928571428571428,0.875,0.875,0.8571428571428571,0.75,1.0,1.0,0.8,0.7745966692414834,3,0,4,1,,8,0
Zero-Shot,clahe,1000,4,0,slice,0.7887989203778677,0.7829238302980196,0.6753246753246753,0.6757759784075574,0.6666666666666666,0.6410256410256411,0.7105263157894737,0.6944444444444444,0.6585365853658537,0.35226576862991477,25,11,27,14,,77,0
Zero-Shot,clahe,1000,4,0,patient,0.8125,0.8928571428571428,0.875,0.875,0.8571428571428571,0.75,1.0,1.0,0.8,0.7745966692414834,3,0,4,1,,8,0
Zero-Shot,clahe,500,4,0,slice,0.7887989203778677,0.7829238302980196,0.6753246753246753,0.6757759784075574,0.6666666666666666,0.6410256410256411,0.7105263157894737,0.6944444444444444,0.6585365853658537,0.35226576862991477,25,11,27,14,,77,0
Zero-Shot,clahe,500,4,0,patient,0.8125,0.8928571428571428,0.875,0.875,0.8571428571428571,0.75,1.0,1.0,0.8,0.7745966692414834,3,0,4,1,,8,0
Tip-Adapter-F,clahe,500,4,42,slice,0.7887989203778677,0.7829238302980196,0.6753246753246753,0.6757759784075574,0.6666666666666666,0.6410256410256411,0.7105263157894737,0.6944444444444444,0.6585365853658537,0.35226576862991477,25,11,27,14,,77,0
Tip-Adapter-F,clahe,500,4,42,patient,0.8125,0.8928571428571428,0.875,0.875,0.8571428571428571,0.75,1.0,1.0,0.8,0.7745966692414834,3,0,4,1,,8,0
Tip-Adapter-F,clahe,1000,4,42,slice,0.7887989203778677,0.7829238302980196,0.6493506493506493,0.6501349527665317,0.6301369863013698,0.5897435897435898,0.7105263157894737,0.6764705882352942,0.627906976744186,0.3023167588519902,23,11,27,16,,77,0
Tip-Adapter-F,clahe,1000,4,42,patient,0.8125,0.8928571428571428,0.875,0.875,0.8571428571428571,0.75,1.0,1.0,0.8,0.7745966692414834,3,0,4,1,,8,0
Tip-Adapter-F,clahe,500,4,100,slice,0.7887989203778677,0.7829238302980196,0.6753246753246753,0.6757759784075574,0.6666666666666666,0.6410256410256411,0.7105263157894737,0.6944444444444444,0.6585365853658537,0.35226576862991477,25,11,27,14,,77,0
Tip-Adapter-F,clahe,500,4,100,patient,0.8125,0.8928571428571428,0.875,0.875,0.8571428571428571,0.75,1.0,1.0,0.8,0.7745966692414834,3,0,4,1,,8,0
Tip-Adapter-F,clahe,1000,4,100,slice,0.7887989203778677,0.7829238302980196,0.6493506493506493,0.6501349527665317,0.6301369863013698,0.5897435897435898,0.7105263157894737,0.6764705882352942,0.627906976744186,0.3023167588519902,23,11,27,16,,77,0
Tip-Adapter-F,clahe,1000,4,100,patient,0.8125,0.8928571428571428,0.875,0.875,0.8571428571428571,0.75,1.0,1.0,0.8,0.7745966692414834,3,0,4,1,,8,0
Tip-Adapter-F,clahe,500,4,2024,slice,0.7887989203778677,0.7829238302980196,0.6753246753246753,0.6757759784075574,0.6666666666666666,0.6410256410256411,0.7105263157894737,0.6944444444444444,0.6585365853658537,0.35226576862991477,25,11,27,14,,77,0
Tip-Adapter-F,clahe,500,4,2024,patient,0.8125,0.8928571428571428,0.875,0.875,0.8571428571428571,0.75,1.0,1.0,0.8,0.7745966692414834,3,0,4,1,,8,0
Tip-Adapter-F,clahe,1000,4,2024,slice,0.7887989203778677,0.7829238302980196,0.6493506493506493,0.6501349527665317,0.6301369863013698,0.5897435897435898,0.7105263157894737,0.6764705882352942,0.627906976744186,0.3023167588519902,23,11,27,16,,77,0
Tip-Adapter-F,clahe,1000,4,2024,patient,0.8125,0.8928571428571428,0.875,0.875,0.8571428571428571,0.75,1.0,1.0,0.8,0.7745966692414834,3,0,4,1,,8,0
Tip-Adapter-F,clahe,500,4,777,slice,0.7887989203778677,0.7829238302980196,0.6753246753246753,0.6757759784075574,0.6666666666666666,0.6410256410256411,0.7105263157894737,0.6944444444444444,0.6585365853658537,0.35226576862991477,25,11,27,14,,77,0
Tip-Adapter-F,clahe,500,4,777,patient,0.8125,0.8928571428571428,0.875,0.875,0.8571428571428571,0.75,1.0,1.0,0.8,0.7745966692414834,3,0,4,1,,8,0
Tip-Adapter-F,clahe,1000,4,777,slice,0.7887989203778677,0.7829238302980196,0.6493506493506493,0.6501349527665317,0.6301369863013698,0.5897435897435898,0.7105263157894737,0.6764705882352942,0.627906976744186,0.3023167588519902,23,11,27,16,,77,0
Tip-Adapter-F,clahe,1000,4,777,patient,0.8125,0.8928571428571428,0.875,0.875,0.8571428571428571,0.75,1.0,1.0,0.8,0.7745966692414834,3,0,4,1,,8,0
Tip-Adapter-F,clahe,500,4,999,slice,0.7887989203778677,0.7829238302980196,0.6753246753246753,0.6757759784075574,0.6666666666666666,0.6410256410256411,0.7105263157894737,0.6944444444444444,0.6585365853658537,0.35226576862991477,25,11,27,14,,77,0
Tip-Adapter-F,clahe,500,4,999,patient,0.8125,0.8928571428571428,0.875,0.875,0.8571428571428571,0.75,1.0,1.0,0.8,0.7745966692414834,3,0,4,1,,8,0
Tip-Adapter-F,clahe,1000,4,999,slice,0.7887989203778677,0.7829238302980196,0.6493506493506493,0.6501349527665317,0.6301369863013698,0.5897435897435898,0.7105263157894737,0.6764705882352942,0.627906976744186,0.3023167588519902,23,11,27,16,,77,0
Tip-Adapter-F,clahe,1000,4,999,patient,0.8125,0.8928571428571428,0.875,0.875,0.8571428571428571,0.75,1.0,1.0,0.8,0.7745966692414834,3,0,4,1,,8,0
Tip-Adapter-F+SAM,clahe,500,4,42,slice,0.7887989203778677,0.7829238302980196,0.6753246753246753,0.6757759784075574,0.6666666666666666,0.6410256410256411,0.7105263157894737,0.6944444444444444,0.6585365853658537,0.35226576862991477,25,11,27,14,,77,0
Tip-Adapter-F+SAM,clahe,500,4,42,patient,0.8125,0.8928571428571428,0.875,0.875,0.8571428571428571,0.75,1.0,1.0,0.8,0.7745966692414834,3,0,4,1,,8,0
Tip-Adapter-F+SAM,clahe,1000,4,42,slice,0.7887989203778677,0.7829238302980196,0.6753246753246753,0.6757759784075574,0.6666666666666666,0.6410256410256411,0.7105263157894737,0.6944444444444444,0.6585365853658537,0.35226576862991477,25,11,27,14,,77,0
Tip-Adapter-F+SAM,clahe,1000,4,42,patient,0.8125,0.8928571428571428,0.875,0.875,0.8571428571428571,0.75,1.0,1.0,0.8,0.7745966692414834,3,0,4,1,,8,0
Tip-Adapter-F+SAM,clahe,500,4,100,slice,0.7887989203778677,0.7829238302980196,0.6753246753246753,0.6757759784075574,0.6666666666666666,0.6410256410256411,0.7105263157894737,0.6944444444444444,0.6585365853658537,0.35226576862991477,25,11,27,14,,77,0
Tip-Adapter-F+SAM,clahe,500,4,100,patient,0.8125,0.8928571428571428,0.875,0.875,0.8571428571428571,0.75,1.0,1.0,0.8,0.7745966692414834,3,0,4,1,,8,0
Tip-Adapter-F+SAM,clahe,1000,4,100,slice,0.7887989203778677,0.7829238302980196,0.6753246753246753,0.6757759784075574,0.6666666666666666,0.6410256410256411,0.7105263157894737,0.6944444444444444,0.6585365853658537,0.35226576862991477,25,11,27,14,,77,0
Tip-Adapter-F+SAM,clahe,1000,4,100,patient,0.8125,0.8928571428571428,0.875,0.875,0.8571428571428571,0.75,1.0,1.0,0.8,0.7745966692414834,3,0,4,1,,8,0
Tip-Adapter-F+SAM,clahe,500,4,2024,slice,0.7887989203778677,0.7829238302980196,0.6753246753246753,0.6757759784075574,0.6666666666666666,0.6410256410256411,0.7105263157894737,0.6944444444444444,0.6585365853658537,0.35226576862991477,25,11,27,14,,77,0
Tip-Adapter-F+SAM,clahe,500,4,2024,patient,0.8125,0.8928571428571428,0.875,0.875,0.8571428571428571,0.75,1.0,1.0,0.8,0.7745966692414834,3,0,4,1,,8,0
Tip-Adapter-F+SAM,clahe,1000,4,2024,slice,0.7887989203778677,0.7829238302980196,0.6753246753246753,0.6757759784075574,0.6666666666666666,0.6410256410256411,0.7105263157894737,0.6944444444444444,0.6585365853658537,0.35226576862991477,25,11,27,14,,77,0
Tip-Adapter-F+SAM,clahe,1000,4,2024,patient,0.8125,0.8928571428571428,0.875,0.875,0.8571428571428571,0.75,1.0,1.0,0.8,0.7745966692414834,3,0,4,1,,8,0
Tip-Adapter-F+SAM,clahe,500,4,777,slice,0.7887989203778677,0.7829238302980196,0.6753246753246753,0.6757759784075574,0.6666666666666666,0.6410256410256411,0.7105263157894737,0.6944444444444444,0.6585365853658537,0.35226576862991477,25,11,27,14,,77,0
Tip-Adapter-F+SAM,clahe,500,4,777,patient,0.8125,0.8928571428571428,0.875,0.875,0.8571428571428571,0.75,1.0,1.0,0.8,0.7745966692414834,3,0,4,1,,8,0
Tip-Adapter-F+SAM,clahe,1000,4,777,slice,0.7887989203778677,0.7829238302980196,0.6753246753246753,0.6757759784075574,0.6666666666666666,0.6410256410256411,0.7105263157894737,0.6944444444444444,0.6585365853658537,0.35226576862991477,25,11,27,14,,77,0
Tip-Adapter-F+SAM,clahe,1000,4,777,patient,0.8125,0.8928571428571428,0.875,0.875,0.8571428571428571,0.75,1.0,1.0,0.8,0.7745966692414834,3,0,4,1,,8,0
Tip-Adapter-F+SAM,clahe,500,4,999,slice,0.7887989203778677,0.7829238302980196,0.6753246753246753,0.6757759784075574,0.6666666666666666,0.6410256410256411,0.7105263157894737,0.6944444444444444,0.6585365853658537,0.35226576862991477,25,11,27,14,,77,0
Tip-Adapter-F+SAM,clahe,500,4,999,patient,0.8125,0.8928571428571428,0.875,0.875,0.8571428571428571,0.75,1.0,1.0,0.8,0.7745966692414834,3,0,4,1,,8,0
Tip-Adapter-F+SAM,clahe,1000,4,999,slice,0.7887989203778677,0.7829238302980196,0.6753246753246753,0.6757759784075574,0.6666666666666666,0.6410256410256411,0.7105263157894737,0.6944444444444444,0.6585365853658537,0.35226576862991477,25,11,27,14,,77,0
Tip-Adapter-F+SAM,clahe,1000,4,999,patient,0.8125,0.8928571428571428,0.875,0.875,0.8571428571428571,0.75,1.0,1.0,0.8,0.7745966692414834,3,0,4,1,,8,0
CLIP-Adapter,clahe,500,4,42,slice,0.786774628879892,0.7989668340443865,0.5064935064935064,0.5,0.6724137931034483,1.0,0.0,0.5064935064935064,,0.0,39,38,0,0,,77,1
CLIP-Adapter,clahe,500,4,42,patient,0.8125,0.8928571428571428,0.75,0.75,0.75,0.75,0.75,0.75,0.75,0.5,3,1,3,1,,8,0
CLIP-Adapter,clahe,1000,4,42,slice,0.7408906882591093,0.7800947691201237,0.5064935064935064,0.5,0.6724137931034483,1.0,0.0,0.5064935064935064,,0.0,39,38,0,0,,77,1
CLIP-Adapter,clahe,1000,4,42,patient,0.8125,0.8928571428571428,0.5,0.5,0.6666666666666666,1.0,0.0,0.5,,0.0,4,4,0,0,,8,1
CLIP-Adapter,clahe,500,4,100,slice,0.7881241565452092,0.7993315589406865,0.6883116883116883,0.6909581646423751,0.6129032258064516,0.48717948717948717,0.8947368421052632,0.8260869565217391,0.6296296296296297,0.4171877344518993,19,4,34,20,,77,0
CLIP-Adapter,clahe,500,4,100,patient,0.8125,0.8928571428571428,0.875,0.875,0.8571428571428571,0.75,1.0,1.0,0.8,0.7745966692414834,3,0,4,1,,8,0
CLIP-Adapter,clahe,1000,4,100,slice,0.7672064777327935,0.7922540388400122,0.5064935064935064,0.5,0.6724137931034483,1.0,0.0,0.5064935064935064,,0.0,39,38,0,0,,77,1
CLIP-Adapter,clahe,1000,4,100,patient,0.8125,0.8928571428571428,0.875,0.875,0.8571428571428571,0.75,1.0,1.0,0.8,0.7745966692414834,3,0,4,1,,8,0
CLIP-Adapter,clahe,500,4,2024,slice,0.7901484480431848,0.7981203418565372,0.6623376623376623,0.664642375168691,0.59375,0.48717948717948717,0.8421052631578947,0.76,0.6153846153846154,0.35157990465528205,19,6,32,20,,77,0
CLIP-Adapter,clahe,500,4,2024,patient,0.8125,0.8928571428571428,0.75,0.75,0.6666666666666666,0.5,1.0,1.0,0.6666666666666666,0.5773502691896258,2,0,4,2,,8,0
CLIP-Adapter,clahe,1000,4,2024,slice,0.7847503373819164,0.7976132973833645,0.5714285714285714,0.5657894736842105,0.7027027027027027,1.0,0.13157894736842105,0.5416666666666666,1.0,0.2669680314654948,39,33,5,0,,77,0
CLIP-Adapter,clahe,1000,4,2024,patient,0.8125,0.8928571428571428,0.625,0.625,0.7272727272727273,1.0,0.25,0.5714285714285714,1.0,0.3779644730092272,4,3,1,0,,8,0
CLIP-Adapter,clahe,500,4,777,slice,0.782051282051282,0.7962022079049229,0.6623376623376623,0.664642375168691,0.59375,0.48717948717948717,0.8421052631578947,0.76,0.6153846153846154,0.35157990465528205,19,6,32,20,,77,0
CLIP-Adapter,clahe,500,4,777,patient,0.8125,0.8928571428571428,0.875,0.875,0.8571428571428571,0.75,1.0,1.0,0.8,0.7745966692414834,3,0,4,1,,8,0
CLIP-Adapter,clahe,1000,4,777,slice,0.7213225371120108,0.7718047013946963,0.5064935064935064,0.5,0.6724137931034483,1.0,0.0,0.5064935064935064,,0.0,39,38,0,0,,77,1
CLIP-Adapter,clahe,1000,4,777,patient,0.8125,0.8928571428571428,0.5,0.5,0.6666666666666666,1.0,0.0,0.5,,0.0,4,4,0,0,,8,1
CLIP-Adapter,clahe,500,4,999,slice,0.7874493927125507,0.7939891553692338,0.5064935064935064,0.5,0.6724137931034483,1.0,0.0,0.5064935064935064,,0.0,39,38,0,0,,77,1
CLIP-Adapter,clahe,500,4,999,patient,0.8125,0.8928571428571428,0.625,0.625,0.6666666666666666,0.75,0.5,0.6,0.6666666666666666,0.2581988897471611,3,2,2,1,,8,0
CLIP-Adapter,clahe,1000,4,999,slice,0.7685560053981106,0.7909621200689475,0.5064935064935064,0.5,0.6724137931034483,1.0,0.0,0.5064935064935064,,0.0,39,38,0,0,,77,1
CLIP-Adapter,clahe,1000,4,999,patient,0.8125,0.8928571428571428,0.5,0.5,0.6666666666666666,1.0,0.0,0.5,,0.0,4,4,0,0,,8,1
CoOp,clahe,500,4,42,slice,0.7874493927125507,0.7835554676332348,0.6493506493506493,0.6501349527665317,0.6301369863013698,0.5897435897435898,0.7105263157894737,0.6764705882352942,0.627906976744186,0.3023167588519902,23,11,27,16,,77,0
CoOp,clahe,500,4,42,patient,0.8125,0.8928571428571428,0.875,0.875,0.8571428571428571,0.75,1.0,1.0,0.8,0.7745966692414834,3,0,4,1,,8,0
CoOp,clahe,1000,4,42,slice,0.7860998650472335,0.773296251993447,0.6623376623376623,0.6629554655870445,0.6486486486486487,0.6153846153846154,0.7105263157894737,0.6857142857142857,0.6428571428571429,0.3272384761040715,24,11,27,15,,77,0
CoOp,clahe,1000,4,42,patient,0.8125,0.8928571428571428,0.875,0.875,0.8571428571428571,0.75,1.0,1.0,0.8,0.7745966692414834,3,0,4,1,,8,0
CoOp,clahe,500,4,100,slice,0.7941970310391363,0.7752561957972286,0.6753246753246753,0.6754385964912281,0.6753246753246753,0.6666666666666666,0.6842105263157895,0.6842105263157895,0.6666666666666666,0.3508771929824561,26,12,26,13,,77,0
CoOp,clahe,500,4,100,patient,0.8125,0.8928571428571428,0.875,0.875,0.8571428571428571,0.75,1.0,1.0,0.8,0.7745966692414834,3,0,4,1,,8,0
CoOp,clahe,1000,4,100,slice,0.7844129554655871,0.7683383519552686,0.6753246753246753,0.6740890688259109,0.7058823529411765,0.7692307692307693,0.5789473684210527,0.6521739130434783,0.7096774193548387,0.35494890198629486,30,16,22,9,,77,0
CoOp,clahe,1000,4,100,patient,0.8125,0.8928571428571428,0.875,0.875,0.8571428571428571,0.75,1.0,1.0,0.8,0.7745966692414834,3,0,4,1,,8,0
CoOp,clahe,500,4,2024,slice,0.7847503373819164,0.7747500709109237,0.6753246753246753,0.6757759784075574,0.6666666666666666,0.6410256410256411,0.7105263157894737,0.6944444444444444,0.6585365853658537,0.35226576862991477,25,11,27,14,,77,0
CoOp,clahe,500,4,2024,patient,0.8125,0.8928571428571428,0.875,0.875,0.8571428571428571,0.75,1.0,1.0,0.8,0.7745966692414834,3,0,4,1,,8,0
CoOp,clahe,1000,4,2024,slice,0.786774628879892,0.782559515305734,0.6363636363636364,0.6376518218623481,0.6,0.5384615384615384,0.7368421052631579,0.6774193548387096,0.6086956521739131,0.28065727133800056,21,10,28,18,,77,0
CoOp,clahe,1000,4,2024,patient,0.8125,0.8928571428571428,0.875,0.875,0.8571428571428571,0.75,1.0,1.0,0.8,0.7745966692414834,3,0,4,1,,8,0
CoOp,clahe,500,4,777,slice,0.791497975708502,0.7793182593340302,0.7012987012987013,0.7004048582995952,0.7228915662650602,0.7692307692307693,0.631578947368421,0.6818181818181818,0.7272727272727273,0.40492914359926274,30,14,24,9,,77,0
CoOp,clahe,500,4,777,patient,0.8125,0.8928571428571428,0.875,0.875,0.8571428571428571,0.75,1.0,1.0,0.8,0.7745966692414834,3,0,4,1,,8,0
CoOp,clahe,1000,4,777,slice,0.7847503373819164,0.7821192335985139,0.6883116883116883,0.6899460188933872,0.6470588235294118,0.5641025641025641,0.8157894736842105,0.7586206896551724,0.6458333333333334,0.39198069210633635,22,7,31,17,,77,0
CoOp,clahe,1000,4,777,patient,0.8125,0.8928571428571428,0.875,0.875,0.8571428571428571,0.75,1.0,1.0,0.8,0.7745966692414834,3,0,4,1,,8,0
CoOp,clahe,500,4,999,slice,0.7887989203778677,0.7818120935143283,0.6493506493506493,0.6501349527665317,0.6301369863013698,0.5897435897435898,0.7105263157894737,0.6764705882352942,0.627906976744186,0.3023167588519902,23,11,27,16,,77,0
CoOp,clahe,500,4,999,patient,0.8125,0.8928571428571428,0.875,0.875,0.8571428571428571,0.75,1.0,1.0,0.8,0.7745966692414834,3,0,4,1,,8,0
Nearest Centroid,clahe,1000,4,0,slice,0.786774628879892,0.7982491833002882,0.6753246753246753,0.6754385964912281,0.6753246753246753,0.6666666666666666,0.6842105263157895,0.6842105263157895,0.6666666666666666,0.3508771929824561,26,12,26,13,,77,0
Nearest Centroid,clahe,1000,4,0,patient,0.8125,0.8928571428571428,0.875,0.875,0.8571428571428571,0.75,1.0,1.0,0.8,0.7745966692414834,3,0,4,1,,8,0
Nearest Centroid,clahe,500,4,0,slice,0.7881241565452092,0.7987912027060907,0.6753246753246753,0.6754385964912281,0.6753246753246753,0.6666666666666666,0.6842105263157895,0.6842105263157895,0.6666666666666666,0.3508771929824561,26,12,26,13,,77,0
Nearest Centroid,clahe,500,4,0,patient,0.8125,0.8928571428571428,0.875,0.875,0.8571428571428571,0.75,1.0,1.0,0.8,0.7745966692414834,3,0,4,1,,8,0
CoOp,clahe,1000,4,999,slice,0.7847503373819164,0.7832545864382477,0.6623376623376623,0.6622807017543859,0.6666666666666666,0.6666666666666666,0.6578947368421053,0.6666666666666666,0.6578947368421053,0.32456140350877194,26,13,25,13,,77,0
CoOp,clahe,1000,4,999,patient,0.8125,0.8928571428571428,0.875,0.875,0.8571428571428571,0.75,1.0,1.0,0.8,0.7745966692414834,3,0,4,1,,8,0
Proto-Adapter,clahe,1000,4,42,slice,0.786774628879892,0.7982491833002882,0.6753246753246753,0.6754385964912281,0.6753246753246753,0.6666666666666666,0.6842105263157895,0.6842105263157895,0.6666666666666666,0.3508771929824561,26,12,26,13,,77,0
Proto-Adapter,clahe,1000,4,42,patient,0.8125,0.8928571428571428,0.875,0.875,0.8571428571428571,0.75,1.0,1.0,0.8,0.7745966692414834,3,0,4,1,,8,0
Proto-Adapter,clahe,500,4,42,slice,0.7874493927125507,0.7984686740816753,0.6753246753246753,0.6754385964912281,0.6753246753246753,0.6666666666666666,0.6842105263157895,0.6842105263157895,0.6666666666666666,0.3508771929824561,26,12,26,13,,77,0
Proto-Adapter,clahe,500,4,42,patient,0.8125,0.8928571428571428,0.875,0.875,0.8571428571428571,0.75,1.0,1.0,0.8,0.7745966692414834,3,0,4,1,,8,0
Proto-Adapter,clahe,1000,4,100,slice,0.786774628879892,0.7982491833002882,0.6753246753246753,0.6754385964912281,0.6753246753246753,0.6666666666666666,0.6842105263157895,0.6842105263157895,0.6666666666666666,0.3508771929824561,26,12,26,13,,77,0
Proto-Adapter,clahe,1000,4,100,patient,0.8125,0.8928571428571428,0.875,0.875,0.8571428571428571,0.75,1.0,1.0,0.8,0.7745966692414834,3,0,4,1,,8,0
Proto-Adapter,clahe,500,4,100,slice,0.7874493927125507,0.7984686740816753,0.6753246753246753,0.6754385964912281,0.6753246753246753,0.6666666666666666,0.6842105263157895,0.6842105263157895,0.6666666666666666,0.3508771929824561,26,12,26,13,,77,0
Proto-Adapter,clahe,500,4,100,patient,0.8125,0.8928571428571428,0.875,0.875,0.8571428571428571,0.75,1.0,1.0,0.8,0.7745966692414834,3,0,4,1,,8,0
Proto-Adapter,clahe,1000,4,2024,slice,0.786774628879892,0.7982491833002882,0.6753246753246753,0.6754385964912281,0.6753246753246753,0.6666666666666666,0.6842105263157895,0.6842105263157895,0.6666666666666666,0.3508771929824561,26,12,26,13,,77,0
Proto-Adapter,clahe,1000,4,2024,patient,0.8125,0.8928571428571428,0.875,0.875,0.8571428571428571,0.75,1.0,1.0,0.8,0.7745966692414834,3,0,4,1,,8,0
Proto-Adapter,clahe,500,4,2024,slice,0.7874493927125507,0.7984686740816753,0.6753246753246753,0.6754385964912281,0.6753246753246753,0.6666666666666666,0.6842105263157895,0.6842105263157895,0.6666666666666666,0.3508771929824561,26,12,26,13,,77,0
Proto-Adapter,clahe,500,4,2024,patient,0.8125,0.8928571428571428,0.875,0.875,0.8571428571428571,0.75,1.0,1.0,0.8,0.7745966692414834,3,0,4,1,,8,0
Proto-Adapter,clahe,500,4,777,slice,0.7874493927125507,0.7984686740816753,0.6753246753246753,0.6754385964912281,0.6753246753246753,0.6666666666666666,0.6842105263157895,0.6842105263157895,0.6666666666666666,0.3508771929824561,26,12,26,13,,77,0
Proto-Adapter,clahe,500,4,777,patient,0.8125,0.8928571428571428,0.875,0.875,0.8571428571428571,0.75,1.0,1.0,0.8,0.7745966692414834,3,0,4,1,,8,0
Proto-Adapter,clahe,1000,4,777,slice,0.786774628879892,0.7982491833002882,0.6753246753246753,0.6754385964912281,0.6753246753246753,0.6666666666666666,0.6842105263157895,0.6842105263157895,0.6666666666666666,0.3508771929824561,26,12,26,13,,77,0
Proto-Adapter,clahe,1000,4,777,patient,0.8125,0.8928571428571428,0.875,0.875,0.8571428571428571,0.75,1.0,1.0,0.8,0.7745966692414834,3,0,4,1,,8,0
Proto-Adapter,clahe,1000,4,999,slice,0.786774628879892,0.7982491833002882,0.6753246753246753,0.6754385964912281,0.6753246753246753,0.6666666666666666,0.6842105263157895,0.6842105263157895,0.6666666666666666,0.3508771929824561,26,12,26,13,,77,0
Proto-Adapter,clahe,1000,4,999,patient,0.8125,0.8928571428571428,0.875,0.875,0.8571428571428571,0.75,1.0,1.0,0.8,0.7745966692414834,3,0,4,1,,8,0
Proto-Adapter,clahe,500,4,999,slice,0.7874493927125507,0.7984686740816753,0.6753246753246753,0.6754385964912281,0.6753246753246753,0.6666666666666666,0.6842105263157895,0.6842105263157895,0.6666666666666666,0.3508771929824561,26,12,26,13,,77,0
Proto-Adapter,clahe,500,4,999,patient,0.8125,0.8928571428571428,0.875,0.875,0.8571428571428571,0.75,1.0,1.0,0.8,0.7745966692414834,3,0,4,1,,8,0
TaskRes,clahe,1000,4,42,slice,0.7847503373819164,0.7779018603054082,0.6883116883116883,0.6885964912280702,0.6842105263157895,0.6666666666666666,0.7105263157894737,0.7027027027027027,0.675,0.37744775653615603,26,11,27,13,,77,0
TaskRes,clahe,1000,4,42,patient,0.8125,0.8928571428571428,0.875,0.875,0.8571428571428571,0.75,1.0,1.0,0.8,0.7745966692414834,3,0,4,1,,8,0
TaskRes,clahe,500,4,42,slice,0.7874493927125507,0.7793331517018723,0.6753246753246753,0.6757759784075574,0.6666666666666666,0.6410256410256411,0.7105263157894737,0.6944444444444444,0.6585365853658537,0.35226576862991477,25,11,27,14,,77,0
TaskRes,clahe,500,4,42,patient,0.8125,0.8928571428571428,0.875,0.875,0.8571428571428571,0.75,1.0,1.0,0.8,0.7745966692414834,3,0,4,1,,8,0
TaskRes,clahe,500,4,2024,slice,0.7874493927125507,0.7793331517018723,0.6753246753246753,0.6757759784075574,0.6666666666666666,0.6410256410256411,0.7105263157894737,0.6944444444444444,0.6585365853658537,0.35226576862991477,25,11,27,14,,77,0
TaskRes,clahe,500,4,2024,patient,0.8125,0.8928571428571428,0.875,0.875,0.8571428571428571,0.75,1.0,1.0,0.8,0.7745966692414834,3,0,4,1,,8,0
TaskRes,clahe,1000,4,100,slice,0.7847503373819164,0.7779018603054082,0.6883116883116883,0.6885964912280702,0.6842105263157895,0.6666666666666666,0.7105263157894737,0.7027027027027027,0.675,0.37744775653615603,26,11,27,13,,77,0
TaskRes,clahe,1000,4,100,patient,0.8125,0.8928571428571428,0.875,0.875,0.8571428571428571,0.75,1.0,1.0,0.8,0.7745966692414834,3,0,4,1,,8,0
TaskRes,clahe,500,4,100,slice,0.7874493927125507,0.7793331517018723,0.6753246753246753,0.6757759784075574,0.6666666666666666,0.6410256410256411,0.7105263157894737,0.6944444444444444,0.6585365853658537,0.35226576862991477,25,11,27,14,,77,0
TaskRes,clahe,500,4,100,patient,0.8125,0.8928571428571428,0.875,0.875,0.8571428571428571,0.75,1.0,1.0,0.8,0.7745966692414834,3,0,4,1,,8,0
TaskRes,clahe,500,4,777,slice,0.7874493927125507,0.7793331517018723,0.6753246753246753,0.6757759784075574,0.6666666666666666,0.6410256410256411,0.7105263157894737,0.6944444444444444,0.6585365853658537,0.35226576862991477,25,11,27,14,,77,0
TaskRes,clahe,500,4,777,patient,0.8125,0.8928571428571428,0.875,0.875,0.8571428571428571,0.75,1.0,1.0,0.8,0.7745966692414834,3,0,4,1,,8,0
TaskRes,clahe,1000,4,2024,slice,0.7847503373819164,0.7779018603054082,0.6883116883116883,0.6885964912280702,0.6842105263157895,0.6666666666666666,0.7105263157894737,0.7027027027027027,0.675,0.37744775653615603,26,11,27,13,,77,0
TaskRes,clahe,1000,4,2024,patient,0.8125,0.8928571428571428,0.875,0.875,0.8571428571428571,0.75,1.0,1.0,0.8,0.7745966692414834,3,0,4,1,,8,0
TaskRes,clahe,1000,4,777,slice,0.7847503373819164,0.7779018603054082,0.6883116883116883,0.6885964912280702,0.6842105263157895,0.6666666666666666,0.7105263157894737,0.7027027027027027,0.675,0.37744775653615603,26,11,27,13,,77,0
TaskRes,clahe,1000,4,777,patient,0.8125,0.8928571428571428,0.875,0.875,0.8571428571428571,0.75,1.0,1.0,0.8,0.7745966692414834,3,0,4,1,,8,0
TaskRes,clahe,500,4,999,slice,0.7874493927125507,0.7793331517018723,0.6753246753246753,0.6757759784075574,0.6666666666666666,0.6410256410256411,0.7105263157894737,0.6944444444444444,0.6585365853658537,0.35226576862991477,25,11,27,14,,77,0
TaskRes,clahe,500,4,999,patient,0.8125,0.8928571428571428,0.875,0.875,0.8571428571428571,0.75,1.0,1.0,0.8,0.7745966692414834,3,0,4,1,,8,0
TaskRes,clahe,1000,4,999,slice,0.7847503373819164,0.7779018603054082,0.6883116883116883,0.6885964912280702,0.6842105263157895,0.6666666666666666,0.7105263157894737,0.7027027027027027,0.675,0.37744775653615603,26,11,27,13,,77,0
TaskRes,clahe,1000,4,999,patient,0.8125,0.8928571428571428,0.875,0.875,0.8571428571428571,0.75,1.0,1.0,0.8,0.7745966692414834,3,0,4,1,,8,0
TaskRes+SAM,clahe,500,4,42,slice,0.786774628879892,0.7791070096846857,0.6753246753246753,0.6757759784075574,0.6666666666666666,0.6410256410256411,0.7105263157894737,0.6944444444444444,0.6585365853658537,0.35226576862991477,25,11,27,14,,77,0
TaskRes+SAM,clahe,500,4,42,patient,0.8125,0.8928571428571428,0.875,0.875,0.8571428571428571,0.75,1.0,1.0,0.8,0.7745966692414834,3,0,4,1,,8,0
TaskRes+SAM,clahe,1000,4,42,slice,0.7860998650472335,0.7784438797112109,0.6753246753246753,0.6757759784075574,0.6666666666666666,0.6410256410256411,0.7105263157894737,0.6944444444444444,0.6585365853658537,0.35226576862991477,25,11,27,14,,77,0
TaskRes+SAM,clahe,1000,4,42,patient,0.8125,0.8928571428571428,0.875,0.875,0.8571428571428571,0.75,1.0,1.0,0.8,0.7745966692414834,3,0,4,1,,8,0
TaskRes+SAM,clahe,500,4,100,slice,0.786774628879892,0.7791070096846857,0.6753246753246753,0.6757759784075574,0.6666666666666666,0.6410256410256411,0.7105263157894737,0.6944444444444444,0.6585365853658537,0.35226576862991477,25,11,27,14,,77,0
TaskRes+SAM,clahe,500,4,100,patient,0.8125,0.8928571428571428,0.875,0.875,0.8571428571428571,0.75,1.0,1.0,0.8,0.7745966692414834,3,0,4,1,,8,0
TaskRes+SAM,clahe,1000,4,100,slice,0.7860998650472335,0.7784438797112109,0.6753246753246753,0.6757759784075574,0.6666666666666666,0.6410256410256411,0.7105263157894737,0.6944444444444444,0.6585365853658537,0.35226576862991477,25,11,27,14,,77,0
TaskRes+SAM,clahe,1000,4,100,patient,0.8125,0.8928571428571428,0.875,0.875,0.8571428571428571,0.75,1.0,1.0,0.8,0.7745966692414834,3,0,4,1,,8,0
TaskRes+SAM,clahe,500,4,2024,slice,0.786774628879892,0.7791070096846857,0.6753246753246753,0.6757759784075574,0.6666666666666666,0.6410256410256411,0.7105263157894737,0.6944444444444444,0.6585365853658537,0.35226576862991477,25,11,27,14,,77,0
TaskRes+SAM,clahe,500,4,2024,patient,0.8125,0.8928571428571428,0.875,0.875,0.8571428571428571,0.75,1.0,1.0,0.8,0.7745966692414834,3,0,4,1,,8,0
TaskRes+SAM,clahe,1000,4,2024,slice,0.7860998650472335,0.7784438797112109,0.6753246753246753,0.6757759784075574,0.6666666666666666,0.6410256410256411,0.7105263157894737,0.6944444444444444,0.6585365853658537,0.35226576862991477,25,11,27,14,,77,0
TaskRes+SAM,clahe,1000,4,2024,patient,0.8125,0.8928571428571428,0.875,0.875,0.8571428571428571,0.75,1.0,1.0,0.8,0.7745966692414834,3,0,4,1,,8,0
TaskRes+SAM,clahe,500,4,777,slice,0.786774628879892,0.7791070096846857,0.6753246753246753,0.6757759784075574,0.6666666666666666,0.6410256410256411,0.7105263157894737,0.6944444444444444,0.6585365853658537,0.35226576862991477,25,11,27,14,,77,0
TaskRes+SAM,clahe,500,4,777,patient,0.8125,0.8928571428571428,0.875,0.875,0.8571428571428571,0.75,1.0,1.0,0.8,0.7745966692414834,3,0,4,1,,8,0
TaskRes+SAM,clahe,1000,4,777,slice,0.7860998650472335,0.7784438797112109,0.6753246753246753,0.6757759784075574,0.6666666666666666,0.6410256410256411,0.7105263157894737,0.6944444444444444,0.6585365853658537,0.35226576862991477,25,11,27,14,,77,0
TaskRes+SAM,clahe,1000,4,777,patient,0.8125,0.8928571428571428,0.875,0.875,0.8571428571428571,0.75,1.0,1.0,0.8,0.7745966692414834,3,0,4,1,,8,0
TaskRes+SAM,clahe,500,4,999,slice,0.786774628879892,0.7791070096846857,0.6753246753246753,0.6757759784075574,0.6666666666666666,0.6410256410256411,0.7105263157894737,0.6944444444444444,0.6585365853658537,0.35226576862991477,25,11,27,14,,77,0
TaskRes+SAM,clahe,500,4,999,patient,0.8125,0.8928571428571428,0.875,0.875,0.8571428571428571,0.75,1.0,1.0,0.8,0.7745966692414834,3,0,4,1,,8,0
TaskRes+SAM,clahe,1000,4,999,slice,0.7860998650472335,0.7784438797112109,0.6753246753246753,0.6757759784075574,0.6666666666666666,0.6410256410256411,0.7105263157894737,0.6944444444444444,0.6585365853658537,0.35226576862991477,25,11,27,14,,77,0
TaskRes+SAM,clahe,1000,4,999,patient,0.8125,0.8928571428571428,0.875,0.875,0.8571428571428571,0.75,1.0,1.0,0.8,0.7745966692414834,3,0,4,1,,8,0
Tip-Adapter,raw,500,4,0,slice,0.747638326585695,0.7646148672318691,0.6363636363636364,0.6366396761133604,0.631578947368421,0.6153846153846154,0.6578947368421053,0.6486486486486487,0.625,0.27346393809864616,24,13,25,15,,77,0
Tip-Adapter,raw,500,4,0,patient,0.8125,0.8928571428571428,0.875,0.875,0.8571428571428571,0.75,1.0,1.0,0.8,0.7745966692414834,3,0,4,1,,8,0
Tip-Adapter,raw,1000,4,0,slice,0.747638326585695,0.7646148672318691,0.6363636363636364,0.6366396761133604,0.631578947368421,0.6153846153846154,0.6578947368421053,0.6486486486486487,0.625,0.27346393809864616,24,13,25,15,,77,0
Tip-Adapter,raw,1000,4,0,patient,0.8125,0.8928571428571428,0.875,0.875,0.8571428571428571,0.75,1.0,1.0,0.8,0.7745966692414834,3,0,4,1,,8,0
Zero-Shot,raw,1000,4,0,slice,0.7489878542510121,0.7817106638449767,0.6493506493506493,0.6491228070175439,0.6582278481012658,0.6666666666666666,0.631578947368421,0.65,0.6486486486486487,0.29844706330765824,26,14,24,13,,77,0
Zero-Shot,raw,1000,4,0,patient,0.8125,0.8928571428571428,0.875,0.875,0.8571428571428571,0.75,1.0,1.0,0.8,0.7745966692414834,3,0,4,1,,8,0
Zero-Shot,raw,500,4,0,slice,0.7489878542510121,0.7817106638449767,0.6493506493506493,0.6491228070175439,0.6582278481012658,0.6666666666666666,0.631578947368421,0.65,0.6486486486486487,0.29844706330765824,26,14,24,13,,77,0
Zero-Shot,raw,500,4,0,patient,0.8125,0.8928571428571428,0.875,0.875,0.8571428571428571,0.75,1.0,1.0,0.8,0.7745966692414834,3,0,4,1,,8,0
Tip-Adapter-F,raw,500,4,42,slice,0.7489878542510121,0.7809396606546187,0.6493506493506493,0.6491228070175439,0.6582278481012658,0.6666666666666666,0.631578947368421,0.65,0.6486486486486487,0.29844706330765824,26,14,24,13,,77,0
Tip-Adapter-F,raw,500,4,42,patient,0.8125,0.8928571428571428,0.875,0.875,0.8571428571428571,0.75,1.0,1.0,0.8,0.7745966692414834,3,0,4,1,,8,0
Tip-Adapter-F,raw,1000,4,42,slice,0.7489878542510121,0.7808414389838164,0.6363636363636364,0.6359649122807017,0.65,0.6666666666666666,0.6052631578947368,0.6341463414634146,0.6388888888888888,0.272481966905673,26,15,23,13,,77,0
Tip-Adapter-F,raw,1000,4,42,patient,0.8125,0.8928571428571428,0.875,0.875,0.8571428571428571,0.75,1.0,1.0,0.8,0.7745966692414834,3,0,4,1,,8,0
Tip-Adapter-F,raw,500,4,100,slice,0.7489878542510121,0.7809396606546187,0.6493506493506493,0.6491228070175439,0.6582278481012658,0.6666666666666666,0.631578947368421,0.65,0.6486486486486487,0.29844706330765824,26,14,24,13,,77,0
Tip-Adapter-F,raw,500,4,100,patient,0.8125,0.8928571428571428,0.875,0.875,0.8571428571428571,0.75,1.0,1.0,0.8,0.7745966692414834,3,0,4,1,,8,0
Tip-Adapter-F,raw,1000,4,100,slice,0.7489878542510121,0.7808414389838164,0.6363636363636364,0.6359649122807017,0.65,0.6666666666666666,0.6052631578947368,0.6341463414634146,0.6388888888888888,0.272481966905673,26,15,23,13,,77,0
Tip-Adapter-F,raw,1000,4,100,patient,0.8125,0.8928571428571428,0.875,0.875,0.8571428571428571,0.75,1.0,1.0,0.8,0.7745966692414834,3,0,4,1,,8,0
Tip-Adapter-F,raw,500,4,2024,slice,0.7489878542510121,0.7809396606546187,0.6493506493506493,0.6491228070175439,0.6582278481012658,0.6666666666666666,0.631578947368421,0.65,0.6486486486486487,0.29844706330765824,26,14,24,13,,77,0
Tip-Adapter-F,raw,500,4,2024,patient,0.8125,0.8928571428571428,0.875,0.875,0.8571428571428571,0.75,1.0,1.0,0.8,0.7745966692414834,3,0,4,1,,8,0
Tip-Adapter-F,raw,1000,4,2024,slice,0.7489878542510121,0.7808414389838164,0.6363636363636364,0.6359649122807017,0.65,0.6666666666666666,0.6052631578947368,0.6341463414634146,0.6388888888888888,0.272481966905673,26,15,23,13,,77,0
Tip-Adapter-F,raw,1000,4,2024,patient,0.8125,0.8928571428571428,0.875,0.875,0.8571428571428571,0.75,1.0,1.0,0.8,0.7745966692414834,3,0,4,1,,8,0
Tip-Adapter-F,raw,500,4,777,slice,0.7489878542510121,0.7809396606546187,0.6493506493506493,0.6491228070175439,0.6582278481012658,0.6666666666666666,0.631578947368421,0.65,0.6486486486486487,0.29844706330765824,26,14,24,13,,77,0
Tip-Adapter-F,raw,500,4,777,patient,0.8125,0.8928571428571428,0.875,0.875,0.8571428571428571,0.75,1.0,1.0,0.8,0.7745966692414834,3,0,4,1,,8,0
Tip-Adapter-F,raw,1000,4,777,slice,0.7489878542510121,0.7808414389838164,0.6363636363636364,0.6359649122807017,0.65,0.6666666666666666,0.6052631578947368,0.6341463414634146,0.6388888888888888,0.272481966905673,26,15,23,13,,77,0
Tip-Adapter-F,raw,1000,4,777,patient,0.8125,0.8928571428571428,0.875,0.875,0.8571428571428571,0.75,1.0,1.0,0.8,0.7745966692414834,3,0,4,1,,8,0
Tip-Adapter-F,raw,500,4,999,slice,0.7489878542510121,0.7809396606546187,0.6493506493506493,0.6491228070175439,0.6582278481012658,0.6666666666666666,0.631578947368421,0.65,0.6486486486486487,0.29844706330765824,26,14,24,13,,77,0
Tip-Adapter-F,raw,500,4,999,patient,0.8125,0.8928571428571428,0.875,0.875,0.8571428571428571,0.75,1.0,1.0,0.8,0.7745966692414834,3,0,4,1,,8,0
Tip-Adapter-F,raw,1000,4,999,slice,0.7489878542510121,0.7808414389838164,0.6363636363636364,0.6359649122807017,0.65,0.6666666666666666,0.6052631578947368,0.6341463414634146,0.6388888888888888,0.272481966905673,26,15,23,13,,77,0
Tip-Adapter-F,raw,1000,4,999,patient,0.8125,0.8928571428571428,0.875,0.875,0.8571428571428571,0.75,1.0,1.0,0.8,0.7745966692414834,3,0,4,1,,8,0
Tip-Adapter-F+SAM,raw,500,4,42,slice,0.7486504723346828,0.7808414389838164,0.6493506493506493,0.6491228070175439,0.6582278481012658,0.6666666666666666,0.631578947368421,0.65,0.6486486486486487,0.29844706330765824,26,14,24,13,,77,0
Tip-Adapter-F+SAM,raw,500,4,42,patient,0.8125,0.8928571428571428,0.875,0.875,0.8571428571428571,0.75,1.0,1.0,0.8,0.7745966692414834,3,0,4,1,,8,0
Tip-Adapter-F+SAM,raw,1000,4,42,slice,0.747638326585695,0.7791156418953631,0.6363636363636364,0.6359649122807017,0.65,0.6666666666666666,0.6052631578947368,0.6341463414634146,0.6388888888888888,0.272481966905673,26,15,23,13,,77,0
Tip-Adapter-F+SAM,raw,1000,4,42,patient,0.8125,0.8928571428571428,0.875,0.875,0.8571428571428571,0.75,1.0,1.0,0.8,0.7745966692414834,3,0,4,1,,8,0
Tip-Adapter-F+SAM,raw,500,4,100,slice,0.7486504723346828,0.7808414389838164,0.6493506493506493,0.6491228070175439,0.6582278481012658,0.6666666666666666,0.631578947368421,0.65,0.6486486486486487,0.29844706330765824,26,14,24,13,,77,0
Tip-Adapter-F+SAM,raw,500,4,100,patient,0.8125,0.8928571428571428,0.875,0.875,0.8571428571428571,0.75,1.0,1.0,0.8,0.7745966692414834,3,0,4,1,,8,0
Tip-Adapter-F+SAM,raw,1000,4,100,slice,0.747638326585695,0.7791156418953631,0.6363636363636364,0.6359649122807017,0.65,0.6666666666666666,0.6052631578947368,0.6341463414634146,0.6388888888888888,0.272481966905673,26,15,23,13,,77,0
Tip-Adapter-F+SAM,raw,1000,4,100,patient,0.8125,0.8928571428571428,0.875,0.875,0.8571428571428571,0.75,1.0,1.0,0.8,0.7745966692414834,3,0,4,1,,8,0
Tip-Adapter-F+SAM,raw,500,4,2024,slice,0.7486504723346828,0.7808414389838164,0.6493506493506493,0.6491228070175439,0.6582278481012658,0.6666666666666666,0.631578947368421,0.65,0.6486486486486487,0.29844706330765824,26,14,24,13,,77,0
Tip-Adapter-F+SAM,raw,500,4,2024,patient,0.8125,0.8928571428571428,0.875,0.875,0.8571428571428571,0.75,1.0,1.0,0.8,0.7745966692414834,3,0,4,1,,8,0
Tip-Adapter-F+SAM,raw,1000,4,2024,slice,0.747638326585695,0.7791156418953631,0.6363636363636364,0.6359649122807017,0.65,0.6666666666666666,0.6052631578947368,0.6341463414634146,0.6388888888888888,0.272481966905673,26,15,23,13,,77,0
Tip-Adapter-F+SAM,raw,1000,4,2024,patient,0.8125,0.8928571428571428,0.875,0.875,0.8571428571428571,0.75,1.0,1.0,0.8,0.7745966692414834,3,0,4,1,,8,0
Tip-Adapter-F+SAM,raw,500,4,777,slice,0.7486504723346828,0.7808414389838164,0.6493506493506493,0.6491228070175439,0.6582278481012658,0.6666666666666666,0.631578947368421,0.65,0.6486486486486487,0.29844706330765824,26,14,24,13,,77,0
Tip-Adapter-F+SAM,raw,500,4,777,patient,0.8125,0.8928571428571428,0.875,0.875,0.8571428571428571,0.75,1.0,1.0,0.8,0.7745966692414834,3,0,4,1,,8,0
Tip-Adapter-F+SAM,raw,1000,4,777,slice,0.747638326585695,0.7791156418953631,0.6363636363636364,0.6359649122807017,0.65,0.6666666666666666,0.6052631578947368,0.6341463414634146,0.6388888888888888,0.272481966905673,26,15,23,13,,77,0
Tip-Adapter-F+SAM,raw,1000,4,777,patient,0.8125,0.8928571428571428,0.875,0.875,0.8571428571428571,0.75,1.0,1.0,0.8,0.7745966692414834,3,0,4,1,,8,0
Tip-Adapter-F+SAM,raw,500,4,999,slice,0.7486504723346828,0.7808414389838164,0.6493506493506493,0.6491228070175439,0.6582278481012658,0.6666666666666666,0.631578947368421,0.65,0.6486486486486487,0.29844706330765824,26,14,24,13,,77,0
Tip-Adapter-F+SAM,raw,500,4,999,patient,0.8125,0.8928571428571428,0.875,0.875,0.8571428571428571,0.75,1.0,1.0,0.8,0.7745966692414834,3,0,4,1,,8,0
Tip-Adapter-F+SAM,raw,1000,4,999,slice,0.747638326585695,0.7791156418953631,0.6363636363636364,0.6359649122807017,0.65,0.6666666666666666,0.6052631578947368,0.6341463414634146,0.6388888888888888,0.272481966905673,26,15,23,13,,77,0
Tip-Adapter-F+SAM,raw,1000,4,999,patient,0.8125,0.8928571428571428,0.875,0.875,0.8571428571428571,0.75,1.0,1.0,0.8,0.7745966692414834,3,0,4,1,,8,0
CLIP-Adapter,raw,500,4,42,slice,0.7510121457489879,0.7672778084048053,0.6883116883116883,0.6909581646423751,0.6129032258064516,0.48717948717948717,0.8947368421052632,0.8260869565217391,0.6296296296296297,0.4171877344518993,19,4,34,20,,77,0
CLIP-Adapter,raw,500,4,42,patient,0.8125,0.8928571428571428,0.75,0.75,0.6666666666666666,0.5,1.0,1.0,0.6666666666666666,0.5773502691896258,2,0,4,2,,8,0
CLIP-Adapter,raw,1000,4,42,slice,0.7449392712550608,0.7331098745453182,0.6883116883116883,0.6909581646423751,0.6129032258064516,0.48717948717948717,0.8947368421052632,0.8260869565217391,0.6296296296296297,0.4171877344518993,19,4,34,20,,77,0
CLIP-Adapter,raw,1000,4,42,patient,0.8125,0.8928571428571428,0.875,0.875,0.8571428571428571,0.75,1.0,1.0,0.8,0.7745966692414834,3,0,4,1,,8,0
CLIP-Adapter,raw,500,4,100,slice,0.752361673414305,0.7695997758430518,0.6623376623376623,0.6643049932523617,0.6060606060606061,0.5128205128205128,0.8157894736842105,0.7407407407407407,0.62,0.34430075507689306,20,7,31,19,,77,0
CLIP-Adapter,raw,500,4,100,patient,0.8125,0.8928571428571428,0.875,0.875,0.8571428571428571,0.75,1.0,1.0,0.8,0.7745966692414834,3,0,4,1,,8,0
CLIP-Adapter,raw,1000,4,100,slice,0.7489878542510121,0.7366238547753485,0.6883116883116883,0.6909581646423751,0.6129032258064516,0.48717948717948717,0.8947368421052632,0.8260869565217391,0.6296296296296297,0.4171877344518993,19,4,34,20,,77,0
CLIP-Adapter,raw,1000,4,100,patient,0.8125,0.8928571428571428,0.875,0.875,0.8571428571428571,0.75,1.0,1.0,0.8,0.7745966692414834,3,0,4,1,,8,0
CLIP-Adapter,raw,500,4,2024,slice,0.7520242914979757,0.769167234924681,0.6363636363636364,0.6366396761133604,0.631578947368421,0.6153846153846154,0.6578947368421053,0.6486486486486487,0.625,0.27346393809864616,24,13,25,15,,77,0
CLIP-Adapter,raw,500,4,2024,patient,0.8125,0.8928571428571428,0.875,0.875,0.8571428571428571,0.75,1.0,1.0,0.8,0.7745966692414834,3,0,4,1,,8,0
CLIP-Adapter,raw,1000,4,2024,slice,0.7510121457489879,0.7640921052191022,0.6363636363636364,0.6366396761133604,0.631578947368421,0.6153846153846154,0.6578947368421053,0.6486486486486487,0.625,0.27346393809864616,24,13,25,15,,77,0
CLIP-Adapter,raw,1000,4,2024,patient,0.8125,0.8928571428571428,0.875,0.875,0.8571428571428571,0.75,1.0,1.0,0.8,0.7745966692414834,3,0,4,1,,8,0
CLIP-Adapter,raw,500,4,777,slice,0.7496626180836707,0.7679906878616435,0.5064935064935064,0.5,0.6724137931034483,1.0,0.0,0.5064935064935064,,0.0,39,38,0,0,,77,1
CLIP-Adapter,raw,500,4,777,patient,0.8125,0.8928571428571428,0.75,0.75,0.6666666666666666,0.5,1.0,1.0,0.6666666666666666,0.5773502691896258,2,0,4,2,,8,0
CLIP-Adapter,raw,1000,4,777,slice,0.7516869095816464,0.7692203103473073,0.6493506493506493,0.6504723346828609,0.6197183098591549,0.5641025641025641,0.7368421052631579,0.6875,0.6222222222222222,0.3053019026502838,22,10,28,17,,77,0
CLIP-Adapter,raw,1000,4,777,patient,0.8125,0.8928571428571428,0.875,0.875,0.8571428571428571,0.75,1.0,1.0,0.8,0.7745966692414834,3,0,4,1,,8,0
CLIP-Adapter,raw,500,4,999,slice,0.752361673414305,0.7695997758430518,0.6233766233766234,0.6201079622132254,0.7010309278350515,0.8717948717948718,0.3684210526315789,0.5862068965517241,0.7368421052631579,0.2785704840897614,34,24,14,5,,77,0
CLIP-Adapter,raw,500,4,999,patient,0.8125,0.8928571428571428,0.875,0.875,0.8571428571428571,0.75,1.0,1.0,0.8,0.7745966692414834,3,0,4,1,,8,0
CLIP-Adapter,raw,1000,4,999,slice,0.7516869095816464,0.7692203103473073,0.7012987012987013,0.703778677462888,0.6349206349206349,0.5128205128205128,0.8947368421052632,0.8333333333333334,0.6415094339622641,0.43991551716736416,20,4,34,19,,77,0
CLIP-Adapter,raw,1000,4,999,patient,0.8125,0.8928571428571428,0.875,0.875,0.8571428571428571,0.75,1.0,1.0,0.8,0.7745966692414834,3,0,4,1,,8,0
CoOp,raw,500,4,42,slice,0.7368421052631579,0.7711664850900795,0.6623376623376623,0.6643049932523617,0.6060606060606061,0.5128205128205128,0.8157894736842105,0.7407407407407407,0.62,0.34430075507689306,20,7,31,19,,77,0
CoOp,raw,500,4,42,patient,0.8125,0.8928571428571428,0.875,0.875,0.8571428571428571,0.75,1.0,1.0,0.8,0.7745966692414834,3,0,4,1,,8,0
CoOp,raw,1000,4,42,slice,0.738191632928475,0.7553095915503406,0.6623376623376623,0.6622807017543859,0.6666666666666666,0.6666666666666666,0.6578947368421053,0.6666666666666666,0.6578947368421053,0.32456140350877194,26,13,25,13,,77,0
CoOp,raw,1000,4,42,patient,0.8125,0.8928571428571428,0.875,0.875,0.8571428571428571,0.75,1.0,1.0,0.8,0.7745966692414834,3,0,4,1,,8,0
CoOp,raw,500,4,100,slice,0.7550607287449392,0.7780159187898686,0.6493506493506493,0.6481106612685561,0.6823529411764706,0.7435897435897436,0.5526315789473685,0.6304347826086957,0.6774193548387096,0.3019817208759369,29,17,21,10,,77,0
CoOp,raw,500,4,100,patient,0.8125,0.8928571428571428,0.875,0.875,0.8571428571428571,0.75,1.0,1.0,0.8,0.7745966692414834,3,0,4,1,,8,0
CoOp,raw,1000,4,100,slice,0.7672064777327935,0.7575827222391825,0.6623376623376623,0.6622807017543859,0.6666666666666666,0.6666666666666666,0.6578947368421053,0.6666666666666666,0.6578947368421053,0.32456140350877194,26,13,25,13,,77,0
CoOp,raw,1000,4,100,patient,0.8125,0.8928571428571428,0.875,0.875,0.8571428571428571,0.75,1.0,1.0,0.8,0.7745966692414834,3,0,4,1,,8,0
CoOp,raw,500,4,2024,slice,0.7462887989203779,0.7604493953643517,0.6363636363636364,0.6366396761133604,0.631578947368421,0.6153846153846154,0.6578947368421053,0.6486486486486487,0.625,0.27346393809864616,24,13,25,15,,77,0
CoOp,raw,500,4,2024,patient,0.8125,0.8928571428571428,0.875,0.875,0.8571428571428571,0.75,1.0,1.0,0.8,0.7745966692414834,3,0,4,1,,8,0
CoOp,raw,1000,4,2024,slice,0.7510121457489879,0.7575793281485204,0.6493506493506493,0.6494601889338731,0.6493506493506493,0.6410256410256411,0.6578947368421053,0.6578947368421053,0.6410256410256411,0.2989203778677463,25,13,25,14,,77,0
CoOp,raw,1000,4,2024,patient,0.8125,0.8928571428571428,0.875,0.875,0.8571428571428571,0.75,1.0,1.0,0.8,0.7745966692414834,3,0,4,1,,8,0
CoOp,raw,500,4,777,slice,0.7442645074224021,0.7524221744592633,0.6363636363636364,0.6366396761133604,0.631578947368421,0.6153846153846154,0.6578947368421053,0.6486486486486487,0.625,0.27346393809864616,24,13,25,15,,77,0
CoOp,raw,500,4,777,patient,0.8125,0.8928571428571428,0.875,0.875,0.8571428571428571,0.75,1.0,1.0,0.8,0.7745966692414834,3,0,4,1,,8,0
CoOp,raw,1000,4,777,slice,0.7449392712550608,0.7501383271031715,0.6363636363636364,0.6366396761133604,0.631578947368421,0.6153846153846154,0.6578947368421053,0.6486486486486487,0.625,0.27346393809864616,24,13,25,15,,77,0
CoOp,raw,1000,4,777,patient,0.8125,0.8928571428571428,0.875,0.875,0.8571428571428571,0.75,1.0,1.0,0.8,0.7745966692414834,3,0,4,1,,8,0
CoOp,raw,500,4,999,slice,0.7466261808367072,0.7696060155689395,0.6363636363636364,0.6366396761133604,0.631578947368421,0.6153846153846154,0.6578947368421053,0.6486486486486487,0.625,0.27346393809864616,24,13,25,15,,77,0
CoOp,raw,500,4,999,patient,0.8125,0.8928571428571428,0.875,0.875,0.8571428571428571,0.75,1.0,1.0,0.8,0.7745966692414834,3,0,4,1,,8,0
CoOp,raw,1000,4,999,slice,0.7537112010796221,0.7840483043148992,0.6363636363636364,0.6366396761133604,0.631578947368421,0.6153846153846154,0.6578947368421053,0.6486486486486487,0.625,0.27346393809864616,24,13,25,15,,77,0
CoOp,raw,1000,4,999,patient,0.8125,0.8928571428571428,0.875,0.875,0.8571428571428571,0.75,1.0,1.0,0.8,0.7745966692414834,3,0,4,1,,8,0
Nearest Centroid,raw,1000,4,0,slice,0.7456140350877193,0.778743722128377,0.6493506493506493,0.6491228070175439,0.6582278481012658,0.6666666666666666,0.631578947368421,0.65,0.6486486486486487,0.29844706330765824,26,14,24,13,,77,0
Nearest Centroid,raw,1000,4,0,patient,0.8125,0.8928571428571428,0.75,0.75,0.6666666666666666,0.5,1.0,1.0,0.6666666666666666,0.5773502691896258,2,0,4,2,,8,0
Nearest Centroid,raw,500,4,0,slice,0.7479757085020243,0.7795477068399538,0.6363636363636364,0.6363022941970311,0.6410256410256411,0.6410256410256411,0.631578947368421,0.6410256410256411,0.631578947368421,0.2726045883940621,25,14,24,14,,77,0
Nearest Centroid,raw,500,4,0,patient,0.8125,0.8928571428571428,0.75,0.75,0.6666666666666666,0.5,1.0,1.0,0.6666666666666666,0.5773502691896258,2,0,4,2,,8,0
Proto-Adapter,raw,500,4,42,slice,0.7462887989203779,0.7788815492336177,0.6363636363636364,0.6363022941970311,0.6410256410256411,0.6410256410256411,0.631578947368421,0.6410256410256411,0.631578947368421,0.2726045883940621,25,14,24,14,,77,0
Proto-Adapter,raw,500,4,42,patient,0.8125,0.8928571428571428,0.75,0.75,0.6666666666666666,0.5,1.0,1.0,0.6666666666666666,0.5773502691896258,2,0,4,2,,8,0
Proto-Adapter,raw,1000,4,42,slice,0.7462887989203779,0.779128079984746,0.6363636363636364,0.6363022941970311,0.6410256410256411,0.6410256410256411,0.631578947368421,0.6410256410256411,0.631578947368421,0.2726045883940621,25,14,24,14,,77,0
Proto-Adapter,raw,1000,4,42,patient,0.8125,0.8928571428571428,0.75,0.75,0.6666666666666666,0.5,1.0,1.0,0.6666666666666666,0.5773502691896258,2,0,4,2,,8,0
Proto-Adapter,raw,500,4,100,slice,0.7462887989203779,0.7788815492336177,0.6363636363636364,0.6363022941970311,0.6410256410256411,0.6410256410256411,0.631578947368421,0.6410256410256411,0.631578947368421,0.2726045883940621,25,14,24,14,,77,0
Proto-Adapter,raw,500,4,100,patient,0.8125,0.8928571428571428,0.75,0.75,0.6666666666666666,0.5,1.0,1.0,0.6666666666666666,0.5773502691896258,2,0,4,2,,8,0
Proto-Adapter,raw,1000,4,100,slice,0.7462887989203779,0.779128079984746,0.6363636363636364,0.6363022941970311,0.6410256410256411,0.6410256410256411,0.631578947368421,0.6410256410256411,0.631578947368421,0.2726045883940621,25,14,24,14,,77,0
Proto-Adapter,raw,1000,4,100,patient,0.8125,0.8928571428571428,0.75,0.75,0.6666666666666666,0.5,1.0,1.0,0.6666666666666666,0.5773502691896258,2,0,4,2,,8,0
Proto-Adapter,raw,500,4,2024,slice,0.7462887989203779,0.7788815492336177,0.6363636363636364,0.6363022941970311,0.6410256410256411,0.6410256410256411,0.631578947368421,0.6410256410256411,0.631578947368421,0.2726045883940621,25,14,24,14,,77,0
Proto-Adapter,raw,500,4,2024,patient,0.8125,0.8928571428571428,0.75,0.75,0.6666666666666666,0.5,1.0,1.0,0.6666666666666666,0.5773502691896258,2,0,4,2,,8,0
Proto-Adapter,raw,1000,4,2024,slice,0.7462887989203779,0.779128079984746,0.6363636363636364,0.6363022941970311,0.6410256410256411,0.6410256410256411,0.631578947368421,0.6410256410256411,0.631578947368421,0.2726045883940621,25,14,24,14,,77,0
Proto-Adapter,raw,1000,4,2024,patient,0.8125,0.8928571428571428,0.75,0.75,0.6666666666666666,0.5,1.0,1.0,0.6666666666666666,0.5773502691896258,2,0,4,2,,8,0
Proto-Adapter,raw,500,4,777,slice,0.7462887989203779,0.7788815492336177,0.6363636363636364,0.6363022941970311,0.6410256410256411,0.6410256410256411,0.631578947368421,0.6410256410256411,0.631578947368421,0.2726045883940621,25,14,24,14,,77,0
Proto-Adapter,raw,500,4,777,patient,0.8125,0.8928571428571428,0.75,0.75,0.6666666666666666,0.5,1.0,1.0,0.6666666666666666,0.5773502691896258,2,0,4,2,,8,0
Proto-Adapter,raw,1000,4,777,slice,0.7462887989203779,0.779128079984746,0.6363636363636364,0.6363022941970311,0.6410256410256411,0.6410256410256411,0.631578947368421,0.6410256410256411,0.631578947368421,0.2726045883940621,25,14,24,14,,77,0
Proto-Adapter,raw,1000,4,777,patient,0.8125,0.8928571428571428,0.75,0.75,0.6666666666666666,0.5,1.0,1.0,0.6666666666666666,0.5773502691896258,2,0,4,2,,8,0
Proto-Adapter,raw,500,4,999,slice,0.7462887989203779,0.7788815492336177,0.6363636363636364,0.6363022941970311,0.6410256410256411,0.6410256410256411,0.631578947368421,0.6410256410256411,0.631578947368421,0.2726045883940621,25,14,24,14,,77,0
Proto-Adapter,raw,500,4,999,patient,0.8125,0.8928571428571428,0.75,0.75,0.6666666666666666,0.5,1.0,1.0,0.6666666666666666,0.5773502691896258,2,0,4,2,,8,0
TaskRes,raw,500,4,42,slice,0.747638326585695,0.7592618047247657,0.6363636363636364,0.6366396761133604,0.631578947368421,0.6153846153846154,0.6578947368421053,0.6486486486486487,0.625,0.27346393809864616,24,13,25,15,,77,0
TaskRes,raw,500,4,42,patient,0.8125,0.8928571428571428,0.875,0.875,0.8571428571428571,0.75,1.0,1.0,0.8,0.7745966692414834,3,0,4,1,,8,0
Proto-Adapter,raw,1000,4,999,slice,0.7462887989203779,0.779128079984746,0.6363636363636364,0.6363022941970311,0.6410256410256411,0.6410256410256411,0.631578947368421,0.6410256410256411,0.631578947368421,0.2726045883940621,25,14,24,14,,77,0
Proto-Adapter,raw,1000,4,999,patient,0.8125,0.8928571428571428,0.75,0.75,0.6666666666666666,0.5,1.0,1.0,0.6666666666666666,0.5773502691896258,2,0,4,2,,8,0
TaskRes,raw,1000,4,42,slice,0.7469635627530364,0.7569826024455635,0.6363636363636364,0.6366396761133604,0.631578947368421,0.6153846153846154,0.6578947368421053,0.6486486486486487,0.625,0.27346393809864616,24,13,25,15,,77,0
TaskRes,raw,1000,4,42,patient,0.8125,0.8928571428571428,0.875,0.875,0.8571428571428571,0.75,1.0,1.0,0.8,0.7745966692414834,3,0,4,1,,8,0
TaskRes,raw,500,4,100,slice,0.747638326585695,0.7592618047247657,0.6363636363636364,0.6366396761133604,0.631578947368421,0.6153846153846154,0.6578947368421053,0.6486486486486487,0.625,0.27346393809864616,24,13,25,15,,77,0
TaskRes,raw,500,4,100,patient,0.8125,0.8928571428571428,0.875,0.875,0.8571428571428571,0.75,1.0,1.0,0.8,0.7745966692414834,3,0,4,1,,8,0
TaskRes,raw,500,4,2024,slice,0.747638326585695,0.7592618047247657,0.6363636363636364,0.6366396761133604,0.631578947368421,0.6153846153846154,0.6578947368421053,0.6486486486486487,0.625,0.27346393809864616,24,13,25,15,,77,0
TaskRes,raw,500,4,2024,patient,0.8125,0.8928571428571428,0.875,0.875,0.8571428571428571,0.75,1.0,1.0,0.8,0.7745966692414834,3,0,4,1,,8,0
TaskRes,raw,1000,4,100,slice,0.7469635627530364,0.7569826024455635,0.6363636363636364,0.6366396761133604,0.631578947368421,0.6153846153846154,0.6578947368421053,0.6486486486486487,0.625,0.27346393809864616,24,13,25,15,,77,0
TaskRes,raw,1000,4,100,patient,0.8125,0.8928571428571428,0.875,0.875,0.8571428571428571,0.75,1.0,1.0,0.8,0.7745966692414834,3,0,4,1,,8,0
TaskRes,raw,1000,4,2024,slice,0.7469635627530364,0.7569826024455635,0.6363636363636364,0.6366396761133604,0.631578947368421,0.6153846153846154,0.6578947368421053,0.6486486486486487,0.625,0.27346393809864616,24,13,25,15,,77,0
TaskRes,raw,1000,4,2024,patient,0.8125,0.8928571428571428,0.875,0.875,0.8571428571428571,0.75,1.0,1.0,0.8,0.7745966692414834,3,0,4,1,,8,0
TaskRes,raw,500,4,777,slice,0.747638326585695,0.7592618047247657,0.6363636363636364,0.6366396761133604,0.631578947368421,0.6153846153846154,0.6578947368421053,0.6486486486486487,0.625,0.27346393809864616,24,13,25,15,,77,0
TaskRes,raw,500,4,777,patient,0.8125,0.8928571428571428,0.875,0.875,0.8571428571428571,0.75,1.0,1.0,0.8,0.7745966692414834,3,0,4,1,,8,0
TaskRes,raw,500,4,999,slice,0.747638326585695,0.7592618047247657,0.6363636363636364,0.6366396761133604,0.631578947368421,0.6153846153846154,0.6578947368421053,0.6486486486486487,0.625,0.27346393809864616,24,13,25,15,,77,0
TaskRes,raw,500,4,999,patient,0.8125,0.8928571428571428,0.875,0.875,0.8571428571428571,0.75,1.0,1.0,0.8,0.7745966692414834,3,0,4,1,,8,0
TaskRes,raw,1000,4,777,slice,0.7469635627530364,0.7569826024455635,0.6363636363636364,0.6366396761133604,0.631578947368421,0.6153846153846154,0.6578947368421053,0.6486486486486487,0.625,0.27346393809864616,24,13,25,15,,77,0
TaskRes,raw,1000,4,777,patient,0.8125,0.8928571428571428,0.875,0.875,0.8571428571428571,0.75,1.0,1.0,0.8,0.7745966692414834,3,0,4,1,,8,0
TaskRes,raw,1000,4,999,slice,0.7469635627530364,0.7569826024455635,0.6363636363636364,0.6366396761133604,0.631578947368421,0.6153846153846154,0.6578947368421053,0.6486486486486487,0.625,0.27346393809864616,24,13,25,15,,77,0
TaskRes,raw,1000,4,999,patient,0.8125,0.8928571428571428,0.875,0.875,0.8571428571428571,0.75,1.0,1.0,0.8,0.7745966692414834,3,0,4,1,,8,0
TaskRes+SAM,raw,500,4,42,slice,0.7496626180836707,0.7651134114003295,0.6363636363636364,0.6366396761133604,0.631578947368421,0.6153846153846154,0.6578947368421053,0.6486486486486487,0.625,0.27346393809864616,24,13,25,15,,77,0
TaskRes+SAM,raw,500,4,42,patient,0.8125,0.8928571428571428,0.875,0.875,0.8571428571428571,0.75,1.0,1.0,0.8,0.7745966692414834,3,0,4,1,,8,0
TaskRes+SAM,raw,1000,4,42,slice,0.7483130904183536,0.757706003992922,0.6363636363636364,0.6366396761133604,0.631578947368421,0.6153846153846154,0.6578947368421053,0.6486486486486487,0.625,0.27346393809864616,24,13,25,15,,77,0
TaskRes+SAM,raw,1000,4,42,patient,0.8125,0.8928571428571428,0.875,0.875,0.8571428571428571,0.75,1.0,1.0,0.8,0.7745966692414834,3,0,4,1,,8,0
TaskRes+SAM,raw,500,4,100,slice,0.7496626180836707,0.7651134114003295,0.6363636363636364,0.6366396761133604,0.631578947368421,0.6153846153846154,0.6578947368421053,0.6486486486486487,0.625,0.27346393809864616,24,13,25,15,,77,0
TaskRes+SAM,raw,500,4,100,patient,0.8125,0.8928571428571428,0.875,0.875,0.8571428571428571,0.75,1.0,1.0,0.8,0.7745966692414834,3,0,4,1,,8,0
TaskRes+SAM,raw,1000,4,100,slice,0.7483130904183536,0.757706003992922,0.6363636363636364,0.6366396761133604,0.631578947368421,0.6153846153846154,0.6578947368421053,0.6486486486486487,0.625,0.27346393809864616,24,13,25,15,,77,0
TaskRes+SAM,raw,1000,4,100,patient,0.8125,0.8928571428571428,0.875,0.875,0.8571428571428571,0.75,1.0,1.0,0.8,0.7745966692414834,3,0,4,1,,8,0
TaskRes+SAM,raw,500,4,2024,slice,0.7496626180836707,0.7651134114003295,0.6363636363636364,0.6366396761133604,0.631578947368421,0.6153846153846154,0.6578947368421053,0.6486486486486487,0.625,0.27346393809864616,24,13,25,15,,77,0
TaskRes+SAM,raw,500,4,2024,patient,0.8125,0.8928571428571428,0.875,0.875,0.8571428571428571,0.75,1.0,1.0,0.8,0.7745966692414834,3,0,4,1,,8,0
TaskRes+SAM,raw,1000,4,2024,slice,0.7483130904183536,0.757706003992922,0.6363636363636364,0.6366396761133604,0.631578947368421,0.6153846153846154,0.6578947368421053,0.6486486486486487,0.625,0.27346393809864616,24,13,25,15,,77,0
TaskRes+SAM,raw,1000,4,2024,patient,0.8125,0.8928571428571428,0.875,0.875,0.8571428571428571,0.75,1.0,1.0,0.8,0.7745966692414834,3,0,4,1,,8,0
TaskRes+SAM,raw,500,4,777,slice,0.7496626180836707,0.7651134114003295,0.6363636363636364,0.6366396761133604,0.631578947368421,0.6153846153846154,0.6578947368421053,0.6486486486486487,0.625,0.27346393809864616,24,13,25,15,,77,0
TaskRes+SAM,raw,500,4,777,patient,0.8125,0.8928571428571428,0.875,0.875,0.8571428571428571,0.75,1.0,1.0,0.8,0.7745966692414834,3,0,4,1,,8,0
TaskRes+SAM,raw,1000,4,777,slice,0.7483130904183536,0.757706003992922,0.6363636363636364,0.6366396761133604,0.631578947368421,0.6153846153846154,0.6578947368421053,0.6486486486486487,0.625,0.27346393809864616,24,13,25,15,,77,0
TaskRes+SAM,raw,1000,4,777,patient,0.8125,0.8928571428571428,0.875,0.875,0.8571428571428571,0.75,1.0,1.0,0.8,0.7745966692414834,3,0,4,1,,8,0
TaskRes+SAM,raw,500,4,999,slice,0.7496626180836707,0.7651134114003295,0.6363636363636364,0.6366396761133604,0.631578947368421,0.6153846153846154,0.6578947368421053,0.6486486486486487,0.625,0.27346393809864616,24,13,25,15,,77,0
TaskRes+SAM,raw,500,4,999,patient,0.8125,0.8928571428571428,0.875,0.875,0.8571428571428571,0.75,1.0,1.0,0.8,0.7745966692414834,3,0,4,1,,8,0
TaskRes+SAM,raw,1000,4,999,slice,0.7483130904183536,0.757706003992922,0.6363636363636364,0.6366396761133604,0.631578947368421,0.6153846153846154,0.6578947368421053,0.6486486486486487,0.625,0.27346393809864616,24,13,25,15,,77,0
TaskRes+SAM,raw,1000,4,999,patient,0.8125,0.8928571428571428,0.875,0.875,0.8571428571428571,0.75,1.0,1.0,0.8,0.7745966692414834,3,0,4,1,,8,0
