method,preproc,dosage,split,seed,level,AUC,AUPR,Acc,BalAcc,F1,Sens,Spec,PPV,NPV,MCC,TP,FP,TN,FN,ECE,n,collapsed
TaskRes+SAM [original pool],clahe,0,0,42,slice,0.7606837606837606,0.7202450871930116,0.6538461538461539,0.6538461538461539,0.5846153846153846,0.48717948717948717,0.8205128205128205,0.7307692307692307,0.6153846153846154,0.3263569759322527,19,7,32,20,,78,0
TaskRes+SAM [original pool],clahe,0,0,42,patient,0.625,0.7678571428571428,0.75,0.75,0.6666666666666666,0.5,1.0,1.0,0.6666666666666666,0.5773502691896258,2,0,4,2,,8,0
TaskRes+SAM [rescaled pool],clahe,0,0,42,slice,0.7606837606837606,0.7202450871930116,0.6538461538461539,0.6538461538461539,0.5846153846153846,0.48717948717948717,0.8205128205128205,0.7307692307692307,0.6153846153846154,0.3263569759322527,19,7,32,20,,78,0
TaskRes+SAM [rescaled pool],clahe,0,0,42,patient,0.625,0.7678571428571428,0.75,0.75,0.6666666666666666,0.5,1.0,1.0,0.6666666666666666,0.5773502691896258,2,0,4,2,,8,0
TaskRes+SAM [rescaled pool],clahe,250,0,42,slice,0.7619986850756082,0.7175695730463664,0.6538461538461539,0.6538461538461537,0.5970149253731343,0.5128205128205128,0.7948717948717948,0.7142857142857143,0.62,0.32071349029490925,20,8,31,19,,78,0
TaskRes+SAM [rescaled pool],clahe,250,0,42,patient,0.625,0.7678571428571428,0.75,0.75,0.6666666666666666,0.5,1.0,1.0,0.6666666666666666,0.5773502691896258,2,0,4,2,,8,0
TaskRes+SAM [original pool],clahe,250,0,42,slice,0.7567389875082183,0.7161830105148904,0.6282051282051282,0.6282051282051282,0.5396825396825397,0.4358974358974359,0.8205128205128205,0.7083333333333334,0.5925925925925926,0.2777777777777778,17,7,32,22,,78,0
TaskRes+SAM [original pool],clahe,250,0,42,patient,0.75,0.8166666666666667,0.625,0.625,0.4,0.25,1.0,1.0,0.5714285714285714,0.3779644730092272,1,0,4,3,,8,0
TaskRes+SAM [rescaled pool],clahe,500,0,42,slice,0.7606837606837606,0.7171092101218818,0.6410256410256411,0.641025641025641,0.5757575757575758,0.48717948717948717,0.7948717948717948,0.7037037037037037,0.6078431372549019,0.2964324305999625,19,8,31,20,,78,0
TaskRes+SAM [rescaled pool],clahe,500,0,42,patient,0.625,0.7678571428571428,0.75,0.75,0.6666666666666666,0.5,1.0,1.0,0.6666666666666666,0.5773502691896258,2,0,4,2,,8,0
TaskRes+SAM [original pool],clahe,500,0,42,slice,0.7514792899408284,0.7146263281309444,0.6538461538461539,0.6538461538461537,0.5970149253731343,0.5128205128205128,0.7948717948717948,0.7142857142857143,0.62,0.32071349029490925,20,8,31,19,,78,0
TaskRes+SAM [original pool],clahe,500,0,42,patient,0.875,0.8875,0.625,0.625,0.4,0.25,1.0,1.0,0.5714285714285714,0.3779644730092272,1,0,4,3,,8,0
TaskRes+SAM [rescaled pool],clahe,750,0,42,slice,0.7606837606837606,0.7134512556164697,0.6410256410256411,0.641025641025641,0.5757575757575758,0.48717948717948717,0.7948717948717948,0.7037037037037037,0.6078431372549019,0.2964324305999625,19,8,31,20,,78,0
TaskRes+SAM [rescaled pool],clahe,750,0,42,patient,0.625,0.7678571428571428,0.75,0.75,0.6666666666666666,0.5,1.0,1.0,0.6666666666666666,0.5773502691896258,2,0,4,2,,8,0
TaskRes+SAM [original pool],clahe,750,0,42,slice,0.7501643655489809,0.7141501545522531,0.6538461538461539,0.6538461538461537,0.5970149253731343,0.5128205128205128,0.7948717948717948,0.7142857142857143,0.62,0.32071349029490925,20,8,31,19,,78,0
TaskRes+SAM [original pool],clahe,750,0,42,patient,0.875,0.8875,0.625,0.625,0.4,0.25,1.0,1.0,0.5714285714285714,0.3779644730092272,1,0,4,3,,8,0
TaskRes+SAM [rescaled pool],clahe,1000,0,42,slice,0.7606837606837606,0.7134512556164697,0.6410256410256411,0.641025641025641,0.5757575757575758,0.48717948717948717,0.7948717948717948,0.7037037037037037,0.6078431372549019,0.2964324305999625,19,8,31,20,,78,0
TaskRes+SAM [rescaled pool],clahe,1000,0,42,patient,0.625,0.7678571428571428,0.75,0.75,0.6666666666666666,0.5,1.0,1.0,0.6666666666666666,0.5773502691896258,2,0,4,2,,8,0
TaskRes+SAM [original pool],clahe,1000,0,42,slice,0.7504930966469427,0.7146243129211484,0.6538461538461539,0.6538461538461537,0.5970149253731343,0.5128205128205128,0.7948717948717948,0.7142857142857143,0.62,0.32071349029490925,20,8,31,19,,78,0
TaskRes+SAM [original pool],clahe,1000,0,42,patient,0.875,0.8875,0.625,0.625,0.4,0.25,1.0,1.0,0.5714285714285714,0.3779644730092272,1,0,4,3,,8,0
TaskRes+SAM [rescaled pool],clahe,0,0,100,slice,0.7606837606837606,0.7202450871930116,0.6538461538461539,0.6538461538461539,0.5846153846153846,0.48717948717948717,0.8205128205128205,0.7307692307692307,0.6153846153846154,0.3263569759322527,19,7,32,20,,78,0
TaskRes+SAM [rescaled pool],clahe,0,0,100,patient,0.625,0.7678571428571428,0.75,0.75,0.6666666666666666,0.5,1.0,1.0,0.6666666666666666,0.5773502691896258,2,0,4,2,,8,0
TaskRes+SAM [original pool],clahe,0,0,100,slice,0.7606837606837606,0.7202450871930116,0.6538461538461539,0.6538461538461539,0.5846153846153846,0.48717948717948717,0.8205128205128205,0.7307692307692307,0.6153846153846154,0.3263569759322527,19,7,32,20,,78,0
TaskRes+SAM [original pool],clahe,0,0,100,patient,0.625,0.7678571428571428,0.75,0.75,0.6666666666666666,0.5,1.0,1.0,0.6666666666666666,0.5773502691896258,2,0,4,2,,8,0
TaskRes+SAM [rescaled pool],clahe,250,0,100,slice,0.7619986850756082,0.7175695730463664,0.6538461538461539,0.6538461538461537,0.5970149253731343,0.5128205128205128,0.7948717948717948,0.7142857142857143,0.62,0.32071349029490925,20,8,31,19,,78,0
TaskRes+SAM [rescaled pool],clahe,250,0,100,patient,0.625,0.7678571428571428,0.75,0.75,0.6666666666666666,0.5,1.0,1.0,0.6666666666666666,0.5773502691896258,2,0,4,2,,8,0
TaskRes+SAM [original pool],clahe,250,0,100,slice,0.7567389875082183,0.7161830105148904,0.6282051282051282,0.6282051282051282,0.5396825396825397,0.4358974358974359,0.8205128205128205,0.7083333333333334,0.5925925925925926,0.2777777777777778,17,7,32,22,,78,0
TaskRes+SAM [original pool],clahe,250,0,100,patient,0.75,0.8166666666666667,0.625,0.625,0.4,0.25,1.0,1.0,0.5714285714285714,0.3779644730092272,1,0,4,3,,8,0
TaskRes+SAM [rescaled pool],clahe,500,0,100,slice,0.7606837606837606,0.7171092101218818,0.6410256410256411,0.641025641025641,0.5757575757575758,0.48717948717948717,0.7948717948717948,0.7037037037037037,0.6078431372549019,0.2964324305999625,19,8,31,20,,78,0
TaskRes+SAM [rescaled pool],clahe,500,0,100,patient,0.625,0.7678571428571428,0.75,0.75,0.6666666666666666,0.5,1.0,1.0,0.6666666666666666,0.5773502691896258,2,0,4,2,,8,0
TaskRes+SAM [original pool],clahe,500,0,100,slice,0.7514792899408284,0.7146263281309444,0.6538461538461539,0.6538461538461537,0.5970149253731343,0.5128205128205128,0.7948717948717948,0.7142857142857143,0.62,0.32071349029490925,20,8,31,19,,78,0
TaskRes+SAM [original pool],clahe,500,0,100,patient,0.875,0.8875,0.625,0.625,0.4,0.25,1.0,1.0,0.5714285714285714,0.3779644730092272,1,0,4,3,,8,0
TaskRes+SAM [rescaled pool],clahe,750,0,100,slice,0.7606837606837606,0.7134512556164697,0.6410256410256411,0.641025641025641,0.5757575757575758,0.48717948717948717,0.7948717948717948,0.7037037037037037,0.6078431372549019,0.2964324305999625,19,8,31,20,,78,0
TaskRes+SAM [rescaled pool],clahe,750,0,100,patient,0.625,0.7678571428571428,0.75,0.75,0.6666666666666666,0.5,1.0,1.0,0.6666666666666666,0.5773502691896258,2,0,4,2,,8,0
TaskRes+SAM [original pool],clahe,750,0,100,slice,0.7501643655489809,0.7141501545522531,0.6538461538461539,0.6538461538461537,0.5970149253731343,0.5128205128205128,0.7948717948717948,0.7142857142857143,0.62,0.32071349029490925,20,8,31,19,,78,0
TaskRes+SAM [original pool],clahe,750,0,100,patient,0.875,0.8875,0.625,0.625,0.4,0.25,1.0,1.0,0.5714285714285714,0.3779644730092272,1,0,4,3,,8,0
TaskRes+SAM [rescaled pool],clahe,1000,0,100,slice,0.7606837606837606,0.7134512556164697,0.6410256410256411,0.641025641025641,0.5757575757575758,0.48717948717948717,0.7948717948717948,0.7037037037037037,0.6078431372549019,0.2964324305999625,19,8,31,20,,78,0
TaskRes+SAM [rescaled pool],clahe,1000,0,100,patient,0.625,0.7678571428571428,0.75,0.75,0.6666666666666666,0.5,1.0,1.0,0.6666666666666666,0.5773502691896258,2,0,4,2,,8,0
TaskRes+SAM [original pool],clahe,1000,0,100,slice,0.7504930966469427,0.7146243129211484,0.6538461538461539,0.6538461538461537,0.5970149253731343,0.5128205128205128,0.7948717948717948,0.7142857142857143,0.62,0.32071349029490925,20,8,31,19,,78,0
TaskRes+SAM [original pool],clahe,1000,0,100,patient,0.875,0.8875,0.625,0.625,0.4,0.25,1.0,1.0,0.5714285714285714,0.3779644730092272,1,0,4,3,,8,0
TaskRes+SAM [rescaled pool],clahe,0,0,2024,slice,0.7606837606837606,0.7202450871930116,0.6538461538461539,0.6538461538461539,0.5846153846153846,0.48717948717948717,0.8205128205128205,0.7307692307692307,0.6153846153846154,0.3263569759322527,19,7,32,20,,78,0
TaskRes+SAM [rescaled pool],clahe,0,0,2024,patient,0.625,0.7678571428571428,0.75,0.75,0.6666666666666666,0.5,1.0,1.0,0.6666666666666666,0.5773502691896258,2,0,4,2,,8,0
TaskRes+SAM [original pool],clahe,0,0,2024,slice,0.7606837606837606,0.7202450871930116,0.6538461538461539,0.6538461538461539,0.5846153846153846,0.48717948717948717,0.8205128205128205,0.7307692307692307,0.6153846153846154,0.3263569759322527,19,7,32,20,,78,0
TaskRes+SAM [original pool],clahe,0,0,2024,patient,0.625,0.7678571428571428,0.75,0.75,0.6666666666666666,0.5,1.0,1.0,0.6666666666666666,0.5773502691896258,2,0,4,2,,8,0
TaskRes+SAM [rescaled pool],clahe,250,0,2024,slice,0.7619986850756082,0.7175695730463664,0.6538461538461539,0.6538461538461537,0.5970149253731343,0.5128205128205128,0.7948717948717948,0.7142857142857143,0.62,0.32071349029490925,20,8,31,19,,78,0
TaskRes+SAM [rescaled pool],clahe,250,0,2024,patient,0.625,0.7678571428571428,0.75,0.75,0.6666666666666666,0.5,1.0,1.0,0.6666666666666666,0.5773502691896258,2,0,4,2,,8,0
TaskRes+SAM [original pool],clahe,250,0,2024,slice,0.7567389875082183,0.7161830105148904,0.6282051282051282,0.6282051282051282,0.5396825396825397,0.4358974358974359,0.8205128205128205,0.7083333333333334,0.5925925925925926,0.2777777777777778,17,7,32,22,,78,0
TaskRes+SAM [original pool],clahe,250,0,2024,patient,0.75,0.8166666666666667,0.625,0.625,0.4,0.25,1.0,1.0,0.5714285714285714,0.3779644730092272,1,0,4,3,,8,0
TaskRes+SAM [rescaled pool],clahe,500,0,2024,slice,0.7606837606837606,0.7171092101218818,0.6410256410256411,0.641025641025641,0.5757575757575758,0.48717948717948717,0.7948717948717948,0.7037037037037037,0.6078431372549019,0.2964324305999625,19,8,31,20,,78,0
TaskRes+SAM [rescaled pool],clahe,500,0,2024,patient,0.625,0.7678571428571428,0.75,0.75,0.6666666666666666,0.5,1.0,1.0,0.6666666666666666,0.5773502691896258,2,0,4,2,,8,0
TaskRes+SAM [original pool],clahe,500,0,2024,slice,0.7514792899408284,0.7146263281309444,0.6538461538461539,0.6538461538461537,0.5970149253731343,0.5128205128205128,0.7948717948717948,0.7142857142857143,0.62,0.32071349029490925,20,8,31,19,,78,0
TaskRes+SAM [original pool],clahe,500,0,2024,patient,0.875,0.8875,0.625,0.625,0.4,0.25,1.0,1.0,0.5714285714285714,0.3779644730092272,1,0,4,3,,8,0
TaskRes+SAM [rescaled pool],clahe,750,0,2024,slice,0.7606837606837606,0.7134512556164697,0.6410256410256411,0.641025641025641,0.5757575757575758,0.48717948717948717,0.7948717948717948,0.7037037037037037,0.6078431372549019,0.2964324305999625,19,8,31,20,,78,0
TaskRes+SAM [rescaled pool],clahe,750,0,2024,patient,0.625,0.7678571428571428,0.75,0.75,0.6666666666666666,0.5,1.0,1.0,0.6666666666666666,0.5773502691896258,2,0,4,2,,8,0
TaskRes+SAM [original pool],clahe,750,0,2024,slice,0.7501643655489809,0.7141501545522531,0.6538461538461539,0.6538461538461537,0.5970149253731343,0.5128205128205128,0.7948717948717948,0.7142857142857143,0.62,0.32071349029490925,20,8,31,19,,78,0
TaskRes+SAM [original pool],clahe,750,0,2024,patient,0.875,0.8875,0.625,0.625,0.4,0.25,1.0,1.0,0.5714285714285714,0.3779644730092272,1,0,4,3,,8,0
TaskRes+SAM [rescaled pool],clahe,1000,0,2024,slice,0.7606837606837606,0.7134512556164697,0.6410256410256411,0.641025641025641,0.5757575757575758,0.48717948717948717,0.7948717948717948,0.7037037037037037,0.6078431372549019,0.2964324305999625,19,8,31,20,,78,0
TaskRes+SAM [rescaled pool],clahe,1000,0,2024,patient,0.625,0.7678571428571428,0.75,0.75,0.6666666666666666,0.5,1.0,1.0,0.6666666666666666,0.5773502691896258,2,0,4,2,,8,0
TaskRes+SAM [original pool],clahe,1000,0,2024,slice,0.7504930966469427,0.7146243129211484,0.6538461538461539,0.6538461538461537,0.5970149253731343,0.5128205128205128,0.7948717948717948,0.7142857142857143,0.62,0.32071349029490925,20,8,31,19,,78,0
TaskRes+SAM [original pool],clahe,1000,0,2024,patient,0.875,0.8875,0.625,0.625,0.4,0.25,1.0,1.0,0.5714285714285714,0.3779644730092272,1,0,4,3,,8,0
TaskRes+SAM [rescaled pool],clahe,0,0,777,slice,0.7606837606837606,0.7202450871930116,0.6538461538461539,0.6538461538461539,0.5846153846153846,0.48717948717948717,0.8205128205128205,0.7307692307692307,0.6153846153846154,0.3263569759322527,19,7,32,20,,78,0
TaskRes+SAM [rescaled pool],clahe,0,0,777,patient,0.625,0.7678571428571428,0.75,0.75,0.6666666666666666,0.5,1.0,1.0,0.6666666666666666,0.5773502691896258,2,0,4,2,,8,0
TaskRes+SAM [original pool],clahe,0,0,777,slice,0.7606837606837606,0.7202450871930116,0.6538461538461539,0.6538461538461539,0.5846153846153846,0.48717948717948717,0.8205128205128205,0.7307692307692307,0.6153846153846154,0.3263569759322527,19,7,32,20,,78,0
TaskRes+SAM [original pool],clahe,0,0,777,patient,0.625,0.7678571428571428,0.75,0.75,0.6666666666666666,0.5,1.0,1.0,0.6666666666666666,0.5773502691896258,2,0,4,2,,8,0
TaskRes+SAM [rescaled pool],clahe,250,0,777,slice,0.7619986850756082,0.7175695730463664,0.6538461538461539,0.6538461538461537,0.5970149253731343,0.5128205128205128,0.7948717948717948,0.7142857142857143,0.62,0.32071349029490925,20,8,31,19,,78,0
TaskRes+SAM [rescaled pool],clahe,250,0,777,patient,0.625,0.7678571428571428,0.75,0.75,0.6666666666666666,0.5,1.0,1.0,0.6666666666666666,0.5773502691896258,2,0,4,2,,8,0
TaskRes+SAM [original pool],clahe,250,0,777,slice,0.7567389875082183,0.7161830105148904,0.6282051282051282,0.6282051282051282,0.5396825396825397,0.4358974358974359,0.8205128205128205,0.7083333333333334,0.5925925925925926,0.2777777777777778,17,7,32,22,,78,0
TaskRes+SAM [original pool],clahe,250,0,777,patient,0.75,0.8166666666666667,0.625,0.625,0.4,0.25,1.0,1.0,0.5714285714285714,0.3779644730092272,1,0,4,3,,8,0
TaskRes+SAM [rescaled pool],clahe,500,0,777,slice,0.7606837606837606,0.7171092101218818,0.6410256410256411,0.641025641025641,0.5757575757575758,0.48717948717948717,0.7948717948717948,0.7037037037037037,0.6078431372549019,0.2964324305999625,19,8,31,20,,78,0
TaskRes+SAM [rescaled pool],clahe,500,0,777,patient,0.625,0.7678571428571428,0.75,0.75,0.6666666666666666,0.5,1.0,1.0,0.6666666666666666,0.5773502691896258,2,0,4,2,,8,0
TaskRes+SAM [original pool],clahe,500,0,777,slice,0.7514792899408284,0.7146263281309444,0.6538461538461539,0.6538461538461537,0.5970149253731343,0.5128205128205128,0.7948717948717948,0.7142857142857143,0.62,0.32071349029490925,20,8,31,19,,78,0
TaskRes+SAM [original pool],clahe,500,0,777,patient,0.875,0.8875,0.625,0.625,0.4,0.25,1.0,1.0,0.5714285714285714,0.3779644730092272,1,0,4,3,,8,0
TaskRes+SAM [rescaled pool],clahe,750,0,777,slice,0.7606837606837606,0.7134512556164697,0.6410256410256411,0.641025641025641,0.5757575757575758,0.48717948717948717,0.7948717948717948,0.7037037037037037,0.6078431372549019,0.2964324305999625,19,8,31,20,,78,0
TaskRes+SAM [rescaled pool],clahe,750,0,777,patient,0.625,0.7678571428571428,0.75,0.75,0.6666666666666666,0.5,1.0,1.0,0.6666666666666666,0.5773502691896258,2,0,4,2,,8,0
TaskRes+SAM [original pool],clahe,750,0,777,slice,0.7501643655489809,0.7141501545522531,0.6538461538461539,0.6538461538461537,0.5970149253731343,0.5128205128205128,0.7948717948717948,0.7142857142857143,0.62,0.32071349029490925,20,8,31,19,,78,0
TaskRes+SAM [original pool],clahe,750,0,777,patient,0.875,0.8875,0.625,0.625,0.4,0.25,1.0,1.0,0.5714285714285714,0.3779644730092272,1,0,4,3,,8,0
TaskRes+SAM [rescaled pool],clahe,1000,0,777,slice,0.7606837606837606,0.7134512556164697,0.6410256410256411,0.641025641025641,0.5757575757575758,0.48717948717948717,0.7948717948717948,0.7037037037037037,0.6078431372549019,0.2964324305999625,19,8,31,20,,78,0
TaskRes+SAM [rescaled pool],clahe,1000,0,777,patient,0.625,0.7678571428571428,0.75,0.75,0.6666666666666666,0.5,1.0,1.0,0.6666666666666666,0.5773502691896258,2,0,4,2,,8,0
TaskRes+SAM [original pool],clahe,1000,0,777,slice,0.7504930966469427,0.7146243129211484,0.6538461538461539,0.6538461538461537,0.5970149253731343,0.5128205128205128,0.7948717948717948,0.7142857142857143,0.62,0.32071349029490925,20,8,31,19,,78,0
TaskRes+SAM [original pool],clahe,1000,0,777,patient,0.875,0.8875,0.625,0.625,0.4,0.25,1.0,1.0,0.5714285714285714,0.3779644730092272,1,0,4,3,,8,0
TaskRes+SAM [rescaled pool],clahe,0,0,999,slice,0.7606837606837606,0.7202450871930116,0.6538461538461539,0.6538461538461539,0.5846153846153846,0.48717948717948717,0.8205128205128205,0.7307692307692307,0.6153846153846154,0.3263569759322527,19,7,32,20,,78,0
TaskRes+SAM [rescaled pool],clahe,0,0,999,patient,0.625,0.7678571428571428,0.75,0.75,0.6666666666666666,0.5,1.0,1.0,0.6666666666666666,0.5773502691896258,2,0,4,2,,8,0
TaskRes+SAM [original pool],clahe,0,0,999,slice,0.7606837606837606,0.7202450871930116,0.6538461538461539,0.6538461538461539,0.5846153846153846,0.48717948717948717,0.8205128205128205,0.7307692307692307,0.6153846153846154,0.3263569759322527,19,7,32,20,,78,0
TaskRes+SAM [original pool],clahe,0,0,999,patient,0.625,0.7678571428571428,0.75,0.75,0.6666666666666666,0.5,1.0,1.0,0.6666666666666666,0.5773502691896258,2,0,4,2,,8,0
TaskRes+SAM [rescaled pool],clahe,250,0,999,slice,0.7619986850756082,0.7175695730463664,0.6538461538461539,0.6538461538461537,0.5970149253731343,0.5128205128205128,0.7948717948717948,0.7142857142857143,0.62,0.32071349029490925,20,8,31,19,,78,0
TaskRes+SAM [rescaled pool],clahe,250,0,999,patient,0.625,0.7678571428571428,0.75,0.75,0.6666666666666666,0.5,1.0,1.0,0.6666666666666666,0.5773502691896258,2,0,4,2,,8,0
TaskRes+SAM [original pool],clahe,250,0,999,slice,0.7567389875082183,0.7161830105148904,0.6282051282051282,0.6282051282051282,0.5396825396825397,0.4358974358974359,0.8205128205128205,0.7083333333333334,0.5925925925925926,0.2777777777777778,17,7,32,22,,78,0
TaskRes+SAM [original pool],clahe,250,0,999,patient,0.75,0.8166666666666667,0.625,0.625,0.4,0.25,1.0,1.0,0.5714285714285714,0.3779644730092272,1,0,4,3,,8,0
TaskRes+SAM [rescaled pool],clahe,500,0,999,slice,0.7606837606837606,0.7171092101218818,0.6410256410256411,0.641025641025641,0.5757575757575758,0.48717948717948717,0.7948717948717948,0.7037037037037037,0.6078431372549019,0.2964324305999625,19,8,31,20,,78,0
TaskRes+SAM [rescaled pool],clahe,500,0,999,patient,0.625,0.7678571428571428,0.75,0.75,0.6666666666666666,0.5,1.0,1.0,0.6666666666666666,0.5773502691896258,2,0,4,2,,8,0
TaskRes+SAM [original pool],clahe,500,0,999,slice,0.7514792899408284,0.7146263281309444,0.6538461538461539,0.6538461538461537,0.5970149253731343,0.5128205128205128,0.7948717948717948,0.7142857142857143,0.62,0.32071349029490925,20,8,31,19,,78,0
TaskRes+SAM [original pool],clahe,500,0,999,patient,0.875,0.8875,0.625,0.625,0.4,0.25,1.0,1.0,0.5714285714285714,0.3779644730092272,1,0,4,3,,8,0
TaskRes+SAM [rescaled pool],clahe,750,0,999,slice,0.7606837606837606,0.7134512556164697,0.6410256410256411,0.641025641025641,0.5757575757575758,0.48717948717948717,0.7948717948717948,0.7037037037037037,0.6078431372549019,0.2964324305999625,19,8,31,20,,78,0
TaskRes+SAM [rescaled pool],clahe,750,0,999,patient,0.625,0.7678571428571428,0.75,0.75,0.6666666666666666,0.5,1.0,1.0,0.6666666666666666,0.5773502691896258,2,0,4,2,,8,0
TaskRes+SAM [original pool],clahe,750,0,999,slice,0.7501643655489809,0.7141501545522531,0.6538461538461539,0.6538461538461537,0.5970149253731343,0.5128205128205128,0.7948717948717948,0.7142857142857143,0.62,0.32071349029490925,20,8,31,19,,78,0
TaskRes+SAM [original pool],clahe,750,0,999,patient,0.875,0.8875,0.625,0.625,0.4,0.25,1.0,1.0,0.5714285714285714,0.3779644730092272,1,0,4,3,,8,0
TaskRes+SAM [rescaled pool],clahe,1000,0,999,slice,0.7606837606837606,0.7134512556164697,0.6410256410256411,0.641025641025641,0.5757575757575758,0.48717948717948717,0.7948717948717948,0.7037037037037037,0.6078431372549019,0.2964324305999625,19,8,31,20,,78,0
TaskRes+SAM [rescaled pool],clahe,1000,0,999,patient,0.625,0.7678571428571428,0.75,0.75,0.6666666666666666,0.5,1.0,1.0,0.6666666666666666,0.5773502691896258,2,0,4,2,,8,0
TaskRes+SAM [original pool],clahe,1000,0,999,slice,0.7504930966469427,0.7146243129211484,0.6538461538461539,0.6538461538461537,0.5970149253731343,0.5128205128205128,0.7948717948717948,0.7142857142857143,0.62,0.32071349029490925,20,8,31,19,,78,0
TaskRes+SAM [original pool],clahe,1000,0,999,patient,0.875,0.8875,0.625,0.625,0.4,0.25,1.0,1.0,0.5714285714285714,0.3779644730092272,1,0,4,3,,8,0
Nearest Centroid [original pool],clahe,750,0,0,slice,0.7452333990795529,0.709817449433275,0.6410256410256411,0.641025641025641,0.5625,0.46153846153846156,0.8205128205128205,0.72,0.6037735849056604,0.30219324068711584,18,7,32,21,,78,0
Nearest Centroid [original pool],clahe,750,0,0,patient,0.875,0.8875,0.625,0.625,0.4,0.25,1.0,1.0,0.5714285714285714,0.3779644730092272,1,0,4,3,,8,0
Nearest Centroid [rescaled pool],clahe,750,0,0,slice,0.7514792899408284,0.7044822285311314,0.6410256410256411,0.641025641025641,0.5757575757575758,0.48717948717948717,0.7948717948717948,0.7037037037037037,0.6078431372549019,0.2964324305999625,19,8,31,20,,78,0
Nearest Centroid [rescaled pool],clahe,750,0,0,patient,0.625,0.7678571428571428,0.75,0.75,0.6666666666666666,0.5,1.0,1.0,0.6666666666666666,0.5773502691896258,2,0,4,2,,8,0
Nearest Centroid [rescaled pool],clahe,500,0,0,slice,0.7501643655489809,0.7039532681910167,0.6410256410256411,0.641025641025641,0.5757575757575758,0.48717948717948717,0.7948717948717948,0.7037037037037037,0.6078431372549019,0.2964324305999625,19,8,31,20,,78,0
Nearest Centroid [rescaled pool],clahe,500,0,0,patient,0.625,0.7678571428571428,0.75,0.75,0.6666666666666666,0.5,1.0,1.0,0.6666666666666666,0.5773502691896258,2,0,4,2,,8,0
Nearest Centroid [rescaled pool],clahe,1000,0,0,slice,0.7508218277449047,0.7042124807453112,0.6410256410256411,0.641025641025641,0.5757575757575758,0.48717948717948717,0.7948717948717948,0.7037037037037037,0.6078431372549019,0.2964324305999625,19,8,31,20,,78,0
Nearest Centroid [rescaled pool],clahe,1000,0,0,patient,0.625,0.7678571428571428,0.75,0.75,0.6666666666666666,0.5,1.0,1.0,0.6666666666666666,0.5773502691896258,2,0,4,2,,8,0
Nearest Centroid [original pool],clahe,1000,0,0,slice,0.7468770545693623,0.724371646709983,0.6410256410256411,0.641025641025641,0.5625,0.46153846153846156,0.8205128205128205,0.72,0.6037735849056604,0.30219324068711584,18,7,32,21,,78,0
Nearest Centroid [original pool],clahe,1000,0,0,patient,0.875,0.8875,0.625,0.625,0.4,0.25,1.0,1.0,0.5714285714285714,0.3779644730092272,1,0,4,3,,8,0
Nearest Centroid [original pool],clahe,500,0,0,slice,0.747534516765286,0.7130392794955325,0.6538461538461539,0.6538461538461539,0.5846153846153846,0.48717948717948717,0.8205128205128205,0.7307692307692307,0.6153846153846154,0.3263569759322527,19,7,32,20,,78,0
Nearest Centroid [original pool],clahe,500,0,0,patient,0.875,0.8875,0.625,0.625,0.4,0.25,1.0,1.0,0.5714285714285714,0.3779644730092272,1,0,4,3,,8,0
Nearest Centroid [rescaled pool],clahe,0,0,0,slice,0.7514792899408284,0.7053167955514831,0.6282051282051282,0.6282051282051282,0.5538461538461539,0.46153846153846156,0.7948717948717948,0.6923076923076923,0.5961538461538461,0.27196414661021057,18,8,31,21,,78,0
Nearest Centroid [rescaled pool],clahe,0,0,0,patient,0.625,0.7678571428571428,0.75,0.75,0.6666666666666666,0.5,1.0,1.0,0.6666666666666666,0.5773502691896258,2,0,4,2,,8,0
Nearest Centroid [original pool],clahe,250,0,0,slice,0.7491781722550953,0.705282503264288,0.6282051282051282,0.6282051282051282,0.5538461538461539,0.46153846153846156,0.7948717948717948,0.6923076923076923,0.5961538461538461,0.27196414661021057,18,8,31,21,,78,0
Nearest Centroid [original pool],clahe,250,0,0,patient,0.75,0.8166666666666667,0.625,0.625,0.4,0.25,1.0,1.0,0.5714285714285714,0.3779644730092272,1,0,4,3,,8,0
Nearest Centroid [original pool],clahe,0,0,0,slice,0.7514792899408284,0.7061275789709622,0.6282051282051282,0.6282051282051282,0.5538461538461539,0.46153846153846156,0.7948717948717948,0.6923076923076923,0.5961538461538461,0.27196414661021057,18,8,31,21,,78,0
Nearest Centroid [original pool],clahe,0,0,0,patient,0.625,0.7678571428571428,0.75,0.75,0.6666666666666666,0.5,1.0,1.0,0.6666666666666666,0.5773502691896258,2,0,4,2,,8,0
Nearest Centroid [rescaled pool],clahe,250,0,0,slice,0.7498356344510191,0.7037798612341712,0.6410256410256411,0.641025641025641,0.5757575757575758,0.48717948717948717,0.7948717948717948,0.7037037037037037,0.6078431372549019,0.2964324305999625,19,8,31,20,,78,0
Nearest Centroid [rescaled pool],clahe,250,0,0,patient,0.625,0.7678571428571428,0.75,0.75,0.6666666666666666,0.5,1.0,1.0,0.6666666666666666,0.5773502691896258,2,0,4,2,,8,0
TaskRes+SAM [rescaled pool],clahe,0,1,42,slice,0.6703947368421053,0.6826402219368177,0.5897435897435898,0.5894736842105264,0.6,0.6,0.5789473684210527,0.6,0.5789473684210527,0.17894736842105263,24,16,22,16,,78,0
TaskRes+SAM [rescaled pool],clahe,0,1,42,patient,0.8125,0.8928571428571428,0.75,0.75,0.75,0.75,0.75,0.75,0.75,0.5,3,1,3,1,,8,0
TaskRes+SAM [original pool],clahe,0,1,42,slice,0.6703947368421053,0.6826402219368177,0.5897435897435898,0.5894736842105264,0.6,0.6,0.5789473684210527,0.6,0.5789473684210527,0.17894736842105263,24,16,22,16,,78,0
TaskRes+SAM [original pool],clahe,0,1,42,patient,0.8125,0.8928571428571428,0.75,0.75,0.75,0.75,0.75,0.75,0.75,0.5,3,1,3,1,,8,0
TaskRes+SAM [rescaled pool],clahe,250,1,42,slice,0.6651315789473684,0.6758828768868851,0.5897435897435898,0.5894736842105264,0.6,0.6,0.5789473684210527,0.6,0.5789473684210527,0.17894736842105263,24,16,22,16,,78,0
TaskRes+SAM [rescaled pool],clahe,250,1,42,patient,0.8125,0.8928571428571428,0.75,0.75,0.75,0.75,0.75,0.75,0.75,0.5,3,1,3,1,,8,0
TaskRes+SAM [original pool],clahe,250,1,42,slice,0.6779605263157895,0.6765530327954137,0.5769230769230769,0.5763157894736842,0.5925925925925926,0.6,0.5526315789473685,0.5853658536585366,0.5675675675675675,0.15278242554549024,24,17,21,16,,78,0
TaskRes+SAM [original pool],clahe,250,1,42,patient,0.75,0.8303571428571428,0.75,0.75,0.75,0.75,0.75,0.75,0.75,0.5,3,1,3,1,,8,0
TaskRes+SAM [rescaled pool],clahe,500,1,42,slice,0.6651315789473684,0.6758828768868851,0.5897435897435898,0.5894736842105264,0.6,0.6,0.5789473684210527,0.6,0.5789473684210527,0.17894736842105263,24,16,22,16,,78,0
TaskRes+SAM [rescaled pool],clahe,500,1,42,patient,0.8125,0.8928571428571428,0.75,0.75,0.75,0.75,0.75,0.75,0.75,0.5,3,1,3,1,,8,0
TaskRes+SAM [original pool],clahe,500,1,42,slice,0.6815789473684211,0.6725914395616265,0.6025641025641025,0.6013157894736842,0.6265060240963856,0.65,0.5526315789473685,0.6046511627906976,0.6,0.20363886723730812,26,17,21,14,,78,0
TaskRes+SAM [original pool],clahe,500,1,42,patient,0.6875,0.7470238095238095,0.75,0.75,0.75,0.75,0.75,0.75,0.75,0.5,3,1,3,1,,8,0
TaskRes+SAM [rescaled pool],clahe,750,1,42,slice,0.6644736842105263,0.6755368082268629,0.5897435897435898,0.5894736842105264,0.6,0.6,0.5789473684210527,0.6,0.5789473684210527,0.17894736842105263,24,16,22,16,,78,0
TaskRes+SAM [rescaled pool],clahe,750,1,42,patient,0.8125,0.8928571428571428,0.75,0.75,0.75,0.75,0.75,0.75,0.75,0.5,3,1,3,1,,8,0
TaskRes+SAM [original pool],clahe,750,1,42,slice,0.6822368421052631,0.6727802225933777,0.6025641025641025,0.6013157894736842,0.6265060240963856,0.65,0.5526315789473685,0.6046511627906976,0.6,0.20363886723730812,26,17,21,14,,78,0
TaskRes+SAM [original pool],clahe,750,1,42,patient,0.6875,0.7470238095238095,0.75,0.75,0.75,0.75,0.75,0.75,0.75,0.5,3,1,3,1,,8,0
TaskRes+SAM [rescaled pool],clahe,1000,1,42,slice,0.6644736842105263,0.6755368082268629,0.5897435897435898,0.5894736842105264,0.6,0.6,0.5789473684210527,0.6,0.5789473684210527,0.17894736842105263,24,16,22,16,,78,0
TaskRes+SAM [rescaled pool],clahe,1000,1,42,patient,0.8125,0.8928571428571428,0.75,0.75,0.75,0.75,0.75,0.75,0.75,0.5,3,1,3,1,,8,0
TaskRes+SAM [original pool],clahe,1000,1,42,slice,0.6822368421052631,0.6727802225933777,0.6025641025641025,0.6013157894736842,0.6265060240963856,0.65,0.5526315789473685,0.6046511627906976,0.6,0.20363886723730812,26,17,21,14,,78,0
TaskRes+SAM [original pool],clahe,1000,1,42,patient,0.6875,0.7470238095238095,0.75,0.75,0.75,0.75,0.75,0.75,0.75,0.5,3,1,3,1,,8,0
TaskRes+SAM [rescaled pool],clahe,0,1,100,slice,0.6703947368421053,0.6826402219368177,0.5897435897435898,0.5894736842105264,0.6,0.6,0.5789473684210527,0.6,0.5789473684210527,0.17894736842105263,24,16,22,16,,78,0
TaskRes+SAM [rescaled pool],clahe,0,1,100,patient,0.8125,0.8928571428571428,0.75,0.75,0.75,0.75,0.75,0.75,0.75,0.5,3,1,3,1,,8,0
TaskRes+SAM [original pool],clahe,0,1,100,slice,0.6703947368421053,0.6826402219368177,0.5897435897435898,0.5894736842105264,0.6,0.6,0.5789473684210527,0.6,0.5789473684210527,0.17894736842105263,24,16,22,16,,78,0
TaskRes+SAM [original pool],clahe,0,1,100,patient,0.8125,0.8928571428571428,0.75,0.75,0.75,0.75,0.75,0.75,0.75,0.5,3,1,3,1,,8,0
TaskRes+SAM [rescaled pool],clahe,250,1,100,slice,0.6651315789473684,0.6758828768868851,0.5897435897435898,0.5894736842105264,0.6,0.6,0.5789473684210527,0.6,0.5789473684210527,0.17894736842105263,24,16,22,16,,78,0
TaskRes+SAM [rescaled pool],clahe,250,1,100,patient,0.8125,0.8928571428571428,0.75,0.75,0.75,0.75,0.75,0.75,0.75,0.5,3,1,3,1,,8,0
TaskRes+SAM [original pool],clahe,250,1,100,slice,0.6779605263157895,0.6765530327954137,0.5769230769230769,0.5763157894736842,0.5925925925925926,0.6,0.5526315789473685,0.5853658536585366,0.5675675675675675,0.15278242554549024,24,17,21,16,,78,0
TaskRes+SAM [original pool],clahe,250,1,100,patient,0.75,0.8303571428571428,0.75,0.75,0.75,0.75,0.75,0.75,0.75,0.5,3,1,3,1,,8,0
TaskRes+SAM [rescaled pool],clahe,500,1,100,slice,0.6651315789473684,0.6758828768868851,0.5897435897435898,0.5894736842105264,0.6,0.6,0.5789473684210527,0.6,0.5789473684210527,0.17894736842105263,24,16,22,16,,78,0
TaskRes+SAM [rescaled pool],clahe,500,1,100,patient,0.8125,0.8928571428571428,0.75,0.75,0.75,0.75,0.75,0.75,0.75,0.5,3,1,3,1,,8,0
TaskRes+SAM [original pool],clahe,500,1,100,slice,0.6815789473684211,0.6725914395616265,0.6025641025641025,0.6013157894736842,0.6265060240963856,0.65,0.5526315789473685,0.6046511627906976,0.6,0.20363886723730812,26,17,21,14,,78,0
TaskRes+SAM [original pool],clahe,500,1,100,patient,0.6875,0.7470238095238095,0.75,0.75,0.75,0.75,0.75,0.75,0.75,0.5,3,1,3,1,,8,0
TaskRes+SAM [rescaled pool],clahe,750,1,100,slice,0.6644736842105263,0.6755368082268629,0.5897435897435898,0.5894736842105264,0.6,0.6,0.5789473684210527,0.6,0.5789473684210527,0.17894736842105263,24,16,22,16,,78,0
TaskRes+SAM [rescaled pool],clahe,750,1,100,patient,0.8125,0.8928571428571428,0.75,0.75,0.75,0.75,0.75,0.75,0.75,0.5,3,1,3,1,,8,0
TaskRes+SAM [original pool],clahe,750,1,100,slice,0.6822368421052631,0.6727802225933777,0.6025641025641025,0.6013157894736842,0.6265060240963856,0.65,0.5526315789473685,0.6046511627906976,0.6,0.20363886723730812,26,17,21,14,,78,0
TaskRes+SAM [original pool],clahe,750,1,100,patient,0.6875,0.7470238095238095,0.75,0.75,0.75,0.75,0.75,0.75,0.75,0.5,3,1,3,1,,8,0
TaskRes+SAM [rescaled pool],clahe,1000,1,100,slice,0.6644736842105263,0.6755368082268629,0.5897435897435898,0.5894736842105264,0.6,0.6,0.5789473684210527,0.6,0.5789473684210527,0.17894736842105263,24,16,22,16,,78,0
TaskRes+SAM [rescaled pool],clahe,1000,1,100,patient,0.8125,0.8928571428571428,0.75,0.75,0.75,0.75,0.75,0.75,0.75,0.5,3,1,3,1,,8,0
TaskRes+SAM [original pool],clahe,1000,1,100,slice,0.6822368421052631,0.6727802225933777,0.6025641025641025,0.6013157894736842,0.6265060240963856,0.65,0.5526315789473685,0.6046511627906976,0.6,0.20363886723730812,26,17,21,14,,78,0
TaskRes+SAM [original pool],clahe,1000,1,100,patient,0.6875,0.7470238095238095,0.75,0.75,0.75,0.75,0.75,0.75,0.75,0.5,3,1,3,1,,8,0
TaskRes+SAM [rescaled pool],clahe,0,1,2024,slice,0.6703947368421053,0.6826402219368177,0.5897435897435898,0.5894736842105264,0.6,0.6,0.5789473684210527,0.6,0.5789473684210527,0.17894736842105263,24,16,22,16,,78,0
TaskRes+SAM [rescaled pool],clahe,0,1,2024,patient,0.8125,0.8928571428571428,0.75,0.75,0.75,0.75,0.75,0.75,0.75,0.5,3,1,3,1,,8,0
TaskRes+SAM [original pool],clahe,0,1,2024,slice,0.6703947368421053,0.6826402219368177,0.5897435897435898,0.5894736842105264,0.6,0.6,0.5789473684210527,0.6,0.5789473684210527,0.17894736842105263,24,16,22,16,,78,0
TaskRes+SAM [original pool],clahe,0,1,2024,patient,0.8125,0.8928571428571428,0.75,0.75,0.75,0.75,0.75,0.75,0.75,0.5,3,1,3,1,,8,0
TaskRes+SAM [rescaled pool],clahe,250,1,2024,slice,0.6651315789473684,0.6758828768868851,0.5897435897435898,0.5894736842105264,0.6,0.6,0.5789473684210527,0.6,0.5789473684210527,0.17894736842105263,24,16,22,16,,78,0
TaskRes+SAM [rescaled pool],clahe,250,1,2024,patient,0.8125,0.8928571428571428,0.75,0.75,0.75,0.75,0.75,0.75,0.75,0.5,3,1,3,1,,8,0
TaskRes+SAM [original pool],clahe,250,1,2024,slice,0.6779605263157895,0.6765530327954137,0.5769230769230769,0.5763157894736842,0.5925925925925926,0.6,0.5526315789473685,0.5853658536585366,0.5675675675675675,0.15278242554549024,24,17,21,16,,78,0
TaskRes+SAM [original pool],clahe,250,1,2024,patient,0.75,0.8303571428571428,0.75,0.75,0.75,0.75,0.75,0.75,0.75,0.5,3,1,3,1,,8,0
TaskRes+SAM [rescaled pool],clahe,500,1,2024,slice,0.6651315789473684,0.6758828768868851,0.5897435897435898,0.5894736842105264,0.6,0.6,0.5789473684210527,0.6,0.5789473684210527,0.17894736842105263,24,16,22,16,,78,0
TaskRes+SAM [rescaled pool],clahe,500,1,2024,patient,0.8125,0.8928571428571428,0.75,0.75,0.75,0.75,0.75,0.75,0.75,0.5,3,1,3,1,,8,0
TaskRes+SAM [original pool],clahe,500,1,2024,slice,0.6815789473684211,0.6725914395616265,0.6025641025641025,0.6013157894736842,0.6265060240963856,0.65,0.5526315789473685,0.6046511627906976,0.6,0.20363886723730812,26,17,21,14,,78,0
TaskRes+SAM [original pool],clahe,500,1,2024,patient,0.6875,0.7470238095238095,0.75,0.75,0.75,0.75,0.75,0.75,0.75,0.5,3,1,3,1,,8,0
TaskRes+SAM [rescaled pool],clahe,750,1,2024,slice,0.6644736842105263,0.6755368082268629,0.5897435897435898,0.5894736842105264,0.6,0.6,0.5789473684210527,0.6,0.5789473684210527,0.17894736842105263,24,16,22,16,,78,0
TaskRes+SAM [rescaled pool],clahe,750,1,2024,patient,0.8125,0.8928571428571428,0.75,0.75,0.75,0.75,0.75,0.75,0.75,0.5,3,1,3,1,,8,0
TaskRes+SAM [original pool],clahe,750,1,2024,slice,0.6822368421052631,0.6727802225933777,0.6025641025641025,0.6013157894736842,0.6265060240963856,0.65,0.5526315789473685,0.6046511627906976,0.6,0.20363886723730812,26,17,21,14,,78,0
TaskRes+SAM [original pool],clahe,750,1,2024,patient,0.6875,0.7470238095238095,0.75,0.75,0.75,0.75,0.75,0.75,0.75,0.5,3,1,3,1,,8,0
TaskRes+SAM [rescaled pool],clahe,1000,1,2024,slice,0.6644736842105263,0.6755368082268629,0.5897435897435898,0.5894736842105264,0.6,0.6,0.5789473684210527,0.6,0.5789473684210527,0.17894736842105263,24,16,22,16,,78,0
TaskRes+SAM [rescaled pool],clahe,1000,1,2024,patient,0.8125,0.8928571428571428,0.75,0.75,0.75,0.75,0.75,0.75,0.75,0.5,3,1,3,1,,8,0
TaskRes+SAM [original pool],clahe,1000,1,2024,slice,0.6822368421052631,0.6727802225933777,0.6025641025641025,0.6013157894736842,0.6265060240963856,0.65,0.5526315789473685,0.6046511627906976,0.6,0.20363886723730812,26,17,21,14,,78,0
TaskRes+SAM [original pool],clahe,1000,1,2024,patient,0.6875,0.7470238095238095,0.75,0.75,0.75,0.75,0.75,0.75,0.75,0.5,3,1,3,1,,8,0
TaskRes+SAM [rescaled pool],clahe,0,1,777,slice,0.6703947368421053,0.6826402219368177,0.5897435897435898,0.5894736842105264,0.6,0.6,0.5789473684210527,0.6,0.5789473684210527,0.17894736842105263,24,16,22,16,,78,0
TaskRes+SAM [rescaled pool],clahe,0,1,777,patient,0.8125,0.8928571428571428,0.75,0.75,0.75,0.75,0.75,0.75,0.75,0.5,3,1,3,1,,8,0
TaskRes+SAM [original pool],clahe,0,1,777,slice,0.6703947368421053,0.6826402219368177,0.5897435897435898,0.5894736842105264,0.6,0.6,0.5789473684210527,0.6,0.5789473684210527,0.17894736842105263,24,16,22,16,,78,0
TaskRes+SAM [original pool],clahe,0,1,777,patient,0.8125,0.8928571428571428,0.75,0.75,0.75,0.75,0.75,0.75,0.75,0.5,3,1,3,1,,8,0
TaskRes+SAM [rescaled pool],clahe,250,1,777,slice,0.6651315789473684,0.6758828768868851,0.5897435897435898,0.5894736842105264,0.6,0.6,0.5789473684210527,0.6,0.5789473684210527,0.17894736842105263,24,16,22,16,,78,0
TaskRes+SAM [rescaled pool],clahe,250,1,777,patient,0.8125,0.8928571428571428,0.75,0.75,0.75,0.75,0.75,0.75,0.75,0.5,3,1,3,1,,8,0
TaskRes+SAM [original pool],clahe,250,1,777,slice,0.6779605263157895,0.6765530327954137,0.5769230769230769,0.5763157894736842,0.5925925925925926,0.6,0.5526315789473685,0.5853658536585366,0.5675675675675675,0.15278242554549024,24,17,21,16,,78,0
TaskRes+SAM [original pool],clahe,250,1,777,patient,0.75,0.8303571428571428,0.75,0.75,0.75,0.75,0.75,0.75,0.75,0.5,3,1,3,1,,8,0
TaskRes+SAM [rescaled pool],clahe,500,1,777,slice,0.6651315789473684,0.6758828768868851,0.5897435897435898,0.5894736842105264,0.6,0.6,0.5789473684210527,0.6,0.5789473684210527,0.17894736842105263,24,16,22,16,,78,0
TaskRes+SAM [rescaled pool],clahe,500,1,777,patient,0.8125,0.8928571428571428,0.75,0.75,0.75,0.75,0.75,0.75,0.75,0.5,3,1,3,1,,8,0
TaskRes+SAM [original pool],clahe,500,1,777,slice,0.6815789473684211,0.6725914395616265,0.6025641025641025,0.6013157894736842,0.6265060240963856,0.65,0.5526315789473685,0.6046511627906976,0.6,0.20363886723730812,26,17,21,14,,78,0
TaskRes+SAM [original pool],clahe,500,1,777,patient,0.6875,0.7470238095238095,0.75,0.75,0.75,0.75,0.75,0.75,0.75,0.5,3,1,3,1,,8,0
TaskRes+SAM [original pool],clahe,750,1,777,slice,0.6822368421052631,0.6727802225933777,0.6025641025641025,0.6013157894736842,0.6265060240963856,0.65,0.5526315789473685,0.6046511627906976,0.6,0.20363886723730812,26,17,21,14,,78,0
TaskRes+SAM [original pool],clahe,750,1,777,patient,0.6875,0.7470238095238095,0.75,0.75,0.75,0.75,0.75,0.75,0.75,0.5,3,1,3,1,,8,0
TaskRes+SAM [rescaled pool],clahe,750,1,777,slice,0.6644736842105263,0.6755368082268629,0.5897435897435898,0.5894736842105264,0.6,0.6,0.5789473684210527,0.6,0.5789473684210527,0.17894736842105263,24,16,22,16,,78,0
TaskRes+SAM [rescaled pool],clahe,750,1,777,patient,0.8125,0.8928571428571428,0.75,0.75,0.75,0.75,0.75,0.75,0.75,0.5,3,1,3,1,,8,0
TaskRes+SAM [rescaled pool],clahe,1000,1,777,slice,0.6644736842105263,0.6755368082268629,0.5897435897435898,0.5894736842105264,0.6,0.6,0.5789473684210527,0.6,0.5789473684210527,0.17894736842105263,24,16,22,16,,78,0
TaskRes+SAM [rescaled pool],clahe,1000,1,777,patient,0.8125,0.8928571428571428,0.75,0.75,0.75,0.75,0.75,0.75,0.75,0.5,3,1,3,1,,8,0
TaskRes+SAM [original pool],clahe,1000,1,777,slice,0.6822368421052631,0.6727802225933777,0.6025641025641025,0.6013157894736842,0.6265060240963856,0.65,0.5526315789473685,0.6046511627906976,0.6,0.20363886723730812,26,17,21,14,,78,0
TaskRes+SAM [original pool],clahe,1000,1,777,patient,0.6875,0.7470238095238095,0.75,0.75,0.75,0.75,0.75,0.75,0.75,0.5,3,1,3,1,,8,0
TaskRes+SAM [rescaled pool],clahe,0,1,999,slice,0.6703947368421053,0.6826402219368177,0.5897435897435898,0.5894736842105264,0.6,0.6,0.5789473684210527,0.6,0.5789473684210527,0.17894736842105263,24,16,22,16,,78,0
TaskRes+SAM [rescaled pool],clahe,0,1,999,patient,0.8125,0.8928571428571428,0.75,0.75,0.75,0.75,0.75,0.75,0.75,0.5,3,1,3,1,,8,0
TaskRes+SAM [original pool],clahe,0,1,999,slice,0.6703947368421053,0.6826402219368177,0.5897435897435898,0.5894736842105264,0.6,0.6,0.5789473684210527,0.6,0.5789473684210527,0.17894736842105263,24,16,22,16,,78,0
TaskRes+SAM [original pool],clahe,0,1,999,patient,0.8125,0.8928571428571428,0.75,0.75,0.75,0.75,0.75,0.75,0.75,0.5,3,1,3,1,,8,0
TaskRes+SAM [rescaled pool],clahe,250,1,999,slice,0.6651315789473684,0.6758828768868851,0.5897435897435898,0.5894736842105264,0.6,0.6,0.5789473684210527,0.6,0.5789473684210527,0.17894736842105263,24,16,22,16,,78,0
TaskRes+SAM [rescaled pool],clahe,250,1,999,patient,0.8125,0.8928571428571428,0.75,0.75,0.75,0.75,0.75,0.75,0.75,0.5,3,1,3,1,,8,0
TaskRes+SAM [original pool],clahe,250,1,999,slice,0.6779605263157895,0.6765530327954137,0.5769230769230769,0.5763157894736842,0.5925925925925926,0.6,0.5526315789473685,0.5853658536585366,0.5675675675675675,0.15278242554549024,24,17,21,16,,78,0
TaskRes+SAM [original pool],clahe,250,1,999,patient,0.75,0.8303571428571428,0.75,0.75,0.75,0.75,0.75,0.75,0.75,0.5,3,1,3,1,,8,0
TaskRes+SAM [rescaled pool],clahe,500,1,999,slice,0.6651315789473684,0.6758828768868851,0.5897435897435898,0.5894736842105264,0.6,0.6,0.5789473684210527,0.6,0.5789473684210527,0.17894736842105263,24,16,22,16,,78,0
TaskRes+SAM [rescaled pool],clahe,500,1,999,patient,0.8125,0.8928571428571428,0.75,0.75,0.75,0.75,0.75,0.75,0.75,0.5,3,1,3,1,,8,0
TaskRes+SAM [original pool],clahe,500,1,999,slice,0.6815789473684211,0.6725914395616265,0.6025641025641025,0.6013157894736842,0.6265060240963856,0.65,0.5526315789473685,0.6046511627906976,0.6,0.20363886723730812,26,17,21,14,,78,0
TaskRes+SAM [original pool],clahe,500,1,999,patient,0.6875,0.7470238095238095,0.75,0.75,0.75,0.75,0.75,0.75,0.75,0.5,3,1,3,1,,8,0
TaskRes+SAM [rescaled pool],clahe,750,1,999,slice,0.6644736842105263,0.6755368082268629,0.5897435897435898,0.5894736842105264,0.6,0.6,0.5789473684210527,0.6,0.5789473684210527,0.17894736842105263,24,16,22,16,,78,0
TaskRes+SAM [rescaled pool],clahe,750,1,999,patient,0.8125,0.8928571428571428,0.75,0.75,0.75,0.75,0.75,0.75,0.75,0.5,3,1,3,1,,8,0
TaskRes+SAM [original pool],clahe,750,1,999,slice,0.6822368421052631,0.6727802225933777,0.6025641025641025,0.6013157894736842,0.6265060240963856,0.65,0.5526315789473685,0.6046511627906976,0.6,0.20363886723730812,26,17,21,14,,78,0
TaskRes+SAM [original pool],clahe,750,1,999,patient,0.6875,0.7470238095238095,0.75,0.75,0.75,0.75,0.75,0.75,0.75,0.5,3,1,3,1,,8,0
Nearest Centroid [rescaled pool],clahe,0,1,0,slice,0.6671052631578948,0.6739670073058417,0.5769230769230769,0.5763157894736842,0.5925925925925926,0.6,0.5526315789473685,0.5853658536585366,0.5675675675675675,0.15278242554549024,24,17,21,16,,78,0
Nearest Centroid [rescaled pool],clahe,0,1,0,patient,0.75,0.8303571428571428,0.75,0.75,0.75,0.75,0.75,0.75,0.75,0.5,3,1,3,1,,8,0
Nearest Centroid [original pool],clahe,250,1,0,slice,0.6766447368421052,0.6702642591826206,0.6025641025641025,0.6019736842105263,0.6172839506172839,0.625,0.5789473684210527,0.6097560975609756,0.5945945945945946,0.20414893068578435,25,16,22,15,,78,0
Nearest Centroid [original pool],clahe,250,1,0,patient,0.6875,0.7470238095238095,0.75,0.75,0.75,0.75,0.75,0.75,0.75,0.5,3,1,3,1,,8,0
Nearest Centroid [rescaled pool],clahe,250,1,0,slice,0.66875,0.6744734680561593,0.5769230769230769,0.5763157894736842,0.5925925925925926,0.6,0.5526315789473685,0.5853658536585366,0.5675675675675675,0.15278242554549024,24,17,21,16,,78,0
Nearest Centroid [rescaled pool],clahe,250,1,0,patient,0.6875,0.7470238095238095,0.75,0.75,0.75,0.75,0.75,0.75,0.75,0.5,3,1,3,1,,8,0
Nearest Centroid [original pool],clahe,0,1,0,slice,0.6671052631578948,0.6739670073058417,0.5769230769230769,0.5763157894736842,0.5925925925925926,0.6,0.5526315789473685,0.5853658536585366,0.5675675675675675,0.15278242554549024,24,17,21,16,,78,0
Nearest Centroid [original pool],clahe,0,1,0,patient,0.75,0.8303571428571428,0.75,0.75,0.75,0.75,0.75,0.75,0.75,0.5,3,1,3,1,,8,0
TaskRes+SAM [rescaled pool],clahe,1000,1,999,slice,0.6644736842105263,0.6755368082268629,0.5897435897435898,0.5894736842105264,0.6,0.6,0.5789473684210527,0.6,0.5789473684210527,0.17894736842105263,24,16,22,16,,78,0
TaskRes+SAM [rescaled pool],clahe,1000,1,999,patient,0.8125,0.8928571428571428,0.75,0.75,0.75,0.75,0.75,0.75,0.75,0.5,3,1,3,1,,8,0
TaskRes+SAM [original pool],clahe,1000,1,999,slice,0.6822368421052631,0.6727802225933777,0.6025641025641025,0.6013157894736842,0.6265060240963856,0.65,0.5526315789473685,0.6046511627906976,0.6,0.20363886723730812,26,17,21,14,,78,0
TaskRes+SAM [original pool],clahe,1000,1,999,patient,0.6875,0.7470238095238095,0.75,0.75,0.75,0.75,0.75,0.75,0.75,0.5,3,1,3,1,,8,0
Nearest Centroid [rescaled pool],clahe,750,1,0,slice,0.66875,0.6746690862095238,0.5769230769230769,0.5763157894736842,0.5925925925925926,0.6,0.5526315789473685,0.5853658536585366,0.5675675675675675,0.15278242554549024,24,17,21,16,,78,0
Nearest Centroid [rescaled pool],clahe,750,1,0,patient,0.6875,0.7470238095238095,0.75,0.75,0.75,0.75,0.75,0.75,0.75,0.5,3,1,3,1,,8,0
Nearest Centroid [original pool],clahe,1000,1,0,slice,0.6786184210526316,0.6657083591991547,0.5769230769230769,0.575,0.611764705882353,0.65,0.5,0.5777777777777777,0.5757575757575758,0.15175738212786563,26,19,19,14,,78,0
Nearest Centroid [original pool],clahe,1000,1,0,patient,0.6875,0.7470238095238095,0.75,0.75,0.75,0.75,0.75,0.75,0.75,0.5,3,1,3,1,,8,0
Nearest Centroid [rescaled pool],clahe,1000,1,0,slice,0.6684210526315789,0.6744734680561593,0.5769230769230769,0.5763157894736842,0.5925925925925926,0.6,0.5526315789473685,0.5853658536585366,0.5675675675675675,0.15278242554549024,24,17,21,16,,78,0
Nearest Centroid [rescaled pool],clahe,1000,1,0,patient,0.6875,0.7470238095238095,0.75,0.75,0.75,0.75,0.75,0.75,0.75,0.5,3,1,3,1,,8,0
Nearest Centroid [rescaled pool],clahe,500,1,0,slice,0.6690789473684211,0.6746690862095238,0.5769230769230769,0.5763157894736842,0.5925925925925926,0.6,0.5526315789473685,0.5853658536585366,0.5675675675675675,0.15278242554549024,24,17,21,16,,78,0
Nearest Centroid [rescaled pool],clahe,500,1,0,patient,0.6875,0.7470238095238095,0.75,0.75,0.75,0.75,0.75,0.75,0.75,0.5,3,1,3,1,,8,0
Nearest Centroid [original pool],clahe,750,1,0,slice,0.6779605263157895,0.665203105071401,0.6025641025641025,0.6013157894736842,0.6265060240963856,0.65,0.5526315789473685,0.6046511627906976,0.6,0.20363886723730812,26,17,21,14,,78,0
Nearest Centroid [original pool],clahe,750,1,0,patient,0.6875,0.7470238095238095,0.75,0.75,0.75,0.75,0.75,0.75,0.75,0.5,3,1,3,1,,8,0
Nearest Centroid [original pool],clahe,500,1,0,slice,0.6799342105263158,0.6709807042415038,0.6025641025641025,0.6013157894736842,0.6265060240963856,0.65,0.5526315789473685,0.6046511627906976,0.6,0.20363886723730812,26,17,21,14,,78,0
Nearest Centroid [original pool],clahe,500,1,0,patient,0.6875,0.7470238095238095,0.75,0.75,0.75,0.75,0.75,0.75,0.75,0.5,3,1,3,1,,8,0
TaskRes+SAM [rescaled pool],clahe,0,2,42,slice,0.8205128205128205,0.8494060806266109,0.6455696202531646,0.6429487179487179,0.7083333333333334,0.85,0.4358974358974359,0.6071428571428571,0.7391304347826086,0.31464050324339204,34,22,17,6,,79,0
TaskRes+SAM [rescaled pool],clahe,0,2,42,patient,1.0,1.0,0.75,0.75,0.8,1.0,0.5,0.6666666666666666,1.0,0.5773502691896258,4,2,2,0,,8,0
TaskRes+SAM [original pool],clahe,0,2,42,slice,0.8205128205128205,0.8494060806266109,0.6455696202531646,0.6429487179487179,0.7083333333333334,0.85,0.4358974358974359,0.6071428571428571,0.7391304347826086,0.31464050324339204,34,22,17,6,,79,0
TaskRes+SAM [original pool],clahe,0,2,42,patient,1.0,1.0,0.75,0.75,0.8,1.0,0.5,0.6666666666666666,1.0,0.5773502691896258,4,2,2,0,,8,0
TaskRes+SAM [rescaled pool],clahe,250,2,42,slice,0.8179487179487179,0.8508895885556523,0.620253164556962,0.617948717948718,0.6808510638297872,0.8,0.4358974358974359,0.5925925925925926,0.68,0.2535821240490484,32,22,17,8,,79,0
TaskRes+SAM [rescaled pool],clahe,250,2,42,patient,1.0,1.0,0.75,0.75,0.8,1.0,0.5,0.6666666666666666,1.0,0.5773502691896258,4,2,2,0,,8,0
TaskRes+SAM [original pool],clahe,250,2,42,slice,0.8141025641025641,0.8588453270808873,0.620253164556962,0.617948717948718,0.6808510638297872,0.8,0.4358974358974359,0.5925925925925926,0.68,0.2535821240490484,32,22,17,8,,79,0
TaskRes+SAM [original pool],clahe,250,2,42,patient,1.0,1.0,0.75,0.75,0.8,1.0,0.5,0.6666666666666666,1.0,0.5773502691896258,4,2,2,0,,8,0
TaskRes+SAM [rescaled pool],clahe,500,2,42,slice,0.8185897435897436,0.852196778098136,0.6075949367088608,0.6051282051282052,0.6736842105263158,0.8,0.41025641025641024,0.5818181818181818,0.6666666666666666,0.2285728160686048,32,23,16,8,,79,0
TaskRes+SAM [rescaled pool],clahe,500,2,42,patient,1.0,1.0,0.75,0.75,0.8,1.0,0.5,0.6666666666666666,1.0,0.5773502691896258,4,2,2,0,,8,0
TaskRes+SAM [original pool],clahe,500,2,42,slice,0.8128205128205128,0.8573834327982695,0.6455696202531646,0.6435897435897436,0.6956521739130435,0.8,0.48717948717948717,0.6153846153846154,0.7037037037037037,0.3027137589221013,32,20,19,8,,79,0
TaskRes+SAM [original pool],clahe,500,2,42,patient,1.0,1.0,0.75,0.75,0.8,1.0,0.5,0.6666666666666666,1.0,0.5773502691896258,4,2,2,0,,8,0
TaskRes+SAM [rescaled pool],clahe,750,2,42,slice,0.8185897435897436,0.852196778098136,0.6075949367088608,0.6051282051282052,0.6736842105263158,0.8,0.41025641025641024,0.5818181818181818,0.6666666666666666,0.2285728160686048,32,23,16,8,,79,0
TaskRes+SAM [rescaled pool],clahe,750,2,42,patient,1.0,1.0,0.75,0.75,0.8,1.0,0.5,0.6666666666666666,1.0,0.5773502691896258,4,2,2,0,,8,0
TaskRes+SAM [original pool],clahe,750,2,42,slice,0.8102564102564103,0.8542393897404335,0.6455696202531646,0.6435897435897436,0.6956521739130435,0.8,0.48717948717948717,0.6153846153846154,0.7037037037037037,0.3027137589221013,32,20,19,8,,79,0
TaskRes+SAM [original pool],clahe,750,2,42,patient,1.0,1.0,0.75,0.75,0.8,1.0,0.5,0.6666666666666666,1.0,0.5773502691896258,4,2,2,0,,8,0
TaskRes+SAM [rescaled pool],clahe,1000,2,42,slice,0.8185897435897436,0.852196778098136,0.6075949367088608,0.6051282051282052,0.6736842105263158,0.8,0.41025641025641024,0.5818181818181818,0.6666666666666666,0.2285728160686048,32,23,16,8,,79,0
TaskRes+SAM [rescaled pool],clahe,1000,2,42,patient,1.0,1.0,0.75,0.75,0.8,1.0,0.5,0.6666666666666666,1.0,0.5773502691896258,4,2,2,0,,8,0
TaskRes+SAM [original pool],clahe,1000,2,42,slice,0.8102564102564103,0.8542393897404335,0.6455696202531646,0.6435897435897436,0.6956521739130435,0.8,0.48717948717948717,0.6153846153846154,0.7037037037037037,0.3027137589221013,32,20,19,8,,79,0
TaskRes+SAM [original pool],clahe,1000,2,42,patient,1.0,1.0,0.75,0.75,0.8,1.0,0.5,0.6666666666666666,1.0,0.5773502691896258,4,2,2,0,,8,0
TaskRes+SAM [rescaled pool],clahe,0,2,100,slice,0.8205128205128205,0.8494060806266109,0.6455696202531646,0.6429487179487179,0.7083333333333334,0.85,0.4358974358974359,0.6071428571428571,0.7391304347826086,0.31464050324339204,34,22,17,6,,79,0
TaskRes+SAM [rescaled pool],clahe,0,2,100,patient,1.0,1.0,0.75,0.75,0.8,1.0,0.5,0.6666666666666666,1.0,0.5773502691896258,4,2,2,0,,8,0
TaskRes+SAM [original pool],clahe,0,2,100,slice,0.8205128205128205,0.8494060806266109,0.6455696202531646,0.6429487179487179,0.7083333333333334,0.85,0.4358974358974359,0.6071428571428571,0.7391304347826086,0.31464050324339204,34,22,17,6,,79,0
TaskRes+SAM [original pool],clahe,0,2,100,patient,1.0,1.0,0.75,0.75,0.8,1.0,0.5,0.6666666666666666,1.0,0.5773502691896258,4,2,2,0,,8,0
TaskRes+SAM [rescaled pool],clahe,250,2,100,slice,0.8179487179487179,0.8508895885556523,0.620253164556962,0.617948717948718,0.6808510638297872,0.8,0.4358974358974359,0.5925925925925926,0.68,0.2535821240490484,32,22,17,8,,79,0
TaskRes+SAM [rescaled pool],clahe,250,2,100,patient,1.0,1.0,0.75,0.75,0.8,1.0,0.5,0.6666666666666666,1.0,0.5773502691896258,4,2,2,0,,8,0
TaskRes+SAM [original pool],clahe,250,2,100,slice,0.8141025641025641,0.8588453270808873,0.620253164556962,0.617948717948718,0.6808510638297872,0.8,0.4358974358974359,0.5925925925925926,0.68,0.2535821240490484,32,22,17,8,,79,0
TaskRes+SAM [original pool],clahe,250,2,100,patient,1.0,1.0,0.75,0.75,0.8,1.0,0.5,0.6666666666666666,1.0,0.5773502691896258,4,2,2,0,,8,0
TaskRes+SAM [rescaled pool],clahe,500,2,100,slice,0.8185897435897436,0.852196778098136,0.6075949367088608,0.6051282051282052,0.6736842105263158,0.8,0.41025641025641024,0.5818181818181818,0.6666666666666666,0.2285728160686048,32,23,16,8,,79,0
TaskRes+SAM [rescaled pool],clahe,500,2,100,patient,1.0,1.0,0.75,0.75,0.8,1.0,0.5,0.6666666666666666,1.0,0.5773502691896258,4,2,2,0,,8,0
TaskRes+SAM [original pool],clahe,500,2,100,slice,0.8128205128205128,0.8573834327982695,0.6455696202531646,0.6435897435897436,0.6956521739130435,0.8,0.48717948717948717,0.6153846153846154,0.7037037037037037,0.3027137589221013,32,20,19,8,,79,0
TaskRes+SAM [original pool],clahe,500,2,100,patient,1.0,1.0,0.75,0.75,0.8,1.0,0.5,0.6666666666666666,1.0,0.5773502691896258,4,2,2,0,,8,0
TaskRes+SAM [rescaled pool],clahe,750,2,100,slice,0.8185897435897436,0.852196778098136,0.6075949367088608,0.6051282051282052,0.6736842105263158,0.8,0.41025641025641024,0.5818181818181818,0.6666666666666666,0.2285728160686048,32,23,16,8,,79,0
TaskRes+SAM [rescaled pool],clahe,750,2,100,patient,1.0,1.0,0.75,0.75,0.8,1.0,0.5,0.6666666666666666,1.0,0.5773502691896258,4,2,2,0,,8,0
TaskRes+SAM [original pool],clahe,750,2,100,slice,0.8102564102564103,0.8542393897404335,0.6455696202531646,0.6435897435897436,0.6956521739130435,0.8,0.48717948717948717,0.6153846153846154,0.7037037037037037,0.3027137589221013,32,20,19,8,,79,0
TaskRes+SAM [original pool],clahe,750,2,100,patient,1.0,1.0,0.75,0.75,0.8,1.0,0.5,0.6666666666666666,1.0,0.5773502691896258,4,2,2,0,,8,0
TaskRes+SAM [rescaled pool],clahe,1000,2,100,slice,0.8185897435897436,0.852196778098136,0.6075949367088608,0.6051282051282052,0.6736842105263158,0.8,0.41025641025641024,0.5818181818181818,0.6666666666666666,0.2285728160686048,32,23,16,8,,79,0
TaskRes+SAM [rescaled pool],clahe,1000,2,100,patient,1.0,1.0,0.75,0.75,0.8,1.0,0.5,0.6666666666666666,1.0,0.5773502691896258,4,2,2,0,,8,0
TaskRes+SAM [original pool],clahe,1000,2,100,slice,0.8102564102564103,0.8542393897404335,0.6455696202531646,0.6435897435897436,0.6956521739130435,0.8,0.48717948717948717,0.6153846153846154,0.7037037037037037,0.3027137589221013,32,20,19,8,,79,0
TaskRes+SAM [original pool],clahe,1000,2,100,patient,1.0,1.0,0.75,0.75,0.8,1.0,0.5,0.6666666666666666,1.0,0.5773502691896258,4,2,2,0,,8,0
TaskRes+SAM [rescaled pool],clahe,0,2,2024,slice,0.8205128205128205,0.8494060806266109,0.6455696202531646,0.6429487179487179,0.7083333333333334,0.85,0.4358974358974359,0.6071428571428571,0.7391304347826086,0.31464050324339204,34,22,17,6,,79,0
TaskRes+SAM [rescaled pool],clahe,0,2,2024,patient,1.0,1.0,0.75,0.75,0.8,1.0,0.5,0.6666666666666666,1.0,0.5773502691896258,4,2,2,0,,8,0
TaskRes+SAM [original pool],clahe,0,2,2024,slice,0.8205128205128205,0.8494060806266109,0.6455696202531646,0.6429487179487179,0.7083333333333334,0.85,0.4358974358974359,0.6071428571428571,0.7391304347826086,0.31464050324339204,34,22,17,6,,79,0
TaskRes+SAM [original pool],clahe,0,2,2024,patient,1.0,1.0,0.75,0.75,0.8,1.0,0.5,0.6666666666666666,1.0,0.5773502691896258,4,2,2,0,,8,0
TaskRes+SAM [rescaled pool],clahe,250,2,2024,slice,0.8179487179487179,0.8508895885556523,0.620253164556962,0.617948717948718,0.6808510638297872,0.8,0.4358974358974359,0.5925925925925926,0.68,0.2535821240490484,32,22,17,8,,79,0
TaskRes+SAM [rescaled pool],clahe,250,2,2024,patient,1.0,1.0,0.75,0.75,0.8,1.0,0.5,0.6666666666666666,1.0,0.5773502691896258,4,2,2,0,,8,0
TaskRes+SAM [original pool],clahe,250,2,2024,slice,0.8141025641025641,0.8588453270808873,0.620253164556962,0.617948717948718,0.6808510638297872,0.8,0.4358974358974359,0.5925925925925926,0.68,0.2535821240490484,32,22,17,8,,79,0
TaskRes+SAM [original pool],clahe,250,2,2024,patient,1.0,1.0,0.75,0.75,0.8,1.0,0.5,0.6666666666666666,1.0,0.5773502691896258,4,2,2,0,,8,0
TaskRes+SAM [rescaled pool],clahe,500,2,2024,slice,0.8185897435897436,0.852196778098136,0.6075949367088608,0.6051282051282052,0.6736842105263158,0.8,0.41025641025641024,0.5818181818181818,0.6666666666666666,0.2285728160686048,32,23,16,8,,79,0
TaskRes+SAM [rescaled pool],clahe,500,2,2024,patient,1.0,1.0,0.75,0.75,0.8,1.0,0.5,0.6666666666666666,1.0,0.5773502691896258,4,2,2,0,,8,0
TaskRes+SAM [original pool],clahe,500,2,2024,slice,0.8128205128205128,0.8573834327982695,0.6455696202531646,0.6435897435897436,0.6956521739130435,0.8,0.48717948717948717,0.6153846153846154,0.7037037037037037,0.3027137589221013,32,20,19,8,,79,0
TaskRes+SAM [original pool],clahe,500,2,2024,patient,1.0,1.0,0.75,0.75,0.8,1.0,0.5,0.6666666666666666,1.0,0.5773502691896258,4,2,2,0,,8,0
TaskRes+SAM [rescaled pool],clahe,750,2,2024,slice,0.8185897435897436,0.852196778098136,0.6075949367088608,0.6051282051282052,0.6736842105263158,0.8,0.41025641025641024,0.5818181818181818,0.6666666666666666,0.2285728160686048,32,23,16,8,,79,0
TaskRes+SAM [rescaled pool],clahe,750,2,2024,patient,1.0,1.0,0.75,0.75,0.8,1.0,0.5,0.6666666666666666,1.0,0.5773502691896258,4,2,2,0,,8,0
TaskRes+SAM [original pool],clahe,750,2,2024,slice,0.8102564102564103,0.8542393897404335,0.6455696202531646,0.6435897435897436,0.6956521739130435,0.8,0.48717948717948717,0.6153846153846154,0.7037037037037037,0.3027137589221013,32,20,19,8,,79,0
TaskRes+SAM [original pool],clahe,750,2,2024,patient,1.0,1.0,0.75,0.75,0.8,1.0,0.5,0.6666666666666666,1.0,0.5773502691896258,4,2,2,0,,8,0
TaskRes+SAM [rescaled pool],clahe,1000,2,2024,slice,0.8185897435897436,0.852196778098136,0.6075949367088608,0.6051282051282052,0.6736842105263158,0.8,0.41025641025641024,0.5818181818181818,0.6666666666666666,0.2285728160686048,32,23,16,8,,79,0
TaskRes+SAM [rescaled pool],clahe,1000,2,2024,patient,1.0,1.0,0.75,0.75,0.8,1.0,0.5,0.6666666666666666,1.0,0.5773502691896258,4,2,2,0,,8,0
TaskRes+SAM [original pool],clahe,1000,2,2024,slice,0.8102564102564103,0.8542393897404335,0.6455696202531646,0.6435897435897436,0.6956521739130435,0.8,0.48717948717948717,0.6153846153846154,0.7037037037037037,0.3027137589221013,32,20,19,8,,79,0
TaskRes+SAM [original pool],clahe,1000,2,2024,patient,1.0,1.0,0.75,0.75,0.8,1.0,0.5,0.6666666666666666,1.0,0.5773502691896258,4,2,2,0,,8,0
TaskRes+SAM [rescaled pool],clahe,0,2,777,slice,0.8205128205128205,0.8494060806266109,0.6455696202531646,0.6429487179487179,0.7083333333333334,0.85,0.4358974358974359,0.6071428571428571,0.7391304347826086,0.31464050324339204,34,22,17,6,,79,0
TaskRes+SAM [rescaled pool],clahe,0,2,777,patient,1.0,1.0,0.75,0.75,0.8,1.0,0.5,0.6666666666666666,1.0,0.5773502691896258,4,2,2,0,,8,0
TaskRes+SAM [original pool],clahe,0,2,777,slice,0.8205128205128205,0.8494060806266109,0.6455696202531646,0.6429487179487179,0.7083333333333334,0.85,0.4358974358974359,0.6071428571428571,0.7391304347826086,0.31464050324339204,34,22,17,6,,79,0
TaskRes+SAM [original pool],clahe,0,2,777,patient,1.0,1.0,0.75,0.75,0.8,1.0,0.5,0.6666666666666666,1.0,0.5773502691896258,4,2,2,0,,8,0
TaskRes+SAM [rescaled pool],clahe,250,2,777,slice,0.8179487179487179,0.8508895885556523,0.620253164556962,0.617948717948718,0.6808510638297872,0.8,0.4358974358974359,0.5925925925925926,0.68,0.2535821240490484,32,22,17,8,,79,0
TaskRes+SAM [rescaled pool],clahe,250,2,777,patient,1.0,1.0,0.75,0.75,0.8,1.0,0.5,0.6666666666666666,1.0,0.5773502691896258,4,2,2,0,,8,0
TaskRes+SAM [original pool],clahe,250,2,777,slice,0.8141025641025641,0.8588453270808873,0.620253164556962,0.617948717948718,0.6808510638297872,0.8,0.4358974358974359,0.5925925925925926,0.68,0.2535821240490484,32,22,17,8,,79,0
TaskRes+SAM [original pool],clahe,250,2,777,patient,1.0,1.0,0.75,0.75,0.8,1.0,0.5,0.6666666666666666,1.0,0.5773502691896258,4,2,2,0,,8,0
TaskRes+SAM [rescaled pool],clahe,500,2,777,slice,0.8185897435897436,0.852196778098136,0.6075949367088608,0.6051282051282052,0.6736842105263158,0.8,0.41025641025641024,0.5818181818181818,0.6666666666666666,0.2285728160686048,32,23,16,8,,79,0
TaskRes+SAM [rescaled pool],clahe,500,2,777,patient,1.0,1.0,0.75,0.75,0.8,1.0,0.5,0.6666666666666666,1.0,0.5773502691896258,4,2,2,0,,8,0
TaskRes+SAM [original pool],clahe,500,2,777,slice,0.8128205128205128,0.8573834327982695,0.6455696202531646,0.6435897435897436,0.6956521739130435,0.8,0.48717948717948717,0.6153846153846154,0.7037037037037037,0.3027137589221013,32,20,19,8,,79,0
TaskRes+SAM [original pool],clahe,500,2,777,patient,1.0,1.0,0.75,0.75,0.8,1.0,0.5,0.6666666666666666,1.0,0.5773502691896258,4,2,2,0,,8,0
TaskRes+SAM [rescaled pool],clahe,750,2,777,slice,0.8185897435897436,0.852196778098136,0.6075949367088608,0.6051282051282052,0.6736842105263158,0.8,0.41025641025641024,0.5818181818181818,0.6666666666666666,0.2285728160686048,32,23,16,8,,79,0
TaskRes+SAM [rescaled pool],clahe,750,2,777,patient,1.0,1.0,0.75,0.75,0.8,1.0,0.5,0.6666666666666666,1.0,0.5773502691896258,4,2,2,0,,8,0
TaskRes+SAM [original pool],clahe,750,2,777,slice,0.8102564102564103,0.8542393897404335,0.6455696202531646,0.6435897435897436,0.6956521739130435,0.8,0.48717948717948717,0.6153846153846154,0.7037037037037037,0.3027137589221013,32,20,19,8,,79,0
TaskRes+SAM [original pool],clahe,750,2,777,patient,1.0,1.0,0.75,0.75,0.8,1.0,0.5,0.6666666666666666,1.0,0.5773502691896258,4,2,2,0,,8,0
TaskRes+SAM [rescaled pool],clahe,1000,2,777,slice,0.8185897435897436,0.852196778098136,0.6075949367088608,0.6051282051282052,0.6736842105263158,0.8,0.41025641025641024,0.5818181818181818,0.6666666666666666,0.2285728160686048,32,23,16,8,,79,0
TaskRes+SAM [rescaled pool],clahe,1000,2,777,patient,1.0,1.0,0.75,0.75,0.8,1.0,0.5,0.6666666666666666,1.0,0.5773502691896258,4,2,2,0,,8,0
TaskRes+SAM [original pool],clahe,1000,2,777,slice,0.8102564102564103,0.8542393897404335,0.6455696202531646,0.6435897435897436,0.6956521739130435,0.8,0.48717948717948717,0.6153846153846154,0.7037037037037037,0.3027137589221013,32,20,19,8,,79,0
TaskRes+SAM [original pool],clahe,1000,2,777,patient,1.0,1.0,0.75,0.75,0.8,1.0,0.5,0.6666666666666666,1.0,0.5773502691896258,4,2,2,0,,8,0
TaskRes+SAM [rescaled pool],clahe,0,2,999,slice,0.8205128205128205,0.8494060806266109,0.6455696202531646,0.6429487179487179,0.7083333333333334,0.85,0.4358974358974359,0.6071428571428571,0.7391304347826086,0.31464050324339204,34,22,17,6,,79,0
TaskRes+SAM [rescaled pool],clahe,0,2,999,patient,1.0,1.0,0.75,0.75,0.8,1.0,0.5,0.6666666666666666,1.0,0.5773502691896258,4,2,2,0,,8,0
TaskRes+SAM [original pool],clahe,0,2,999,slice,0.8205128205128205,0.8494060806266109,0.6455696202531646,0.6429487179487179,0.7083333333333334,0.85,0.4358974358974359,0.6071428571428571,0.7391304347826086,0.31464050324339204,34,22,17,6,,79,0
TaskRes+SAM [original pool],clahe,0,2,999,patient,1.0,1.0,0.75,0.75,0.8,1.0,0.5,0.6666666666666666,1.0,0.5773502691896258,4,2,2,0,,8,0
TaskRes+SAM [rescaled pool],clahe,250,2,999,slice,0.8179487179487179,0.8508895885556523,0.620253164556962,0.617948717948718,0.6808510638297872,0.8,0.4358974358974359,0.5925925925925926,0.68,0.2535821240490484,32,22,17,8,,79,0
TaskRes+SAM [rescaled pool],clahe,250,2,999,patient,1.0,1.0,0.75,0.75,0.8,1.0,0.5,0.6666666666666666,1.0,0.5773502691896258,4,2,2,0,,8,0
TaskRes+SAM [original pool],clahe,250,2,999,slice,0.8141025641025641,0.8588453270808873,0.620253164556962,0.617948717948718,0.6808510638297872,0.8,0.4358974358974359,0.5925925925925926,0.68,0.2535821240490484,32,22,17,8,,79,0
TaskRes+SAM [original pool],clahe,250,2,999,patient,1.0,1.0,0.75,0.75,0.8,1.0,0.5,0.6666666666666666,1.0,0.5773502691896258,4,2,2,0,,8,0
TaskRes+SAM [rescaled pool],clahe,500,2,999,slice,0.8185897435897436,0.852196778098136,0.6075949367088608,0.6051282051282052,0.6736842105263158,0.8,0.41025641025641024,0.5818181818181818,0.6666666666666666,0.2285728160686048,32,23,16,8,,79,0
TaskRes+SAM [rescaled pool],clahe,500,2,999,patient,1.0,1.0,0.75,0.75,0.8,1.0,0.5,0.6666666666666666,1.0,0.5773502691896258,4,2,2,0,,8,0
TaskRes+SAM [original pool],clahe,500,2,999,slice,0.8128205128205128,0.8573834327982695,0.6455696202531646,0.6435897435897436,0.6956521739130435,0.8,0.48717948717948717,0.6153846153846154,0.7037037037037037,0.3027137589221013,32,20,19,8,,79,0
TaskRes+SAM [original pool],clahe,500,2,999,patient,1.0,1.0,0.75,0.75,0.8,1.0,0.5,0.6666666666666666,1.0,0.5773502691896258,4,2,2,0,,8,0
TaskRes+SAM [rescaled pool],clahe,750,2,999,slice,0.8185897435897436,0.852196778098136,0.6075949367088608,0.6051282051282052,0.6736842105263158,0.8,0.41025641025641024,0.5818181818181818,0.6666666666666666,0.2285728160686048,32,23,16,8,,79,0
TaskRes+SAM [rescaled pool],clahe,750,2,999,patient,1.0,1.0,0.75,0.75,0.8,1.0,0.5,0.6666666666666666,1.0,0.5773502691896258,4,2,2,0,,8,0
TaskRes+SAM [original pool],clahe,750,2,999,slice,0.8102564102564103,0.8542393897404335,0.6455696202531646,0.6435897435897436,0.6956521739130435,0.8,0.48717948717948717,0.6153846153846154,0.7037037037037037,0.3027137589221013,32,20,19,8,,79,0
TaskRes+SAM [original pool],clahe,750,2,999,patient,1.0,1.0,0.75,0.75,0.8,1.0,0.5,0.6666666666666666,1.0,0.5773502691896258,4,2,2,0,,8,0
Nearest Centroid [original pool],clahe,750,2,0,slice,0.8032051282051282,0.8499842558131897,0.6329113924050633,0.6304487179487179,0.6947368421052632,0.825,0.4358974358974359,0.6,0.7083333333333334,0.2836254150607383,33,22,17,7,,79,0
Nearest Centroid [original pool],clahe,750,2,0,patient,0.875,0.8875,0.75,0.75,0.8,1.0,0.5,0.6666666666666666,1.0,0.5773502691896258,4,2,2,0,,8,0
Nearest Centroid [rescaled pool],clahe,500,2,0,slice,0.8224358974358974,0.862712147221654,0.620253164556962,0.617948717948718,0.6808510638297872,0.8,0.4358974358974359,0.5925925925925926,0.68,0.2535821240490484,32,22,17,8,,79,0
Nearest Centroid [rescaled pool],clahe,500,2,0,patient,1.0,1.0,0.75,0.75,0.8,1.0,0.5,0.6666666666666666,1.0,0.5773502691896258,4,2,2,0,,8,0
Nearest Centroid [original pool],clahe,500,2,0,slice,0.8096153846153846,0.8554270928018225,0.620253164556962,0.617948717948718,0.6808510638297872,0.8,0.4358974358974359,0.5925925925925926,0.68,0.2535821240490484,32,22,17,8,,79,0
Nearest Centroid [original pool],clahe,500,2,0,patient,1.0,1.0,0.75,0.75,0.8,1.0,0.5,0.6666666666666666,1.0,0.5773502691896258,4,2,2,0,,8,0
Nearest Centroid [rescaled pool],clahe,750,2,0,slice,0.8233974358974359,0.86304001670937,0.620253164556962,0.617948717948718,0.6808510638297872,0.8,0.4358974358974359,0.5925925925925926,0.68,0.2535821240490484,32,22,17,8,,79,0
Nearest Centroid [rescaled pool],clahe,750,2,0,patient,1.0,1.0,0.75,0.75,0.8,1.0,0.5,0.6666666666666666,1.0,0.5773502691896258,4,2,2,0,,8,0
Nearest Centroid [rescaled pool],clahe,1000,2,0,slice,0.8233974358974359,0.8634875204391228,0.620253164556962,0.617948717948718,0.6808510638297872,0.8,0.4358974358974359,0.5925925925925926,0.68,0.2535821240490484,32,22,17,8,,79,0
Nearest Centroid [rescaled pool],clahe,1000,2,0,patient,1.0,1.0,0.75,0.75,0.8,1.0,0.5,0.6666666666666666,1.0,0.5773502691896258,4,2,2,0,,8,0
Nearest Centroid [original pool],clahe,1000,2,0,slice,0.8070512820512821,0.8513322430517046,0.6329113924050633,0.6307692307692307,0.6881720430107527,0.8,0.46153846153846156,0.6037735849056604,0.6923076923076923,0.2782744000671334,32,21,18,8,,79,0
Nearest Centroid [original pool],clahe,1000,2,0,patient,0.875,0.8875,0.75,0.75,0.8,1.0,0.5,0.6666666666666666,1.0,0.5773502691896258,4,2,2,0,,8,0
Nearest Centroid [original pool],clahe,0,2,0,slice,0.8269230769230769,0.8645842638652639,0.6329113924050633,0.6304487179487179,0.6947368421052632,0.825,0.4358974358974359,0.6,0.7083333333333334,0.2836254150607383,33,22,17,7,,79,0
Nearest Centroid [original pool],clahe,0,2,0,patient,1.0,1.0,0.75,0.75,0.8,1.0,0.5,0.6666666666666666,1.0,0.5773502691896258,4,2,2,0,,8,0
Nearest Centroid [rescaled pool],clahe,250,2,0,slice,0.8227564102564102,0.8630673523718959,0.620253164556962,0.617948717948718,0.6808510638297872,0.8,0.4358974358974359,0.5925925925925926,0.68,0.2535821240490484,32,22,17,8,,79,0
Nearest Centroid [rescaled pool],clahe,250,2,0,patient,1.0,1.0,0.75,0.75,0.8,1.0,0.5,0.6666666666666666,1.0,0.5773502691896258,4,2,2,0,,8,0
TaskRes+SAM [rescaled pool],clahe,1000,2,999,slice,0.8185897435897436,0.852196778098136,0.6075949367088608,0.6051282051282052,0.6736842105263158,0.8,0.41025641025641024,0.5818181818181818,0.6666666666666666,0.2285728160686048,32,23,16,8,,79,0
TaskRes+SAM [rescaled pool],clahe,1000,2,999,patient,1.0,1.0,0.75,0.75,0.8,1.0,0.5,0.6666666666666666,1.0,0.5773502691896258,4,2,2,0,,8,0
TaskRes+SAM [original pool],clahe,1000,2,999,slice,0.8102564102564103,0.8542393897404335,0.6455696202531646,0.6435897435897436,0.6956521739130435,0.8,0.48717948717948717,0.6153846153846154,0.7037037037037037,0.3027137589221013,32,20,19,8,,79,0
TaskRes+SAM [original pool],clahe,1000,2,999,patient,1.0,1.0,0.75,0.75,0.8,1.0,0.5,0.6666666666666666,1.0,0.5773502691896258,4,2,2,0,,8,0
Nearest Centroid [rescaled pool],clahe,0,2,0,slice,0.8269230769230769,0.8642577332530189,0.6329113924050633,0.6304487179487179,0.6947368421052632,0.825,0.4358974358974359,0.6,0.7083333333333334,0.2836254150607383,33,22,17,7,,79,0
Nearest Centroid [rescaled pool],clahe,0,2,0,patient,1.0,1.0,0.75,0.75,0.8,1.0,0.5,0.6666666666666666,1.0,0.5773502691896258,4,2,2,0,,8,0
Nearest Centroid [original pool],clahe,250,2,0,slice,0.8150641025641026,0.858548570477047,0.620253164556962,0.617948717948718,0.6808510638297872,0.8,0.4358974358974359,0.5925925925925926,0.68,0.2535821240490484,32,22,17,8,,79,0
Nearest Centroid [original pool],clahe,250,2,0,patient,1.0,1.0,0.75,0.75,0.8,1.0,0.5,0.6666666666666666,1.0,0.5773502691896258,4,2,2,0,,8,0
TaskRes+SAM [rescaled pool],clahe,0,3,42,slice,0.79,0.7289693665765606,0.7375,0.7375,0.7529411764705882,0.8,0.675,0.7111111111111111,0.7714285714285715,0.4787549991450211,32,13,27,8,,80,0
TaskRes+SAM [rescaled pool],clahe,0,3,42,patient,0.875,0.8875,0.75,0.75,0.8,1.0,0.5,0.6666666666666666,1.0,0.5773502691896258,4,2,2,0,,8,0
TaskRes+SAM [original pool],clahe,0,3,42,slice,0.79,0.7289693665765606,0.7375,0.7375,0.7529411764705882,0.8,0.675,0.7111111111111111,0.7714285714285715,0.4787549991450211,32,13,27,8,,80,0
TaskRes+SAM [original pool],clahe,0,3,42,patient,0.875,0.8875,0.75,0.75,0.8,1.0,0.5,0.6666666666666666,1.0,0.5773502691896258,4,2,2,0,,8,0
TaskRes+SAM [rescaled pool],clahe,250,3,42,slice,0.79375,0.7396276725014226,0.7375,0.7375,0.7529411764705882,0.8,0.675,0.7111111111111111,0.7714285714285715,0.4787549991450211,32,13,27,8,,80,0
TaskRes+SAM [rescaled pool],clahe,250,3,42,patient,0.875,0.8875,0.75,0.75,0.8,1.0,0.5,0.6666666666666666,1.0,0.5773502691896258,4,2,2,0,,8,0
TaskRes+SAM [original pool],clahe,250,3,42,slice,0.790625,0.736220907169324,0.75,0.75,0.7674418604651163,0.825,0.675,0.717391304347826,0.7941176470588235,0.5057217374241737,33,13,27,7,,80,0
TaskRes+SAM [original pool],clahe,250,3,42,patient,0.875,0.8875,0.75,0.75,0.8,1.0,0.5,0.6666666666666666,1.0,0.5773502691896258,4,2,2,0,,8,0
TaskRes+SAM [rescaled pool],clahe,500,3,42,slice,0.793125,0.7387671652550457,0.7375,0.7375,0.7529411764705882,0.8,0.675,0.7111111111111111,0.7714285714285715,0.4787549991450211,32,13,27,8,,80,0
TaskRes+SAM [rescaled pool],clahe,500,3,42,patient,0.875,0.8875,0.75,0.75,0.8,1.0,0.5,0.6666666666666666,1.0,0.5773502691896258,4,2,2,0,,8,0
TaskRes+SAM [original pool],clahe,500,3,42,slice,0.7878125,0.7323080282400495,0.75,0.75,0.7727272727272727,0.85,0.65,0.7083333333333334,0.8125,0.5103103630798288,34,14,26,6,,80,0
TaskRes+SAM [original pool],clahe,500,3,42,patient,0.875,0.8875,0.75,0.75,0.8,1.0,0.5,0.6666666666666666,1.0,0.5773502691896258,4,2,2,0,,8,0
TaskRes+SAM [rescaled pool],clahe,750,3,42,slice,0.793125,0.7387671652550457,0.7375,0.7375,0.7529411764705882,0.8,0.675,0.7111111111111111,0.7714285714285715,0.4787549991450211,32,13,27,8,,80,0
TaskRes+SAM [rescaled pool],clahe,750,3,42,patient,0.875,0.8875,0.75,0.75,0.8,1.0,0.5,0.6666666666666666,1.0,0.5773502691896258,4,2,2,0,,8,0
TaskRes+SAM [original pool],clahe,750,3,42,slice,0.788125,0.731791565170955,0.75,0.75,0.7727272727272727,0.85,0.65,0.7083333333333334,0.8125,0.5103103630798288,34,14,26,6,,80,0
TaskRes+SAM [original pool],clahe,750,3,42,patient,0.875,0.8875,0.75,0.75,0.8,1.0,0.5,0.6666666666666666,1.0,0.5773502691896258,4,2,2,0,,8,0
TaskRes+SAM [rescaled pool],clahe,1000,3,42,slice,0.793125,0.7387671652550457,0.7375,0.7375,0.7529411764705882,0.8,0.675,0.7111111111111111,0.7714285714285715,0.4787549991450211,32,13,27,8,,80,0
TaskRes+SAM [rescaled pool],clahe,1000,3,42,patient,0.875,0.8875,0.75,0.75,0.8,1.0,0.5,0.6666666666666666,1.0,0.5773502691896258,4,2,2,0,,8,0
TaskRes+SAM [original pool],clahe,1000,3,42,slice,0.789375,0.7329706802016146,0.75,0.75,0.7727272727272727,0.85,0.65,0.7083333333333334,0.8125,0.5103103630798288,34,14,26,6,,80,0
TaskRes+SAM [original pool],clahe,1000,3,42,patient,0.875,0.8875,0.75,0.75,0.8,1.0,0.5,0.6666666666666666,1.0,0.5773502691896258,4,2,2,0,,8,0
TaskRes+SAM [rescaled pool],clahe,0,3,100,slice,0.79,0.7289693665765606,0.7375,0.7375,0.7529411764705882,0.8,0.675,0.7111111111111111,0.7714285714285715,0.4787549991450211,32,13,27,8,,80,0
TaskRes+SAM [rescaled pool],clahe,0,3,100,patient,0.875,0.8875,0.75,0.75,0.8,1.0,0.5,0.6666666666666666,1.0,0.5773502691896258,4,2,2,0,,8,0
TaskRes+SAM [original pool],clahe,0,3,100,slice,0.79,0.7289693665765606,0.7375,0.7375,0.7529411764705882,0.8,0.675,0.7111111111111111,0.7714285714285715,0.4787549991450211,32,13,27,8,,80,0
TaskRes+SAM [original pool],clahe,0,3,100,patient,0.875,0.8875,0.75,0.75,0.8,1.0,0.5,0.6666666666666666,1.0,0.5773502691896258,4,2,2,0,,8,0
TaskRes+SAM [rescaled pool],clahe,250,3,100,slice,0.79375,0.7396276725014226,0.7375,0.7375,0.7529411764705882,0.8,0.675,0.7111111111111111,0.7714285714285715,0.4787549991450211,32,13,27,8,,80,0
TaskRes+SAM [rescaled pool],clahe,250,3,100,patient,0.875,0.8875,0.75,0.75,0.8,1.0,0.5,0.6666666666666666,1.0,0.5773502691896258,4,2,2,0,,8,0
TaskRes+SAM [original pool],clahe,250,3,100,slice,0.790625,0.736220907169324,0.75,0.75,0.7674418604651163,0.825,0.675,0.717391304347826,0.7941176470588235,0.5057217374241737,33,13,27,7,,80,0
TaskRes+SAM [original pool],clahe,250,3,100,patient,0.875,0.8875,0.75,0.75,0.8,1.0,0.5,0.6666666666666666,1.0,0.5773502691896258,4,2,2,0,,8,0
TaskRes+SAM [rescaled pool],clahe,500,3,100,slice,0.793125,0.7387671652550457,0.7375,0.7375,0.7529411764705882,0.8,0.675,0.7111111111111111,0.7714285714285715,0.4787549991450211,32,13,27,8,,80,0
TaskRes+SAM [rescaled pool],clahe,500,3,100,patient,0.875,0.8875,0.75,0.75,0.8,1.0,0.5,0.6666666666666666,1.0,0.5773502691896258,4,2,2,0,,8,0
TaskRes+SAM [original pool],clahe,500,3,100,slice,0.7878125,0.7323080282400495,0.75,0.75,0.7727272727272727,0.85,0.65,0.7083333333333334,0.8125,0.5103103630798288,34,14,26,6,,80,0
TaskRes+SAM [original pool],clahe,500,3,100,patient,0.875,0.8875,0.75,0.75,0.8,1.0,0.5,0.6666666666666666,1.0,0.5773502691896258,4,2,2,0,,8,0
TaskRes+SAM [rescaled pool],clahe,750,3,100,slice,0.793125,0.7387671652550457,0.7375,0.7375,0.7529411764705882,0.8,0.675,0.7111111111111111,0.7714285714285715,0.4787549991450211,32,13,27,8,,80,0
TaskRes+SAM [rescaled pool],clahe,750,3,100,patient,0.875,0.8875,0.75,0.75,0.8,1.0,0.5,0.6666666666666666,1.0,0.5773502691896258,4,2,2,0,,8,0
TaskRes+SAM [original pool],clahe,750,3,100,slice,0.788125,0.731791565170955,0.75,0.75,0.7727272727272727,0.85,0.65,0.7083333333333334,0.8125,0.5103103630798288,34,14,26,6,,80,0
TaskRes+SAM [original pool],clahe,750,3,100,patient,0.875,0.8875,0.75,0.75,0.8,1.0,0.5,0.6666666666666666,1.0,0.5773502691896258,4,2,2,0,,8,0
TaskRes+SAM [rescaled pool],clahe,1000,3,100,slice,0.793125,0.7387671652550457,0.7375,0.7375,0.7529411764705882,0.8,0.675,0.7111111111111111,0.7714285714285715,0.4787549991450211,32,13,27,8,,80,0
TaskRes+SAM [rescaled pool],clahe,1000,3,100,patient,0.875,0.8875,0.75,0.75,0.8,1.0,0.5,0.6666666666666666,1.0,0.5773502691896258,4,2,2,0,,8,0
TaskRes+SAM [original pool],clahe,1000,3,100,slice,0.789375,0.7329706802016146,0.75,0.75,0.7727272727272727,0.85,0.65,0.7083333333333334,0.8125,0.5103103630798288,34,14,26,6,,80,0
TaskRes+SAM [original pool],clahe,1000,3,100,patient,0.875,0.8875,0.75,0.75,0.8,1.0,0.5,0.6666666666666666,1.0,0.5773502691896258,4,2,2,0,,8,0
TaskRes+SAM [rescaled pool],clahe,0,3,2024,slice,0.79,0.7289693665765606,0.7375,0.7375,0.7529411764705882,0.8,0.675,0.7111111111111111,0.7714285714285715,0.4787549991450211,32,13,27,8,,80,0
TaskRes+SAM [rescaled pool],clahe,0,3,2024,patient,0.875,0.8875,0.75,0.75,0.8,1.0,0.5,0.6666666666666666,1.0,0.5773502691896258,4,2,2,0,,8,0
TaskRes+SAM [original pool],clahe,0,3,2024,slice,0.79,0.7289693665765606,0.7375,0.7375,0.7529411764705882,0.8,0.675,0.7111111111111111,0.7714285714285715,0.4787549991450211,32,13,27,8,,80,0
TaskRes+SAM [original pool],clahe,0,3,2024,patient,0.875,0.8875,0.75,0.75,0.8,1.0,0.5,0.6666666666666666,1.0,0.5773502691896258,4,2,2,0,,8,0
TaskRes+SAM [rescaled pool],clahe,250,3,2024,slice,0.79375,0.7396276725014226,0.7375,0.7375,0.7529411764705882,0.8,0.675,0.7111111111111111,0.7714285714285715,0.4787549991450211,32,13,27,8,,80,0
TaskRes+SAM [rescaled pool],clahe,250,3,2024,patient,0.875,0.8875,0.75,0.75,0.8,1.0,0.5,0.6666666666666666,1.0,0.5773502691896258,4,2,2,0,,8,0
TaskRes+SAM [original pool],clahe,250,3,2024,slice,0.790625,0.736220907169324,0.75,0.75,0.7674418604651163,0.825,0.675,0.717391304347826,0.7941176470588235,0.5057217374241737,33,13,27,7,,80,0
TaskRes+SAM [original pool],clahe,250,3,2024,patient,0.875,0.8875,0.75,0.75,0.8,1.0,0.5,0.6666666666666666,1.0,0.5773502691896258,4,2,2,0,,8,0
TaskRes+SAM [rescaled pool],clahe,500,3,2024,slice,0.793125,0.7387671652550457,0.7375,0.7375,0.7529411764705882,0.8,0.675,0.7111111111111111,0.7714285714285715,0.4787549991450211,32,13,27,8,,80,0
TaskRes+SAM [rescaled pool],clahe,500,3,2024,patient,0.875,0.8875,0.75,0.75,0.8,1.0,0.5,0.6666666666666666,1.0,0.5773502691896258,4,2,2,0,,8,0
TaskRes+SAM [original pool],clahe,500,3,2024,slice,0.7878125,0.7323080282400495,0.75,0.75,0.7727272727272727,0.85,0.65,0.7083333333333334,0.8125,0.5103103630798288,34,14,26,6,,80,0
TaskRes+SAM [original pool],clahe,500,3,2024,patient,0.875,0.8875,0.75,0.75,0.8,1.0,0.5,0.6666666666666666,1.0,0.5773502691896258,4,2,2,0,,8,0
TaskRes+SAM [rescaled pool],clahe,750,3,2024,slice,0.793125,0.7387671652550457,0.7375,0.7375,0.7529411764705882,0.8,0.675,0.7111111111111111,0.7714285714285715,0.4787549991450211,32,13,27,8,,80,0
TaskRes+SAM [rescaled pool],clahe,750,3,2024,patient,0.875,0.8875,0.75,0.75,0.8,1.0,0.5,0.6666666666666666,1.0,0.5773502691896258,4,2,2,0,,8,0
TaskRes+SAM [original pool],clahe,750,3,2024,slice,0.788125,0.731791565170955,0.75,0.75,0.7727272727272727,0.85,0.65,0.7083333333333334,0.8125,0.5103103630798288,34,14,26,6,,80,0
TaskRes+SAM [original pool],clahe,750,3,2024,patient,0.875,0.8875,0.75,0.75,0.8,1.0,0.5,0.6666666666666666,1.0,0.5773502691896258,4,2,2,0,,8,0
TaskRes+SAM [rescaled pool],clahe,1000,3,2024,slice,0.793125,0.7387671652550457,0.7375,0.7375,0.7529411764705882,0.8,0.675,0.7111111111111111,0.7714285714285715,0.4787549991450211,32,13,27,8,,80,0
TaskRes+SAM [rescaled pool],clahe,1000,3,2024,patient,0.875,0.8875,0.75,0.75,0.8,1.0,0.5,0.6666666666666666,1.0,0.5773502691896258,4,2,2,0,,8,0
TaskRes+SAM [original pool],clahe,1000,3,2024,slice,0.789375,0.7329706802016146,0.75,0.75,0.7727272727272727,0.85,0.65,0.7083333333333334,0.8125,0.5103103630798288,34,14,26,6,,80,0
TaskRes+SAM [original pool],clahe,1000,3,2024,patient,0.875,0.8875,0.75,0.75,0.8,1.0,0.5,0.6666666666666666,1.0,0.5773502691896258,4,2,2,0,,8,0
TaskRes+SAM [rescaled pool],clahe,0,3,777,slice,0.79,0.7289693665765606,0.7375,0.7375,0.7529411764705882,0.8,0.675,0.7111111111111111,0.7714285714285715,0.4787549991450211,32,13,27,8,,80,0
TaskRes+SAM [rescaled pool],clahe,0,3,777,patient,0.875,0.8875,0.75,0.75,0.8,1.0,0.5,0.6666666666666666,1.0,0.5773502691896258,4,2,2,0,,8,0
TaskRes+SAM [original pool],clahe,0,3,777,slice,0.79,0.7289693665765606,0.7375,0.7375,0.7529411764705882,0.8,0.675,0.7111111111111111,0.7714285714285715,0.4787549991450211,32,13,27,8,,80,0
TaskRes+SAM [original pool],clahe,0,3,777,patient,0.875,0.8875,0.75,0.75,0.8,1.0,0.5,0.6666666666666666,1.0,0.5773502691896258,4,2,2,0,,8,0
TaskRes+SAM [rescaled pool],clahe,250,3,777,slice,0.79375,0.7396276725014226,0.7375,0.7375,0.7529411764705882,0.8,0.675,0.7111111111111111,0.7714285714285715,0.4787549991450211,32,13,27,8,,80,0
TaskRes+SAM [rescaled pool],clahe,250,3,777,patient,0.875,0.8875,0.75,0.75,0.8,1.0,0.5,0.6666666666666666,1.0,0.5773502691896258,4,2,2,0,,8,0
TaskRes+SAM [original pool],clahe,250,3,777,slice,0.790625,0.736220907169324,0.75,0.75,0.7674418604651163,0.825,0.675,0.717391304347826,0.7941176470588235,0.5057217374241737,33,13,27,7,,80,0
TaskRes+SAM [original pool],clahe,250,3,777,patient,0.875,0.8875,0.75,0.75,0.8,1.0,0.5,0.6666666666666666,1.0,0.5773502691896258,4,2,2,0,,8,0
TaskRes+SAM [rescaled pool],clahe,500,3,777,slice,0.793125,0.7387671652550457,0.7375,0.7375,0.7529411764705882,0.8,0.675,0.7111111111111111,0.7714285714285715,0.4787549991450211,32,13,27,8,,80,0
TaskRes+SAM [rescaled pool],clahe,500,3,777,patient,0.875,0.8875,0.75,0.75,0.8,1.0,0.5,0.6666666666666666,1.0,0.5773502691896258,4,2,2,0,,8,0
TaskRes+SAM [original pool],clahe,500,3,777,slice,0.7878125,0.7323080282400495,0.75,0.75,0.7727272727272727,0.85,0.65,0.7083333333333334,0.8125,0.5103103630798288,34,14,26,6,,80,0
TaskRes+SAM [original pool],clahe,500,3,777,patient,0.875,0.8875,0.75,0.75,0.8,1.0,0.5,0.6666666666666666,1.0,0.5773502691896258,4,2,2,0,,8,0
TaskRes+SAM [rescaled pool],clahe,750,3,777,slice,0.793125,0.7387671652550457,0.7375,0.7375,0.7529411764705882,0.8,0.675,0.7111111111111111,0.7714285714285715,0.4787549991450211,32,13,27,8,,80,0
TaskRes+SAM [rescaled pool],clahe,750,3,777,patient,0.875,0.8875,0.75,0.75,0.8,1.0,0.5,0.6666666666666666,1.0,0.5773502691896258,4,2,2,0,,8,0
TaskRes+SAM [original pool],clahe,750,3,777,slice,0.788125,0.731791565170955,0.75,0.75,0.7727272727272727,0.85,0.65,0.7083333333333334,0.8125,0.5103103630798288,34,14,26,6,,80,0
TaskRes+SAM [original pool],clahe,750,3,777,patient,0.875,0.8875,0.75,0.75,0.8,1.0,0.5,0.6666666666666666,1.0,0.5773502691896258,4,2,2,0,,8,0
TaskRes+SAM [rescaled pool],clahe,1000,3,777,slice,0.793125,0.7387671652550457,0.7375,0.7375,0.7529411764705882,0.8,0.675,0.7111111111111111,0.7714285714285715,0.4787549991450211,32,13,27,8,,80,0
TaskRes+SAM [rescaled pool],clahe,1000,3,777,patient,0.875,0.8875,0.75,0.75,0.8,1.0,0.5,0.6666666666666666,1.0,0.5773502691896258,4,2,2,0,,8,0
TaskRes+SAM [original pool],clahe,1000,3,777,slice,0.789375,0.7329706802016146,0.75,0.75,0.7727272727272727,0.85,0.65,0.7083333333333334,0.8125,0.5103103630798288,34,14,26,6,,80,0
TaskRes+SAM [original pool],clahe,1000,3,777,patient,0.875,0.8875,0.75,0.75,0.8,1.0,0.5,0.6666666666666666,1.0,0.5773502691896258,4,2,2,0,,8,0
TaskRes+SAM [rescaled pool],clahe,0,3,999,slice,0.79,0.7289693665765606,0.7375,0.7375,0.7529411764705882,0.8,0.675,0.7111111111111111,0.7714285714285715,0.4787549991450211,32,13,27,8,,80,0
TaskRes+SAM [rescaled pool],clahe,0,3,999,patient,0.875,0.8875,0.75,0.75,0.8,1.0,0.5,0.6666666666666666,1.0,0.5773502691896258,4,2,2,0,,8,0
TaskRes+SAM [original pool],clahe,0,3,999,slice,0.79,0.7289693665765606,0.7375,0.7375,0.7529411764705882,0.8,0.675,0.7111111111111111,0.7714285714285715,0.4787549991450211,32,13,27,8,,80,0
TaskRes+SAM [original pool],clahe,0,3,999,patient,0.875,0.8875,0.75,0.75,0.8,1.0,0.5,0.6666666666666666,1.0,0.5773502691896258,4,2,2,0,,8,0
TaskRes+SAM [rescaled pool],clahe,250,3,999,slice,0.79375,0.7396276725014226,0.7375,0.7375,0.7529411764705882,0.8,0.675,0.7111111111111111,0.7714285714285715,0.4787549991450211,32,13,27,8,,80,0
TaskRes+SAM [rescaled pool],clahe,250,3,999,patient,0.875,0.8875,0.75,0.75,0.8,1.0,0.5,0.6666666666666666,1.0,0.5773502691896258,4,2,2,0,,8,0
TaskRes+SAM [original pool],clahe,250,3,999,slice,0.790625,0.736220907169324,0.75,0.75,0.7674418604651163,0.825,0.675,0.717391304347826,0.7941176470588235,0.5057217374241737,33,13,27,7,,80,0
TaskRes+SAM [original pool],clahe,250,3,999,patient,0.875,0.8875,0.75,0.75,0.8,1.0,0.5,0.6666666666666666,1.0,0.5773502691896258,4,2,2,0,,8,0
TaskRes+SAM [rescaled pool],clahe,500,3,999,slice,0.793125,0.7387671652550457,0.7375,0.7375,0.7529411764705882,0.8,0.675,0.7111111111111111,0.7714285714285715,0.4787549991450211,32,13,27,8,,80,0
TaskRes+SAM [rescaled pool],clahe,500,3,999,patient,0.875,0.8875,0.75,0.75,0.8,1.0,0.5,0.6666666666666666,1.0,0.5773502691896258,4,2,2,0,,8,0
TaskRes+SAM [original pool],clahe,500,3,999,slice,0.7878125,0.7323080282400495,0.75,0.75,0.7727272727272727,0.85,0.65,0.7083333333333334,0.8125,0.5103103630798288,34,14,26,6,,80,0
TaskRes+SAM [original pool],clahe,500,3,999,patient,0.875,0.8875,0.75,0.75,0.8,1.0,0.5,0.6666666666666666,1.0,0.5773502691896258,4,2,2,0,,8,0
TaskRes+SAM [rescaled pool],clahe,750,3,999,slice,0.793125,0.7387671652550457,0.7375,0.7375,0.7529411764705882,0.8,0.675,0.7111111111111111,0.7714285714285715,0.4787549991450211,32,13,27,8,,80,0
TaskRes+SAM [rescaled pool],clahe,750,3,999,patient,0.875,0.8875,0.75,0.75,0.8,1.0,0.5,0.6666666666666666,1.0,0.5773502691896258,4,2,2,0,,8,0
TaskRes+SAM [original pool],clahe,750,3,999,slice,0.788125,0.731791565170955,0.75,0.75,0.7727272727272727,0.85,0.65,0.7083333333333334,0.8125,0.5103103630798288,34,14,26,6,,80,0
TaskRes+SAM [original pool],clahe,750,3,999,patient,0.875,0.8875,0.75,0.75,0.8,1.0,0.5,0.6666666666666666,1.0,0.5773502691896258,4,2,2,0,,8,0
Nearest Centroid [rescaled pool],clahe,0,3,0,slice,0.7915625,0.740905963147517,0.7375,0.7375,0.7529411764705882,0.8,0.675,0.7111111111111111,0.7714285714285715,0.4787549991450211,32,13,27,8,,80,0
Nearest Centroid [rescaled pool],clahe,0,3,0,patient,0.875,0.8875,0.75,0.75,0.8,1.0,0.5,0.6666666666666666,1.0,0.5773502691896258,4,2,2,0,,8,0
Nearest Centroid [original pool],clahe,250,3,0,slice,0.7915625,0.7394204635330889,0.7375,0.7375,0.7529411764705882,0.8,0.675,0.7111111111111111,0.7714285714285715,0.4787549991450211,32,13,27,8,,80,0
Nearest Centroid [original pool],clahe,250,3,0,patient,0.875,0.8875,0.75,0.75,0.8,1.0,0.5,0.6666666666666666,1.0,0.5773502691896258,4,2,2,0,,8,0
Nearest Centroid [rescaled pool],clahe,250,3,0,slice,0.7940625,0.7435417411690045,0.7375,0.7375,0.7529411764705882,0.8,0.675,0.7111111111111111,0.7714285714285715,0.4787549991450211,32,13,27,8,,80,0
Nearest Centroid [rescaled pool],clahe,250,3,0,patient,0.875,0.8875,0.75,0.75,0.8,1.0,0.5,0.6666666666666666,1.0,0.5773502691896258,4,2,2,0,,8,0
Nearest Centroid [original pool],clahe,0,3,0,slice,0.7915625,0.7404286140496689,0.7375,0.7375,0.7529411764705882,0.8,0.675,0.7111111111111111,0.7714285714285715,0.4787549991450211,32,13,27,8,,80,0
Nearest Centroid [original pool],clahe,0,3,0,patient,0.875,0.8875,0.75,0.75,0.8,1.0,0.5,0.6666666666666666,1.0,0.5773502691896258,4,2,2,0,,8,0
TaskRes+SAM [rescaled pool],clahe,1000,3,999,slice,0.793125,0.7387671652550457,0.7375,0.7375,0.7529411764705882,0.8,0.675,0.7111111111111111,0.7714285714285715,0.4787549991450211,32,13,27,8,,80,0
TaskRes+SAM [rescaled pool],clahe,1000,3,999,patient,0.875,0.8875,0.75,0.75,0.8,1.0,0.5,0.6666666666666666,1.0,0.5773502691896258,4,2,2,0,,8,0
TaskRes+SAM [original pool],clahe,1000,3,999,slice,0.789375,0.7329706802016146,0.75,0.75,0.7727272727272727,0.85,0.65,0.7083333333333334,0.8125,0.5103103630798288,34,14,26,6,,80,0
TaskRes+SAM [original pool],clahe,1000,3,999,patient,0.875,0.8875,0.75,0.75,0.8,1.0,0.5,0.6666666666666666,1.0,0.5773502691896258,4,2,2,0,,8,0
Nearest Centroid [rescaled pool],clahe,750,3,0,slice,0.794375,0.7437487805064785,0.7375,0.7375,0.7529411764705882,0.8,0.675,0.7111111111111111,0.7714285714285715,0.4787549991450211,32,13,27,8,,80,0
Nearest Centroid [rescaled pool],clahe,750,3,0,patient,0.875,0.8875,0.75,0.75,0.8,1.0,0.5,0.6666666666666666,1.0,0.5773502691896258,4,2,2,0,,8,0
Nearest Centroid [original pool],clahe,1000,3,0,slice,0.78625,0.7319621267677169,0.75,0.75,0.7727272727272727,0.85,0.65,0.7083333333333334,0.8125,0.5103103630798288,34,14,26,6,,80,0
Nearest Centroid [original pool],clahe,1000,3,0,patient,0.875,0.8875,0.75,0.75,0.8,1.0,0.5,0.6666666666666666,1.0,0.5773502691896258,4,2,2,0,,8,0
Nearest Centroid [rescaled pool],clahe,1000,3,0,slice,0.7946875,0.7438592302836635,0.7375,0.7375,0.7529411764705882,0.8,0.675,0.7111111111111111,0.7714285714285715,0.4787549991450211,32,13,27,8,,80,0
Nearest Centroid [rescaled pool],clahe,1000,3,0,patient,0.875,0.8875,0.75,0.75,0.8,1.0,0.5,0.6666666666666666,1.0,0.5773502691896258,4,2,2,0,,8,0
Nearest Centroid [original pool],clahe,750,3,0,slice,0.78375,0.7304732955988209,0.7625,0.7625,0.7816091954022989,0.85,0.675,0.723404255319149,0.8181818181818182,0.5332285519249769,34,13,27,6,,80,0
Nearest Centroid [original pool],clahe,750,3,0,patient,0.875,0.8875,0.75,0.75,0.8,1.0,0.5,0.6666666666666666,1.0,0.5773502691896258,4,2,2,0,,8,0
Nearest Centroid [rescaled pool],clahe,500,3,0,slice,0.795,0.7443962092893125,0.7375,0.7375,0.7529411764705882,0.8,0.675,0.7111111111111111,0.7714285714285715,0.4787549991450211,32,13,27,8,,80,0
Nearest Centroid [rescaled pool],clahe,500,3,0,patient,0.875,0.8875,0.75,0.75,0.8,1.0,0.5,0.6666666666666666,1.0,0.5773502691896258,4,2,2,0,,8,0
Nearest Centroid [original pool],clahe,500,3,0,slice,0.7871875,0.7333971029714277,0.7625,0.7625,0.7816091954022989,0.85,0.675,0.723404255319149,0.8181818181818182,0.5332285519249769,34,13,27,6,,80,0
Nearest Centroid [original pool],clahe,500,3,0,patient,0.875,0.8875,0.75,0.75,0.8,1.0,0.5,0.6666666666666666,1.0,0.5773502691896258,4,2,2,0,,8,0
TaskRes+SAM [rescaled pool],clahe,0,4,42,slice,0.7968960863697706,0.7883043794111765,0.6493506493506493,0.6501349527665317,0.6301369863013698,0.5897435897435898,0.7105263157894737,0.6764705882352942,0.627906976744186,0.3023167588519902,23,11,27,16,,77,0
TaskRes+SAM [rescaled pool],clahe,0,4,42,patient,0.8125,0.8928571428571428,0.875,0.875,0.8571428571428571,0.75,1.0,1.0,0.8,0.7745966692414834,3,0,4,1,,8,0
TaskRes+SAM [original pool],clahe,0,4,42,slice,0.7968960863697706,0.7883043794111765,0.6493506493506493,0.6501349527665317,0.6301369863013698,0.5897435897435898,0.7105263157894737,0.6764705882352942,0.627906976744186,0.3023167588519902,23,11,27,16,,77,0
TaskRes+SAM [original pool],clahe,0,4,42,patient,0.8125,0.8928571428571428,0.875,0.875,0.8571428571428571,0.75,1.0,1.0,0.8,0.7745966692414834,3,0,4,1,,8,0
TaskRes+SAM [rescaled pool],clahe,250,4,42,slice,0.7887989203778677,0.7816731889256305,0.6623376623376623,0.6629554655870445,0.6486486486486487,0.6153846153846154,0.7105263157894737,0.6857142857142857,0.6428571428571429,0.3272384761040715,24,11,27,15,,77,0
TaskRes+SAM [rescaled pool],clahe,250,4,42,patient,0.8125,0.8928571428571428,0.875,0.875,0.8571428571428571,0.75,1.0,1.0,0.8,0.7745966692414834,3,0,4,1,,8,0
TaskRes+SAM [original pool],clahe,250,4,42,slice,0.7968960863697706,0.804208343276432,0.6623376623376623,0.6629554655870445,0.6486486486486487,0.6153846153846154,0.7105263157894737,0.6857142857142857,0.6428571428571429,0.3272384761040715,24,11,27,15,,77,0
TaskRes+SAM [original pool],clahe,250,4,42,patient,0.875,0.9166666666666666,0.875,0.875,0.8571428571428571,0.75,1.0,1.0,0.8,0.7745966692414834,3,0,4,1,,8,0
TaskRes+SAM [rescaled pool],clahe,500,4,42,slice,0.786774628879892,0.7791070096846857,0.6753246753246753,0.6757759784075574,0.6666666666666666,0.6410256410256411,0.7105263157894737,0.6944444444444444,0.6585365853658537,0.35226576862991477,25,11,27,14,,77,0
TaskRes+SAM [rescaled pool],clahe,500,4,42,patient,0.8125,0.8928571428571428,0.875,0.875,0.8571428571428571,0.75,1.0,1.0,0.8,0.7745966692414834,3,0,4,1,,8,0
TaskRes+SAM [original pool],clahe,500,4,42,slice,0.7975708502024291,0.8058135523274967,0.6623376623376623,0.6629554655870445,0.6486486486486487,0.6153846153846154,0.7105263157894737,0.6857142857142857,0.6428571428571429,0.3272384761040715,24,11,27,15,,77,0
TaskRes+SAM [original pool],clahe,500,4,42,patient,0.9375,0.95,0.875,0.875,0.8571428571428571,0.75,1.0,1.0,0.8,0.7745966692414834,3,0,4,1,,8,0
TaskRes+SAM [rescaled pool],clahe,750,4,42,slice,0.786774628879892,0.7791070096846857,0.6753246753246753,0.6757759784075574,0.6666666666666666,0.6410256410256411,0.7105263157894737,0.6944444444444444,0.6585365853658537,0.35226576862991477,25,11,27,14,,77,0
TaskRes+SAM [rescaled pool],clahe,750,4,42,patient,0.8125,0.8928571428571428,0.875,0.875,0.8571428571428571,0.75,1.0,1.0,0.8,0.7745966692414834,3,0,4,1,,8,0
TaskRes+SAM [original pool],clahe,750,4,42,slice,0.798582995951417,0.8071064548434276,0.6753246753246753,0.6761133603238867,0.6575342465753424,0.6153846153846154,0.7368421052631579,0.7058823529411765,0.6511627906976745,0.3546277485859301,24,10,28,15,,77,0
TaskRes+SAM [original pool],clahe,750,4,42,patient,0.9375,0.95,0.875,0.875,0.8571428571428571,0.75,1.0,1.0,0.8,0.7745966692414834,3,0,4,1,,8,0
TaskRes+SAM [rescaled pool],clahe,1000,4,42,slice,0.7860998650472335,0.7784438797112109,0.6753246753246753,0.6757759784075574,0.6666666666666666,0.6410256410256411,0.7105263157894737,0.6944444444444444,0.6585365853658537,0.35226576862991477,25,11,27,14,,77,0
TaskRes+SAM [rescaled pool],clahe,1000,4,42,patient,0.8125,0.8928571428571428,0.875,0.875,0.8571428571428571,0.75,1.0,1.0,0.8,0.7745966692414834,3,0,4,1,,8,0
TaskRes+SAM [original pool],clahe,1000,4,42,slice,0.7989203778677463,0.8071064548434276,0.6753246753246753,0.6761133603238867,0.6575342465753424,0.6153846153846154,0.7368421052631579,0.7058823529411765,0.6511627906976745,0.3546277485859301,24,10,28,15,,77,0
TaskRes+SAM [original pool],clahe,1000,4,42,patient,0.9375,0.95,0.875,0.875,0.8571428571428571,0.75,1.0,1.0,0.8,0.7745966692414834,3,0,4,1,,8,0
TaskRes+SAM [rescaled pool],clahe,0,4,100,slice,0.7968960863697706,0.7883043794111765,0.6493506493506493,0.6501349527665317,0.6301369863013698,0.5897435897435898,0.7105263157894737,0.6764705882352942,0.627906976744186,0.3023167588519902,23,11,27,16,,77,0
TaskRes+SAM [rescaled pool],clahe,0,4,100,patient,0.8125,0.8928571428571428,0.875,0.875,0.8571428571428571,0.75,1.0,1.0,0.8,0.7745966692414834,3,0,4,1,,8,0
TaskRes+SAM [original pool],clahe,0,4,100,slice,0.7968960863697706,0.7883043794111765,0.6493506493506493,0.6501349527665317,0.6301369863013698,0.5897435897435898,0.7105263157894737,0.6764705882352942,0.627906976744186,0.3023167588519902,23,11,27,16,,77,0
TaskRes+SAM [original pool],clahe,0,4,100,patient,0.8125,0.8928571428571428,0.875,0.875,0.8571428571428571,0.75,1.0,1.0,0.8,0.7745966692414834,3,0,4,1,,8,0
TaskRes+SAM [rescaled pool],clahe,250,4,100,slice,0.7887989203778677,0.7816731889256305,0.6623376623376623,0.6629554655870445,0.6486486486486487,0.6153846153846154,0.7105263157894737,0.6857142857142857,0.6428571428571429,0.3272384761040715,24,11,27,15,,77,0
TaskRes+SAM [rescaled pool],clahe,250,4,100,patient,0.8125,0.8928571428571428,0.875,0.875,0.8571428571428571,0.75,1.0,1.0,0.8,0.7745966692414834,3,0,4,1,,8,0
TaskRes+SAM [original pool],clahe,250,4,100,slice,0.7968960863697706,0.804208343276432,0.6623376623376623,0.6629554655870445,0.6486486486486487,0.6153846153846154,0.7105263157894737,0.6857142857142857,0.6428571428571429,0.3272384761040715,24,11,27,15,,77,0
TaskRes+SAM [original pool],clahe,250,4,100,patient,0.875,0.9166666666666666,0.875,0.875,0.8571428571428571,0.75,1.0,1.0,0.8,0.7745966692414834,3,0,4,1,,8,0
TaskRes+SAM [rescaled pool],clahe,500,4,100,slice,0.786774628879892,0.7791070096846857,0.6753246753246753,0.6757759784075574,0.6666666666666666,0.6410256410256411,0.7105263157894737,0.6944444444444444,0.6585365853658537,0.35226576862991477,25,11,27,14,,77,0
TaskRes+SAM [rescaled pool],clahe,500,4,100,patient,0.8125,0.8928571428571428,0.875,0.875,0.8571428571428571,0.75,1.0,1.0,0.8,0.7745966692414834,3,0,4,1,,8,0
TaskRes+SAM [original pool],clahe,500,4,100,slice,0.7975708502024291,0.8058135523274967,0.6623376623376623,0.6629554655870445,0.6486486486486487,0.6153846153846154,0.7105263157894737,0.6857142857142857,0.6428571428571429,0.3272384761040715,24,11,27,15,,77,0
TaskRes+SAM [original pool],clahe,500,4,100,patient,0.9375,0.95,0.875,0.875,0.8571428571428571,0.75,1.0,1.0,0.8,0.7745966692414834,3,0,4,1,,8,0
TaskRes+SAM [rescaled pool],clahe,750,4,100,slice,0.786774628879892,0.7791070096846857,0.6753246753246753,0.6757759784075574,0.6666666666666666,0.6410256410256411,0.7105263157894737,0.6944444444444444,0.6585365853658537,0.35226576862991477,25,11,27,14,,77,0
TaskRes+SAM [rescaled pool],clahe,750,4,100,patient,0.8125,0.8928571428571428,0.875,0.875,0.8571428571428571,0.75,1.0,1.0,0.8,0.7745966692414834,3,0,4,1,,8,0
TaskRes+SAM [original pool],clahe,750,4,100,slice,0.798582995951417,0.8071064548434276,0.6753246753246753,0.6761133603238867,0.6575342465753424,0.6153846153846154,0.7368421052631579,0.7058823529411765,0.6511627906976745,0.3546277485859301,24,10,28,15,,77,0
TaskRes+SAM [original pool],clahe,750,4,100,patient,0.9375,0.95,0.875,0.875,0.8571428571428571,0.75,1.0,1.0,0.8,0.7745966692414834,3,0,4,1,,8,0
TaskRes+SAM [rescaled pool],clahe,1000,4,100,slice,0.7860998650472335,0.7784438797112109,0.6753246753246753,0.6757759784075574,0.6666666666666666,0.6410256410256411,0.7105263157894737,0.6944444444444444,0.6585365853658537,0.35226576862991477,25,11,27,14,,77,0
TaskRes+SAM [rescaled pool],clahe,1000,4,100,patient,0.8125,0.8928571428571428,0.875,0.875,0.8571428571428571,0.75,1.0,1.0,0.8,0.7745966692414834,3,0,4,1,,8,0
TaskRes+SAM [original pool],clahe,1000,4,100,slice,0.7989203778677463,0.8071064548434276,0.6753246753246753,0.6761133603238867,0.6575342465753424,0.6153846153846154,0.7368421052631579,0.7058823529411765,0.6511627906976745,0.3546277485859301,24,10,28,15,,77,0
TaskRes+SAM [original pool],clahe,1000,4,100,patient,0.9375,0.95,0.875,0.875,0.8571428571428571,0.75,1.0,1.0,0.8,0.7745966692414834,3,0,4,1,,8,0
TaskRes+SAM [rescaled pool],clahe,0,4,2024,slice,0.7968960863697706,0.7883043794111765,0.6493506493506493,0.6501349527665317,0.6301369863013698,0.5897435897435898,0.7105263157894737,0.6764705882352942,0.627906976744186,0.3023167588519902,23,11,27,16,,77,0
TaskRes+SAM [rescaled pool],clahe,0,4,2024,patient,0.8125,0.8928571428571428,0.875,0.875,0.8571428571428571,0.75,1.0,1.0,0.8,0.7745966692414834,3,0,4,1,,8,0
TaskRes+SAM [original pool],clahe,0,4,2024,slice,0.7968960863697706,0.7883043794111765,0.6493506493506493,0.6501349527665317,0.6301369863013698,0.5897435897435898,0.7105263157894737,0.6764705882352942,0.627906976744186,0.3023167588519902,23,11,27,16,,77,0
TaskRes+SAM [original pool],clahe,0,4,2024,patient,0.8125,0.8928571428571428,0.875,0.875,0.8571428571428571,0.75,1.0,1.0,0.8,0.7745966692414834,3,0,4,1,,8,0
TaskRes+SAM [rescaled pool],clahe,250,4,2024,slice,0.7887989203778677,0.7816731889256305,0.6623376623376623,0.6629554655870445,0.6486486486486487,0.6153846153846154,0.7105263157894737,0.6857142857142857,0.6428571428571429,0.3272384761040715,24,11,27,15,,77,0
TaskRes+SAM [rescaled pool],clahe,250,4,2024,patient,0.8125,0.8928571428571428,0.875,0.875,0.8571428571428571,0.75,1.0,1.0,0.8,0.7745966692414834,3,0,4,1,,8,0
TaskRes+SAM [original pool],clahe,250,4,2024,slice,0.7968960863697706,0.804208343276432,0.6623376623376623,0.6629554655870445,0.6486486486486487,0.6153846153846154,0.7105263157894737,0.6857142857142857,0.6428571428571429,0.3272384761040715,24,11,27,15,,77,0
TaskRes+SAM [original pool],clahe,250,4,2024,patient,0.875,0.9166666666666666,0.875,0.875,0.8571428571428571,0.75,1.0,1.0,0.8,0.7745966692414834,3,0,4,1,,8,0
TaskRes+SAM [rescaled pool],clahe,500,4,2024,slice,0.786774628879892,0.7791070096846857,0.6753246753246753,0.6757759784075574,0.6666666666666666,0.6410256410256411,0.7105263157894737,0.6944444444444444,0.6585365853658537,0.35226576862991477,25,11,27,14,,77,0
TaskRes+SAM [rescaled pool],clahe,500,4,2024,patient,0.8125,0.8928571428571428,0.875,0.875,0.8571428571428571,0.75,1.0,1.0,0.8,0.7745966692414834,3,0,4,1,,8,0
TaskRes+SAM [original pool],clahe,500,4,2024,slice,0.7975708502024291,0.8058135523274967,0.6623376623376623,0.6629554655870445,0.6486486486486487,0.6153846153846154,0.7105263157894737,0.6857142857142857,0.6428571428571429,0.3272384761040715,24,11,27,15,,77,0
TaskRes+SAM [original pool],clahe,500,4,2024,patient,0.9375,0.95,0.875,0.875,0.8571428571428571,0.75,1.0,1.0,0.8,0.7745966692414834,3,0,4,1,,8,0
TaskRes+SAM [rescaled pool],clahe,750,4,2024,slice,0.786774628879892,0.7791070096846857,0.6753246753246753,0.6757759784075574,0.6666666666666666,0.6410256410256411,0.7105263157894737,0.6944444444444444,0.6585365853658537,0.35226576862991477,25,11,27,14,,77,0
TaskRes+SAM [rescaled pool],clahe,750,4,2024,patient,0.8125,0.8928571428571428,0.875,0.875,0.8571428571428571,0.75,1.0,1.0,0.8,0.7745966692414834,3,0,4,1,,8,0
TaskRes+SAM [original pool],clahe,750,4,2024,slice,0.798582995951417,0.8071064548434276,0.6753246753246753,0.6761133603238867,0.6575342465753424,0.6153846153846154,0.7368421052631579,0.7058823529411765,0.6511627906976745,0.3546277485859301,24,10,28,15,,77,0
TaskRes+SAM [original pool],clahe,750,4,2024,patient,0.9375,0.95,0.875,0.875,0.8571428571428571,0.75,1.0,1.0,0.8,0.7745966692414834,3,0,4,1,,8,0
TaskRes+SAM [rescaled pool],clahe,1000,4,2024,slice,0.7860998650472335,0.7784438797112109,0.6753246753246753,0.6757759784075574,0.6666666666666666,0.6410256410256411,0.7105263157894737,0.6944444444444444,0.6585365853658537,0.35226576862991477,25,11,27,14,,77,0
TaskRes+SAM [rescaled pool],clahe,1000,4,2024,patient,0.8125,0.8928571428571428,0.875,0.875,0.8571428571428571,0.75,1.0,1.0,0.8,0.7745966692414834,3,0,4,1,,8,0
TaskRes+SAM [original pool],clahe,1000,4,2024,slice,0.7989203778677463,0.8071064548434276,0.6753246753246753,0.6761133603238867,0.6575342465753424,0.6153846153846154,0.7368421052631579,0.7058823529411765,0.6511627906976745,0.3546277485859301,24,10,28,15,,77,0
TaskRes+SAM [original pool],clahe,1000,4,2024,patient,0.9375,0.95,0.875,0.875,0.8571428571428571,0.75,1.0,1.0,0.8,0.7745966692414834,3,0,4,1,,8,0
TaskRes+SAM [rescaled pool],clahe,0,4,777,slice,0.7968960863697706,0.7883043794111765,0.6493506493506493,0.6501349527665317,0.6301369863013698,0.5897435897435898,0.7105263157894737,0.6764705882352942,0.627906976744186,0.3023167588519902,23,11,27,16,,77,0
TaskRes+SAM [rescaled pool],clahe,0,4,777,patient,0.8125,0.8928571428571428,0.875,0.875,0.8571428571428571,0.75,1.0,1.0,0.8,0.7745966692414834,3,0,4,1,,8,0
TaskRes+SAM [original pool],clahe,0,4,777,slice,0.7968960863697706,0.7883043794111765,0.6493506493506493,0.6501349527665317,0.6301369863013698,0.5897435897435898,0.7105263157894737,0.6764705882352942,0.627906976744186,0.3023167588519902,23,11,27,16,,77,0
TaskRes+SAM [original pool],clahe,0,4,777,patient,0.8125,0.8928571428571428,0.875,0.875,0.8571428571428571,0.75,1.0,1.0,0.8,0.7745966692414834,3,0,4,1,,8,0
TaskRes+SAM [rescaled pool],clahe,250,4,777,slice,0.7887989203778677,0.7816731889256305,0.6623376623376623,0.6629554655870445,0.6486486486486487,0.6153846153846154,0.7105263157894737,0.6857142857142857,0.6428571428571429,0.3272384761040715,24,11,27,15,,77,0
TaskRes+SAM [rescaled pool],clahe,250,4,777,patient,0.8125,0.8928571428571428,0.875,0.875,0.8571428571428571,0.75,1.0,1.0,0.8,0.7745966692414834,3,0,4,1,,8,0
TaskRes+SAM [original pool],clahe,250,4,777,slice,0.7968960863697706,0.804208343276432,0.6623376623376623,0.6629554655870445,0.6486486486486487,0.6153846153846154,0.7105263157894737,0.6857142857142857,0.6428571428571429,0.3272384761040715,24,11,27,15,,77,0
TaskRes+SAM [original pool],clahe,250,4,777,patient,0.875,0.9166666666666666,0.875,0.875,0.8571428571428571,0.75,1.0,1.0,0.8,0.7745966692414834,3,0,4,1,,8,0
TaskRes+SAM [rescaled pool],clahe,500,4,777,slice,0.786774628879892,0.7791070096846857,0.6753246753246753,0.6757759784075574,0.6666666666666666,0.6410256410256411,0.7105263157894737,0.6944444444444444,0.6585365853658537,0.35226576862991477,25,11,27,14,,77,0
TaskRes+SAM [rescaled pool],clahe,500,4,777,patient,0.8125,0.8928571428571428,0.875,0.875,0.8571428571428571,0.75,1.0,1.0,0.8,0.7745966692414834,3,0,4,1,,8,0
TaskRes+SAM [original pool],clahe,500,4,777,slice,0.7975708502024291,0.8058135523274967,0.6623376623376623,0.6629554655870445,0.6486486486486487,0.6153846153846154,0.7105263157894737,0.6857142857142857,0.6428571428571429,0.3272384761040715,24,11,27,15,,77,0
TaskRes+SAM [original pool],clahe,500,4,777,patient,0.9375,0.95,0.875,0.875,0.8571428571428571,0.75,1.0,1.0,0.8,0.7745966692414834,3,0,4,1,,8,0
TaskRes+SAM [original pool],clahe,750,4,777,slice,0.798582995951417,0.806689527597232,0.6753246753246753,0.6761133603238867,0.6575342465753424,0.6153846153846154,0.7368421052631579,0.7058823529411765,0.6511627906976745,0.3546277485859301,24,10,28,15,,77,0
TaskRes+SAM [original pool],clahe,750,4,777,patient,0.9375,0.95,0.875,0.875,0.8571428571428571,0.75,1.0,1.0,0.8,0.7745966692414834,3,0,4,1,,8,0
TaskRes+SAM [rescaled pool],clahe,750,4,777,slice,0.786774628879892,0.7791070096846857,0.6753246753246753,0.6757759784075574,0.6666666666666666,0.6410256410256411,0.7105263157894737,0.6944444444444444,0.6585365853658537,0.35226576862991477,25,11,27,14,,77,0
TaskRes+SAM [rescaled pool],clahe,750,4,777,patient,0.8125,0.8928571428571428,0.875,0.875,0.8571428571428571,0.75,1.0,1.0,0.8,0.7745966692414834,3,0,4,1,,8,0
TaskRes+SAM [rescaled pool],clahe,1000,4,777,slice,0.7860998650472335,0.7784438797112109,0.6753246753246753,0.6757759784075574,0.6666666666666666,0.6410256410256411,0.7105263157894737,0.6944444444444444,0.6585365853658537,0.35226576862991477,25,11,27,14,,77,0
TaskRes+SAM [rescaled pool],clahe,1000,4,777,patient,0.8125,0.8928571428571428,0.875,0.875,0.8571428571428571,0.75,1.0,1.0,0.8,0.7745966692414834,3,0,4,1,,8,0
TaskRes+SAM [original pool],clahe,1000,4,777,slice,0.7989203778677463,0.8071064548434276,0.6753246753246753,0.6761133603238867,0.6575342465753424,0.6153846153846154,0.7368421052631579,0.7058823529411765,0.6511627906976745,0.3546277485859301,24,10,28,15,,77,0
TaskRes+SAM [original pool],clahe,1000,4,777,patient,0.9375,0.95,0.875,0.875,0.8571428571428571,0.75,1.0,1.0,0.8,0.7745966692414834,3,0,4,1,,8,0
TaskRes+SAM [rescaled pool],clahe,0,4,999,slice,0.7968960863697706,0.7883043794111765,0.6493506493506493,0.6501349527665317,0.6301369863013698,0.5897435897435898,0.7105263157894737,0.6764705882352942,0.627906976744186,0.3023167588519902,23,11,27,16,,77,0
TaskRes+SAM [rescaled pool],clahe,0,4,999,patient,0.8125,0.8928571428571428,0.875,0.875,0.8571428571428571,0.75,1.0,1.0,0.8,0.7745966692414834,3,0,4,1,,8,0
TaskRes+SAM [original pool],clahe,0,4,999,slice,0.7968960863697706,0.7883043794111765,0.6493506493506493,0.6501349527665317,0.6301369863013698,0.5897435897435898,0.7105263157894737,0.6764705882352942,0.627906976744186,0.3023167588519902,23,11,27,16,,77,0
TaskRes+SAM [original pool],clahe,0,4,999,patient,0.8125,0.8928571428571428,0.875,0.875,0.8571428571428571,0.75,1.0,1.0,0.8,0.7745966692414834,3,0,4,1,,8,0
TaskRes+SAM [rescaled pool],clahe,250,4,999,slice,0.7887989203778677,0.7816731889256305,0.6623376623376623,0.6629554655870445,0.6486486486486487,0.6153846153846154,0.7105263157894737,0.6857142857142857,0.6428571428571429,0.3272384761040715,24,11,27,15,,77,0
TaskRes+SAM [rescaled pool],clahe,250,4,999,patient,0.8125,0.8928571428571428,0.875,0.875,0.8571428571428571,0.75,1.0,1.0,0.8,0.7745966692414834,3,0,4,1,,8,0
TaskRes+SAM [original pool],clahe,250,4,999,slice,0.7968960863697706,0.804208343276432,0.6623376623376623,0.6629554655870445,0.6486486486486487,0.6153846153846154,0.7105263157894737,0.6857142857142857,0.6428571428571429,0.3272384761040715,24,11,27,15,,77,0
TaskRes+SAM [original pool],clahe,250,4,999,patient,0.875,0.9166666666666666,0.875,0.875,0.8571428571428571,0.75,1.0,1.0,0.8,0.7745966692414834,3,0,4,1,,8,0
TaskRes+SAM [rescaled pool],clahe,500,4,999,slice,0.786774628879892,0.7791070096846857,0.6753246753246753,0.6757759784075574,0.6666666666666666,0.6410256410256411,0.7105263157894737,0.6944444444444444,0.6585365853658537,0.35226576862991477,25,11,27,14,,77,0
TaskRes+SAM [rescaled pool],clahe,500,4,999,patient,0.8125,0.8928571428571428,0.875,0.875,0.8571428571428571,0.75,1.0,1.0,0.8,0.7745966692414834,3,0,4,1,,8,0
TaskRes+SAM [original pool],clahe,500,4,999,slice,0.7975708502024291,0.8058135523274967,0.6623376623376623,0.6629554655870445,0.6486486486486487,0.6153846153846154,0.7105263157894737,0.6857142857142857,0.6428571428571429,0.3272384761040715,24,11,27,15,,77,0
TaskRes+SAM [original pool],clahe,500,4,999,patient,0.9375,0.95,0.875,0.875,0.8571428571428571,0.75,1.0,1.0,0.8,0.7745966692414834,3,0,4,1,,8,0
TaskRes+SAM [rescaled pool],clahe,750,4,999,slice,0.786774628879892,0.7791070096846857,0.6753246753246753,0.6757759784075574,0.6666666666666666,0.6410256410256411,0.7105263157894737,0.6944444444444444,0.6585365853658537,0.35226576862991477,25,11,27,14,,77,0
TaskRes+SAM [rescaled pool],clahe,750,4,999,patient,0.8125,0.8928571428571428,0.875,0.875,0.8571428571428571,0.75,1.0,1.0,0.8,0.7745966692414834,3,0,4,1,,8,0
TaskRes+SAM [original pool],clahe,750,4,999,slice,0.798582995951417,0.8071064548434276,0.6753246753246753,0.6761133603238867,0.6575342465753424,0.6153846153846154,0.7368421052631579,0.7058823529411765,0.6511627906976745,0.3546277485859301,24,10,28,15,,77,0
TaskRes+SAM [original pool],clahe,750,4,999,patient,0.9375,0.95,0.875,0.875,0.8571428571428571,0.75,1.0,1.0,0.8,0.7745966692414834,3,0,4,1,,8,0
Nearest Centroid [original pool],clahe,750,4,0,slice,0.798582995951417,0.8104505111998795,0.6623376623376623,0.6626180836707153,0.6578947368421053,0.6410256410256411,0.6842105263157895,0.6756756756756757,0.65,0.32545584731740107,25,12,26,14,,77,0
Nearest Centroid [original pool],clahe,750,4,0,patient,0.9375,0.95,0.875,0.875,0.8571428571428571,0.75,1.0,1.0,0.8,0.7745966692414834,3,0,4,1,,8,0
Nearest Centroid [rescaled pool],clahe,500,4,0,slice,0.7881241565452092,0.7987912027060907,0.6753246753246753,0.6754385964912281,0.6753246753246753,0.6666666666666666,0.6842105263157895,0.6842105263157895,0.6666666666666666,0.3508771929824561,26,12,26,13,,77,0
Nearest Centroid [rescaled pool],clahe,500,4,0,patient,0.8125,0.8928571428571428,0.875,0.875,0.8571428571428571,0.75,1.0,1.0,0.8,0.7745966692414834,3,0,4,1,,8,0
Nearest Centroid [original pool],clahe,500,4,0,slice,0.7995951417004049,0.8085638399082321,0.6623376623376623,0.6626180836707153,0.6578947368421053,0.6410256410256411,0.6842105263157895,0.6756756756756757,0.65,0.32545584731740107,25,12,26,14,,77,0
Nearest Centroid [original pool],clahe,500,4,0,patient,0.9375,0.95,0.875,0.875,0.8571428571428571,0.75,1.0,1.0,0.8,0.7745966692414834,3,0,4,1,,8,0
Nearest Centroid [rescaled pool],clahe,750,4,0,slice,0.7874493927125507,0.7984686740816753,0.6753246753246753,0.6754385964912281,0.6753246753246753,0.6666666666666666,0.6842105263157895,0.6842105263157895,0.6666666666666666,0.3508771929824561,26,12,26,13,,77,0
Nearest Centroid [rescaled pool],clahe,750,4,0,patient,0.8125,0.8928571428571428,0.875,0.875,0.8571428571428571,0.75,1.0,1.0,0.8,0.7745966692414834,3,0,4,1,,8,0
Nearest Centroid [original pool],clahe,1000,4,0,slice,0.7979082321187584,0.8094075409102336,0.6623376623376623,0.6629554655870445,0.6486486486486487,0.6153846153846154,0.7105263157894737,0.6857142857142857,0.6428571428571429,0.3272384761040715,24,11,27,15,,77,0
Nearest Centroid [original pool],clahe,1000,4,0,patient,0.9375,0.95,0.875,0.875,0.8571428571428571,0.75,1.0,1.0,0.8,0.7745966692414834,3,0,4,1,,8,0
Nearest Centroid [rescaled pool],clahe,1000,4,0,slice,0.786774628879892,0.7982491833002882,0.6753246753246753,0.6754385964912281,0.6753246753246753,0.6666666666666666,0.6842105263157895,0.6842105263157895,0.6666666666666666,0.3508771929824561,26,12,26,13,,77,0
Nearest Centroid [rescaled pool],clahe,1000,4,0,patient,0.8125,0.8928571428571428,0.875,0.875,0.8571428571428571,0.75,1.0,1.0,0.8,0.7745966692414834,3,0,4,1,,8,0
Nearest Centroid [rescaled pool],clahe,250,4,0,slice,0.7860998650472335,0.7980360545705353,0.6753246753246753,0.6754385964912281,0.6753246753246753,0.6666666666666666,0.6842105263157895,0.6842105263157895,0.6666666666666666,0.3508771929824561,26,12,26,13,,77,0
Nearest Centroid [rescaled pool],clahe,250,4,0,patient,0.8125,0.8928571428571428,0.875,0.875,0.8571428571428571,0.75,1.0,1.0,0.8,0.7745966692414834,3,0,4,1,,8,0
Nearest Centroid [original pool],clahe,0,4,0,slice,0.791497975708502,0.8004905288855195,0.6883116883116883,0.6885964912280702,0.6842105263157895,0.6666666666666666,0.7105263157894737,0.7027027027027027,0.675,0.37744775653615603,26,11,27,13,,77,0
Nearest Centroid [original pool],clahe,0,4,0,patient,0.8125,0.8928571428571428,0.875,0.875,0.8571428571428571,0.75,1.0,1.0,0.8,0.7745966692414834,3,0,4,1,,8,0
TaskRes+SAM [rescaled pool],clahe,1000,4,999,slice,0.7860998650472335,0.7784438797112109,0.6753246753246753,0.6757759784075574,0.6666666666666666,0.6410256410256411,0.7105263157894737,0.6944444444444444,0.6585365853658537,0.35226576862991477,25,11,27,14,,77,0
TaskRes+SAM [rescaled pool],clahe,1000,4,999,patient,0.8125,0.8928571428571428,0.875,0.875,0.8571428571428571,0.75,1.0,1.0,0.8,0.7745966692414834,3,0,4,1,,8,0
TaskRes+SAM [original pool],clahe,1000,4,999,slice,0.7989203778677463,0.8071064548434276,0.6753246753246753,0.6761133603238867,0.6575342465753424,0.6153846153846154,0.7368421052631579,0.7058823529411765,0.6511627906976745,0.3546277485859301,24,10,28,15,,77,0
TaskRes+SAM [original pool],clahe,1000,4,999,patient,0.9375,0.95,0.875,0.875,0.8571428571428571,0.75,1.0,1.0,0.8,0.7745966692414834,3,0,4,1,,8,0
Nearest Centroid [original pool],clahe,250,4,0,slice,0.7952091767881242,0.8046628897644234,0.6753246753246753,0.6754385964912281,0.6753246753246753,0.6666666666666666,0.6842105263157895,0.6842105263157895,0.6666666666666666,0.3508771929824561,26,12,26,13,,77,0
Nearest Centroid [original pool],clahe,250,4,0,patient,0.875,0.9166666666666666,0.875,0.875,0.8571428571428571,0.75,1.0,1.0,0.8,0.7745966692414834,3,0,4,1,,8,0
Nearest Centroid [rescaled pool],clahe,0,4,0,slice,0.791497975708502,0.8007166709027064,0.6883116883116883,0.6885964912280702,0.6842105263157895,0.6666666666666666,0.7105263157894737,0.7027027027027027,0.675,0.37744775653615603,26,11,27,13,,77,0
Nearest Centroid [rescaled pool],clahe,0,4,0,patient,0.8125,0.8928571428571428,0.875,0.875,0.8571428571428571,0.75,1.0,1.0,0.8,0.7745966692414834,3,0,4,1,,8,0
